body,task,disturbance,seed,controller,success,workflow_completed,stage_pass_rate,final_relation_error,final_object_error,final_object_speed,deadline_steps,steps_used,recoveries,localized_failure,exception_type,contract_hash,min_joint_limit_margin,final_min_jacobian_singular_value,energy,reflex_steps,predictive_checks,predictive_rejections,predictive_accepts,push_stage_reached,push_stage_sensed_stable,observer_checks,observer_rejections,observer_accepts,push_steps,push_torque_saturation_fraction,push_contact_fraction,push_contact_losses,push_progress,push_mean_tangent_force,push_min_jacobian_singular_value,push_min_joint_limit_margin
arm5_reference,push_to_zone,nominal,23001,v1,True,True,1.0,0.023510798112035512,0.023510798112035512,0.0002320315451834621,720,720,0,False,,2ebd5a46a509772b,0.6296500558574829,0.2146398565276534,18.496734161421923,0,0,0,0,True,True,29,4,25,157,0.0,0.6178343949044586,25,0.1811931259728383,0.8221112021316356,0.21595923783032064,0.40981782360312247
arm5_reference,push_to_zone,nominal,23002,v1,True,True,1.0,0.011407341455353031,0.011407341455353031,0.0002802783799492706,720,720,0,False,,2ebd5a46a509772b,0.5992777710566171,0.21310629659306501,19.779519825350107,0,0,0,0,True,True,30,4,26,176,0.0,0.6477272727272727,29,0.1946885824459656,1.002254034598434,0.2140206633537548,0.37090825777735903
arm5_reference,push_to_zone,nominal,23003,v1,True,True,1.0,0.033501983184894106,0.033501983184894106,3.40883238391862e-11,720,720,0,False,,2ebd5a46a509772b,0.6303083642625604,0.21921901117771905,22.310901434251257,0,0,0,0,True,True,31,4,27,135,0.0,0.5777777777777777,20,0.1552329271515795,0.9314232672256962,0.22009358937178775,0.3776127385682546
arm5_reference,push_to_zone,nominal,23004,v1,True,True,1.0,0.030498723778608794,0.030498723778608794,1.1742399326510956e-11,720,720,0,False,,2ebd5a46a509772b,0.6775193361217071,0.22210711615947537,21.241682635056844,0,0,0,0,True,True,28,4,24,140,0.0,0.6285714285714286,20,0.1593218807189907,0.9463060132313746,0.2242263432959151,0.41731641749334436
arm5_reference,push_to_zone,nominal,23005,v1,True,True,1.0,0.018324404813910698,0.018324404813910698,0.00028285213550269164,720,720,0,False,,2ebd5a46a509772b,0.6886181536326217,0.22240345666162298,20.245465744790906,0,0,0,0,True,True,36,6,30,161,0.0,0.6894409937888198,26,0.18912088616770054,1.0904990106584944,0.2252088036251543,0.47152080535401675
arm5_reference,push_to_zone,nominal,23006,v1,True,True,1.0,0.01051484214090279,0.01051484214090279,0.0002563641947872818,720,720,0,False,,2ebd5a46a509772b,0.6285350668654415,0.21684488112754405,19.199549275607986,0,0,0,0,True,True,43,6,37,154,0.0,0.7467532467532467,24,0.18123756522897425,0.9710868077886297,0.21736541275079432,0.40204823174049187
arm5_reference,push_to_zone,nominal,23007,v1,True,True,1.0,0.007115287668525541,0.007115287668525541,0.0001985439228468587,720,720,0,False,,2ebd5a46a509772b,0.7270312539735047,0.22538516731396524,20.80605207627161,0,0,0,0,True,True,32,4,28,137,0.0,0.6058394160583942,21,0.18589012384776982,0.8767181626866151,0.22642837285335787,0.49614698454685113
arm5_reference,push_to_zone,nominal,23008,v1,True,True,1.0,0.015725016611776877,0.015725016611776877,2.4684514526999814e-09,720,720,0,False,,2ebd5a46a509772b,0.7400482040050642,0.2336353525106025,21.52273909909235,0,0,0,0,True,True,24,3,21,133,0.0,0.48872180451127817,20,0.17648361181587954,0.8256186068603933,0.2346810874147771,0.49235919815259077
arm5_reference,push_to_zone,nominal,23009,v1,True,True,1.0,0.017803093961861423,0.017803093961861423,0.00016266958290927507,720,720,0,False,,2ebd5a46a509772b,0.6702465055616416,0.225169286916996,19.05770150008203,0,0,0,0,True,True,26,4,22,130,0.0,0.6307692307692307,23,0.1689826317077504,0.8526628576829378,0.22657261002379953,0.444201432141726
arm5_reference,push_to_zone,nominal,23010,v1,True,True,1.0,0.010372255987370904,0.010372255987370904,0.00022153483058667107,720,720,0,False,,2ebd5a46a509772b,0.7128896960589053,0.22338844453795126,18.655739698637085,0,0,0,0,True,True,33,5,28,143,0.0,0.6713286713286714,18,0.18359059462354907,0.9080799205762232,0.22457669171727518,0.4957635283584936
arm5_reference,push_to_zone,nominal,23011,v1,True,True,1.0,0.01116251486624797,0.01116251486624797,0.00020098673428240084,720,720,0,False,,2ebd5a46a509772b,0.839167311534323,0.24673556234349883,21.269121065148052,0,0,0,0,True,True,36,6,30,146,0.0,0.6643835616438356,26,0.1996298925658468,0.8606491571801613,0.24754282678603615,0.6042811440514435
arm5_reference,push_to_zone,nominal,23012,v1,True,True,1.0,0.008530147264207347,0.008530147264207347,0.0002392899652074696,720,720,0,False,,2ebd5a46a509772b,0.699212036745176,0.22343883887331173,18.528963113589892,0,0,0,0,True,True,30,5,25,162,0.0,0.7098765432098766,25,0.19813544665064894,0.868732464198458,0.22426278389481916,0.48513002523481186
arm5_reference,push_to_zone,nominal,23013,v1,True,True,1.0,0.02225730365898032,0.02225730365898032,0.00015729779274891267,720,720,0,False,,2ebd5a46a509772b,0.6787757638843028,0.2225492324828346,19.87912065869183,0,0,0,0,True,True,29,4,25,143,0.0,0.6433566433566433,23,0.18179829562173447,0.660442547107397,0.22336358974036266,0.44687029843685444
arm5_reference,push_to_zone,nominal,23014,v1,True,True,1.0,0.028661724850584262,0.028661724850584262,3.69961289969996e-08,720,720,0,False,,2ebd5a46a509772b,0.708995366113391,0.22704909167329204,21.554438398021258,0,0,0,0,True,True,36,7,29,153,0.0,0.6797385620915033,21,0.18158698390932138,1.0220591394974583,0.2299711661460612,0.48170310063845845
arm5_reference,push_to_zone,nominal,23015,v1,True,True,1.0,0.022728110619376008,0.022728110619376008,0.00011712198738346036,720,720,0,False,,2ebd5a46a509772b,0.7327562761128927,0.23146783122649658,19.919837951833628,0,0,0,0,True,True,33,5,28,130,0.0,0.6307692307692307,18,0.16583849577126472,0.9068526227237561,0.23418980617116855,0.5025088316273925
arm5_reference,push_to_zone,nominal,23016,v1,True,True,1.0,0.018391025734320197,0.018391025734320197,0.0001693569510524363,720,720,0,False,,2ebd5a46a509772b,0.7250064691743394,0.23029020795911084,22.02865369593475,0,0,0,0,True,True,38,6,32,166,0.0,0.6385542168674698,26,0.1903885790671123,1.0126355527853057,0.2307976648955499,0.4910014217740546
arm5_reference,push_to_zone,nominal,23017,v1,True,True,1.0,0.03548419873936362,0.03548419873936362,1.3855975656018655e-11,720,720,0,False,,2ebd5a46a509772b,0.7566227012537756,0.2313332648318587,20.558361434276307,0,0,0,0,True,True,30,5,25,142,0.0,0.5704225352112676,20,0.16998365107560065,0.7391743934878132,0.2335961669678228,0.5109665994091879
arm5_reference,push_to_zone,nominal,23018,v1,True,True,1.0,0.036354207607374664,0.036354207607374664,6.840670255294637e-12,720,720,0,False,,2ebd5a46a509772b,0.7358149107975875,0.23702012687431617,21.990572853970917,0,0,0,0,True,True,28,5,23,152,0.006578947368421052,0.618421052631579,20,0.17506072603074999,0.9175221873135081,0.23954274841447298,0.5033177572337486
arm5_reference,push_to_zone,nominal,23019,v1,True,True,1.0,0.022500851094462055,0.022500851094462055,0.00011341963579534756,720,720,0,False,,2ebd5a46a509772b,0.704690573337019,0.22956820684439116,20.952992414983367,0,0,0,0,True,True,32,6,26,138,0.0,0.5362318840579711,20,0.17593542739598428,0.786517166328016,0.23035389834984246,0.4716361081643443
arm5_reference,push_to_zone,nominal,23020,v1,True,True,1.0,0.007149177208799041,0.007149177208799041,0.00022316489334737945,720,720,0,False,,2ebd5a46a509772b,0.6928280170664647,0.2282560444927342,20.121734649496616,0,0,0,0,True,True,27,4,23,150,0.0,0.66,25,0.19583853874778562,0.9396022240724787,0.22939443327288714,0.4841104810817787
arm5_reference,push_to_zone,nominal,23021,v1,True,True,1.0,0.019117385628367498,0.019117385628367498,0.0001744576018299611,720,720,0,False,,2ebd5a46a509772b,0.7128755282823902,0.22758354247420412,19.828216408369943,0,0,0,0,True,True,26,4,22,149,0.0,0.7046979865771812,19,0.1722568966643824,1.1700073069923853,0.2288949889324311,0.4927882498243932
arm5_reference,push_to_zone,nominal,23022,v1,True,True,1.0,0.008998008029839721,0.008998008029839721,0.00027609288087349955,720,720,0,False,,2ebd5a46a509772b,0.6741358777335598,0.2203017944353172,18.360269300168625,0,0,0,0,True,True,27,4,23,164,0.0,0.6890243902439024,25,0.2007669271405578,0.8545472025836309,0.2210218417691882,0.4901648780202499
arm5_reference,push_to_zone,nominal,23023,v1,True,True,1.0,0.011137890193444583,0.011137890193444583,0.0001561912146735622,720,720,0,False,,2ebd5a46a509772b,0.7884344139258181,0.23463311096298697,21.120967712213147,0,0,0,0,True,True,34,4,30,129,0.0,0.6356589147286822,19,0.1773921077733732,0.9346044232196903,0.23660640867404267,0.552600955559905
arm5_reference,push_to_zone,nominal,23024,v1,True,True,1.0,0.03494015178952334,0.03494015178952334,9.696727899351425e-05,720,720,0,False,,2ebd5a46a509772b,0.7089812433818419,0.22768933846911454,19.716301880854935,0,0,0,0,True,True,28,4,24,149,0.0,0.6510067114093959,24,0.174284239003582,0.8693717203531188,0.22919671333685743,0.47028245776995004
arm5_reference,push_to_zone,low_friction,23001,v1,True,True,1.0,0.012469125009218655,0.012469125009218655,0.0006832401143618284,720,720,0,False,,2ebd5a46a509772b,0.6976449206432083,0.22701205908753264,20.683021247295773,0,0,0,0,True,True,35,10,25,182,0.0,0.7417582417582418,29,0.19890859496853566,0.9767671414027439,0.22118180244012875,0.48847856451412497
arm5_reference,push_to_zone,low_friction,23002,v1,True,True,1.0,0.023168323224587048,0.023168323224587048,2.7576549933265915e-08,720,720,0,False,,2ebd5a46a509772b,0.7029320329144109,0.23040206236723537,24.602098747930274,0,0,0,0,True,True,36,8,28,176,0.0,0.6136363636363636,27,0.18216090382638878,0.8822295490838326,0.2243798604131334,0.4401222932757669
arm5_reference,push_to_zone,low_friction,23003,v1,True,True,1.0,0.020551888325489612,0.020551888325489612,0.00021528508129357767,720,720,0,False,,2ebd5a46a509772b,0.7292323768395108,0.23549601436108736,25.433679920103316,0,0,0,0,True,True,40,9,31,153,0.0,0.5882352941176471,22,0.17456479075285755,0.8849001774767837,0.23125083919100595,0.4966888181174447
arm5_reference,push_to_zone,low_friction,23004,v1,True,True,1.0,0.009659761653249829,0.009659761653249829,6.42822173341812e-05,720,720,0,False,,2ebd5a46a509772b,0.7594849178352532,0.235955776906388,23.134108987245245,0,0,0,0,True,True,37,9,28,161,0.0,0.6832298136645962,27,0.1874270493316294,0.9049884849335132,0.23130879245568595,0.522360333242244
arm5_reference,push_to_zone,low_friction,23005,v1,True,True,1.0,0.005977188632288352,0.005977188632288352,0.00036948981637151935,720,720,0,False,,2ebd5a46a509772b,0.7529355521813779,0.23375623423531913,22.583286172969853,0,0,0,0,True,True,29,6,23,163,0.0,0.6687116564417178,24,0.1983281077855288,0.8690023808344268,0.22890995882590984,0.5283655864229515
arm5_reference,push_to_zone,low_friction,23006,v1,True,True,1.0,0.026808433803165926,0.026808433803165926,7.030525720846309e-08,720,720,0,False,,2ebd5a46a509772b,0.7439160040649813,0.23615364136569564,25.010827674725927,0,0,0,0,True,True,42,9,33,162,0.0,0.6419753086419753,24,0.17408904721730906,0.9983806564958196,0.23246945999968266,0.4988983019810971
arm5_reference,push_to_zone,low_friction,23007,v1,True,True,1.0,0.009897242873009126,0.009897242873009126,7.001107550973573e-05,720,720,0,False,,2ebd5a46a509772b,0.8052088327673195,0.23901949488763574,22.821829880398973,0,0,0,0,True,True,36,10,26,152,0.0,0.6842105263157895,20,0.1870649088139915,0.8242635109188744,0.23461361149311885,0.5816543210567509
arm5_reference,push_to_zone,low_friction,23008,v1,True,True,1.0,0.006421287206896931,0.006421287206896931,2.9286727101610976e-05,720,720,0,False,,2ebd5a46a509772b,0.7984513776312179,0.24394030679572953,24.757696042027916,0,0,0,0,True,True,37,8,29,140,0.0,0.5928571428571429,19,0.19430764611294168,0.7422169614538668,0.2410527905523055,0.5794700978932843
arm5_reference,push_to_zone,low_friction,23009,v1,True,True,1.0,0.00950855325868468,0.00950855325868468,0.00010373301579483565,720,720,0,False,,2ebd5a46a509772b,0.7324260010999275,0.2363982643556271,22.492990829568054,0,0,0,0,True,True,44,8,36,147,0.0,0.6598639455782312,26,0.1805581405213758,0.9554458041748028,0.23382373095379255,0.5247913145998413
arm5_reference,push_to_zone,low_friction,23010,v1,True,True,1.0,0.009582665181727047,0.009582665181727047,6.934272198830706e-05,720,720,0,False,,2ebd5a46a509772b,0.7946601969967841,0.23802371320280033,22.823759280558388,0,0,0,0,True,True,36,10,26,165,0.0,0.6848484848484848,24,0.19160785408574132,0.9563375557998687,0.23397680938336338,0.582691408257491
arm5_reference,push_to_zone,low_friction,23011,v1,True,True,1.0,0.007671440475947651,0.007671440475947651,0.0005471461363678817,720,720,0,False,,2ebd5a46a509772b,0.9091239667253406,0.25823191409791274,28.380333707444535,0,0,0,0,True,True,35,10,25,156,0.01282051282051282,0.5833333333333334,20,0.1952397356521886,0.8681954556470108,0.25608984391749184,0.6615584219787727
arm5_reference,push_to_zone,low_friction,23012,v1,True,True,1.0,0.0064391000494395945,0.0064391000494395945,1.5170635115096906e-05,720,720,0,False,,2ebd5a46a509772b,0.7578614443544569,0.2343561344020931,22.008820246290135,0,0,0,0,True,True,31,7,24,167,0.0,0.6586826347305389,23,0.1967770413248835,0.9363327573659926,0.22972807340824544,0.5396550628939099
arm5_reference,push_to_zone,low_friction,23013,v1,True,True,1.0,0.01203349067809867,0.01203349067809867,0.0008603103301914762,720,720,0,False,,2ebd5a46a509772b,0.7273988129724707,0.23162371134206233,21.93660270092293,0,0,0,0,True,True,36,9,27,165,0.0,0.7272727272727273,26,0.19312608655990418,0.90548990559415,0.2272360160559082,0.5257449951855744
arm5_reference,push_to_zone,low_friction,23014,v1,True,True,1.0,0.00641326292609723,0.00641326292609723,0.0004247877357646297,720,720,0,False,,2ebd5a46a509772b,0.7422795240249664,0.23333574273583638,22.277876443112202,0,0,0,0,True,True,39,12,27,159,0.0,0.6855345911949685,24,0.19671957543332325,0.8994807720862296,0.22913293548992336,0.5355628288856127
arm5_reference,push_to_zone,low_friction,23015,v1,True,True,1.0,0.017039080013535716,0.017039080013535716,0.0008536315431388843,720,720,0,False,,2ebd5a46a509772b,0.8117755849725388,0.24514682686710393,24.146884115888327,0,0,0,0,True,True,31,7,24,151,0.0,0.6158940397350994,23,0.18223396687958562,1.002871565736128,0.24232156402438051,0.5762044012256413
arm5_reference,push_to_zone,low_friction,23016,v1,True,True,1.0,0.013661513998809443,0.013661513998809443,7.568938509373877e-05,720,720,0,False,,2ebd5a46a509772b,0.7794315083287682,0.23963142892731643,23.537218593182722,0,0,0,0,True,True,37,11,26,151,0.0,0.6688741721854304,25,0.185325720765626,0.8894312594518221,0.23631448094766488,0.5581385829422301
arm5_reference,push_to_zone,low_friction,23017,v1,True,True,1.0,0.022620810663959476,0.022620810663959476,1.464046899043974e-06,720,720,0,False,,2ebd5a46a509772b,0.8084855511508042,0.24092503168545548,22.829395217296085,0,0,0,0,True,True,38,11,27,150,0.0,0.5933333333333334,23,0.17785846464661947,0.8157271354642035,0.23673119167696718,0.5770122324315397
arm5_reference,push_to_zone,low_friction,23018,v1,True,True,1.0,0.03776463959345768,0.03776463959345768,0.08455051386317268,720,720,0,False,,2ebd5a46a509772b,0.7643830298521133,0.24267876954087997,24.74009413142419,0,0,0,0,True,True,47,11,36,157,0.0,0.5987261146496815,26,0.16951639497593762,0.7592777468632627,0.23988770364567785,0.5581944678060267
arm5_reference,push_to_zone,low_friction,23019,v1,True,True,1.0,0.024679900787608636,0.024679900787608636,1.1679989113610793e-05,720,720,0,False,,2ebd5a46a509772b,0.7831425081194943,0.24278780219774787,25.25359605718542,0,0,0,0,True,True,31,9,22,153,0.0,0.5555555555555556,21,0.17316917243827967,0.9048602587872635,0.2392032220478773,0.5484322579128702
arm5_reference,push_to_zone,low_friction,23020,v1,True,True,1.0,0.01005644718751696,0.01005644718751696,0.00014372574036677387,720,720,0,False,,2ebd5a46a509772b,0.7521899912279593,0.23890716518183303,23.554647985107163,0,0,0,0,True,True,37,9,28,147,0.0,0.5918367346938775,21,0.18544198666240122,0.886180063911702,0.23679311544997425,0.5413264221444196
arm5_reference,push_to_zone,low_friction,23021,v1,True,True,1.0,0.010068912336983284,0.010068912336983284,0.0006503038323946398,720,720,0,False,,2ebd5a46a509772b,0.7753751419854873,0.23948112787716472,22.26842038543908,0,0,0,0,True,True,38,10,28,157,0.0,0.6815286624203821,22,0.18800978656351378,0.998168751827305,0.2365213004202734,0.5781197920624197
arm5_reference,push_to_zone,low_friction,23022,v1,True,True,1.0,0.008396074967827143,0.008396074967827143,0.000834919677454594,720,720,0,False,,2ebd5a46a509772b,0.7401784843214121,0.23253515770446262,22.908151127935177,0,0,0,0,True,True,32,9,23,179,0.0,0.7094972067039106,31,0.20804379253962882,0.8114875587211197,0.22812603342621723,0.5489445181343502
arm5_reference,push_to_zone,low_friction,23023,v1,True,True,1.0,0.018275178890490115,0.018275178890490115,9.952550315781098e-06,720,720,0,False,,2ebd5a46a509772b,0.8688089200723041,0.24831328981858897,24.454700711455104,0,0,0,0,True,True,42,9,33,146,0.0,0.6643835616438356,20,0.1763299221645512,1.016616526421594,0.24595662203225566,0.6447926597467291
arm5_reference,push_to_zone,low_friction,23024,v1,True,True,1.0,0.013268229178900137,0.013268229178900137,0.000311371151165512,720,720,0,False,,2ebd5a46a509772b,0.7489636730829159,0.23531655378412025,21.365685570464148,0,0,0,0,True,True,38,10,28,156,0.0,0.6923076923076923,23,0.19062594303506708,0.8532541308059339,0.23177777380807305,0.5507302125324278
arm5_reference,push_to_zone,latency_load,23001,v1,False,False,0.3333333333333333,0.42915678722650175,0.42915678722650175,0.039956585869407805,720,225,0,True,stage_timeout,2ebd5a46a509772b,0.3467271615413634,0.19600064908940876,31.403362391431905,0,0,0,0,False,False,43,13,30,0,0.0,0.0,0,0.0,0.0,nan,nan
arm5_reference,push_to_zone,latency_load,23002,v1,False,False,0.6666666666666666,0.009009284386887497,0.009009284386887497,0.07084988318213868,720,388,0,True,false_terminal_accept,2ebd5a46a509772b,0.7568979457607159,0.2407240404334465,39.57434339092558,0,0,0,0,True,True,43,12,31,201,0.0,0.7014925373134329,30,0.22689943881693475,0.9678458602189789,0.2402585596315639,0.6153758765690798
arm5_reference,push_to_zone,latency_load,23003,v1,True,True,1.0,0.021566643980348285,0.021566643980348285,1.5857398569455427e-11,720,720,0,False,,2ebd5a46a509772b,0.8898489339740743,0.25796206939751454,44.44738163219478,0,0,0,0,True,True,39,10,29,175,0.017142857142857144,0.6057142857142858,27,0.19537496550980948,0.8975435936916849,0.25558310701544434,0.6624337023514868
arm5_reference,push_to_zone,latency_load,23004,v1,True,True,1.0,0.017417972340038442,0.017417972340038442,0.00029604949437251834,720,720,0,False,,2ebd5a46a509772b,0.8634888124598274,0.2504882020443669,35.62880478034392,0,0,0,0,True,True,56,16,40,184,0.0,0.6739130434782609,29,0.21759517645741133,0.9335067493017017,0.2494696307748488,0.6739653614791323
arm5_reference,push_to_zone,latency_load,23005,v1,True,True,1.0,0.009097630309928481,0.009097630309928481,0.0011115643658623554,720,720,0,False,,2ebd5a46a509772b,0.8867859426323739,0.25359880558579734,37.12088988970928,0,0,0,0,True,True,38,5,33,251,0.0,0.6932270916334662,39,0.30958502710639646,0.8831306249754269,0.25315569418715217,0.7199847761817533
arm5_reference,push_to_zone,latency_load,23006,v1,True,True,1.0,0.014881088121805023,0.014881088121805023,5.629016953018219e-11,720,720,0,False,,2ebd5a46a509772b,0.8673883630061532,0.2538797373865538,42.945121997235866,0,0,0,0,True,True,43,9,34,165,0.0,0.5454545454545454,23,0.20574780114934452,0.7862513268762651,0.24965493078551437,0.6425465841704203
arm5_reference,push_to_zone,latency_load,23007,v1,True,True,1.0,0.012092005902168806,0.012092005902168806,6.4453340292156055e-12,720,720,0,False,,2ebd5a46a509772b,0.9452911141481899,0.2584899803036996,41.85258675268993,0,0,0,0,True,True,47,12,35,174,0.0,0.6264367816091954,23,0.2177089915689827,0.9840735929649248,0.2562470407859073,0.7291590672786912
arm5_reference,push_to_zone,latency_load,23008,v1,True,True,1.0,0.03384463987445503,0.03384463987445503,6.441678088508076e-11,720,720,0,False,,2ebd5a46a509772b,0.9262658648291842,0.2615150416520015,42.198597145527536,0,0,0,0,True,True,72,15,57,181,0.0,0.5966850828729282,25,0.2020318694618276,0.9558683290221688,0.2608399245642247,0.712196074535794
arm5_reference,push_to_zone,latency_load,23009,v1,True,True,1.0,0.00601028090623334,0.00601028090623334,0.00040729844207062447,720,720,0,False,,2ebd5a46a509772b,0.8473020951886556,0.25316006573188476,37.697473969970076,0,0,0,0,True,True,51,13,38,151,0.0,0.6688741721854304,23,0.1944440091865875,0.7226942644122007,0.25224091731718473,0.6761473050440241
arm5_reference,push_to_zone,latency_load,23010,v1,True,True,1.0,0.009058267489763933,0.009058267489763933,0.0011748907227090858,720,720,0,False,,2ebd5a46a509772b,0.9013349259910175,0.2536115267931949,36.97285449909651,0,0,0,0,True,True,55,9,46,213,0.0,0.704225352112676,35,0.25107067381839693,0.9531966271191562,0.25274782222026543,0.7403951424894979
arm5_reference,push_to_zone,latency_load,23011,v1,True,True,1.0,0.03601021534463373,0.03601021534463373,4.196576082767962e-11,720,720,0,False,,2ebd5a46a509772b,1.000854191974144,0.2697287127073292,42.646112341666196,0,0,0,0,True,True,50,8,42,144,0.0,0.5763888888888888,20,0.16082241775640962,0.8260178389780147,0.26937209737929285,0.8021692643951801
arm5_reference,push_to_zone,latency_load,23012,v1,True,True,1.0,0.02925521213358221,0.02925521213358221,3.8739704597449793e-11,720,720,0,False,,2ebd5a46a509772b,0.8724103094706424,0.2514144453316754,39.89461595010287,0,0,0,0,True,True,34,12,22,183,0.0,0.6612021857923497,25,0.1890097247754272,0.9981256425379601,0.2473528528806073,0.7075750593583758
arm5_reference,push_to_zone,latency_load,23013,v1,True,True,1.0,0.02363106215966221,0.02363106215966221,9.647174435204664e-05,720,720,0,False,,2ebd5a46a509772b,0.8397960410424026,0.24809710527193637,34.5350347928646,0,0,0,0,True,True,48,11,37,184,0.0,0.7119565217391305,28,0.20941506325374049,0.8659029040730403,0.24679469842613005,0.6881116291401721
arm5_reference,push_to_zone,latency_load,23014,v1,False,False,0.3333333333333333,0.313386556391991,0.313386556391991,0.0166159046228681,720,214,0,True,stage_timeout,2ebd5a46a509772b,0.7083897692979155,0.28632518965124776,31.772940711066685,0,0,0,0,False,False,56,7,49,0,0.0,0.0,0,0.0,0.0,nan,nan
arm5_reference,push_to_zone,latency_load,23015,v1,True,True,1.0,0.019747801048313907,0.019747801048313907,0.002231162585348149,720,720,0,False,,2ebd5a46a509772b,0.8843924260772673,0.2552300668878529,34.73713221977723,0,0,0,0,True,True,57,11,46,164,0.0,0.6524390243902439,22,0.20064752819361475,0.8871463416623933,0.25546473243314494,0.7039538655493867
arm5_reference,push_to_zone,latency_load,23016,v1,True,True,1.0,0.01731445175112247,0.01731445175112247,3.851256660676078e-12,720,720,0,False,,2ebd5a46a509772b,0.9552247708973651,0.26381569181464265,42.78073768509168,0,0,0,0,True,True,49,8,41,239,0.0,0.6443514644351465,38,0.2834237047996809,0.9029512045959269,0.2625075660732841,0.7257639085376475
arm5_reference,push_to_zone,latency_load,23017,v1,True,True,1.0,0.005905499825846858,0.005905499825846858,0.00032420952324407854,720,720,0,False,,2ebd5a46a509772b,0.9082740936425255,0.2550724201100211,36.44033086457731,0,0,0,0,True,True,50,12,38,182,0.0,0.6593406593406593,24,0.21807080691660785,1.0200831194635671,0.2535970961090104,0.7299137622323686
arm5_reference,push_to_zone,latency_load,23018,v1,False,False,0.3333333333333333,0.3259290715156763,0.3259290715156763,0.015301465544044672,720,215,0,True,stage_timeout,2ebd5a46a509772b,0.6636493930715064,0.2785765914891834,31.490588015801734,0,0,0,0,False,False,48,11,37,0,0.0,0.0,0,0.0,0.0,nan,nan
arm5_reference,push_to_zone,latency_load,23019,v1,True,True,1.0,0.01860613632604093,0.01860613632604093,4.47408798408774e-05,720,720,0,False,,2ebd5a46a509772b,0.8908156996269083,0.25757555956642997,38.714728153300605,0,0,0,0,True,True,44,11,33,141,0.0,0.6170212765957447,20,0.18427745762450592,0.8699010491535486,0.256899025301559,0.6865080630537408
arm5_reference,push_to_zone,latency_load,23020,v1,True,True,1.0,0.013440524275487798,0.013440524275487798,0.00019509857719273455,720,720,0,False,,2ebd5a46a509772b,0.8412457774509137,0.2516441328549368,36.25019273894292,0,0,0,0,True,True,54,12,42,171,0.0,0.6900584795321637,26,0.20423937813369125,0.9719590040455828,0.25199212603115007,0.6765364333311568
arm5_reference,push_to_zone,latency_load,23021,v1,True,True,1.0,0.007130800294698785,0.007130800294698785,0.00046749298176570087,720,720,0,False,,2ebd5a46a509772b,0.8895867928689247,0.25645143312067237,37.773822559588936,0,0,0,0,True,True,58,15,43,195,0.0,0.6153846153846154,30,0.249756453232849,0.863201882531114,0.25683049124901075,0.7090665263164166
arm5_reference,push_to_zone,latency_load,23022,v1,True,True,1.0,0.02467461817182217,0.02467461817182217,7.361310138207096e-07,720,720,0,False,,2ebd5a46a509772b,0.8444798498627595,0.24829285450472013,36.88500833243055,0,0,0,0,True,True,47,9,38,181,0.0,0.6795580110497238,27,0.20195619622960348,0.9332286866854614,0.2456317008531903,0.703410810843013
arm5_reference,push_to_zone,latency_load,23023,v1,True,True,1.0,0.011665016631675495,0.011665016631675495,1.805346878591255e-11,720,720,0,False,,2ebd5a46a509772b,0.9974479363568878,0.265230272002361,40.6422289047598,0,0,0,0,True,True,52,8,44,156,0.0,0.5512820512820513,23,0.20402882006355083,0.7959251575058273,0.26338481494465443,0.7661864556899927
arm5_reference,push_to_zone,latency_load,23024,v1,True,True,1.0,0.013873567256073548,0.013873567256073548,0.0005925629034035049,720,720,0,False,,2ebd5a46a509772b,0.8993529614135265,0.2571217195280869,38.27281918360466,0,0,0,0,True,True,42,6,36,190,0.0,0.5894736842105263,27,0.24215093074657448,0.8052475781215848,0.25659991702787,0.7105661518672877
arm5_reference,push_to_zone,severe,23001,v1,False,False,0.0,0.19608567980304753,0.19608567980304753,3.5443283909622096e-11,720,135,0,True,stage_timeout,2ebd5a46a509772b,0.7864291552308194,0.2844236802567871,136.70616359020897,0,0,0,0,False,False,0,0,0,0,0.0,0.0,0,0.0,0.0,nan,nan
arm5_reference,push_to_zone,severe,23002,v1,False,False,0.0,0.20338002486828877,0.20338002486828877,4.889157745928703e-08,720,135,0,True,stage_timeout,2ebd5a46a509772b,0.7642265234540546,0.28200315824804933,136.80164285499424,0,0,0,0,False,False,0,0,0,0,0.0,0.0,0,0.0,0.0,nan,nan
arm5_reference,push_to_zone,severe,23003,v1,False,False,0.0,0.2517098986403912,0.2517098986403912,5.136945447307281e-11,720,135,0,True,stage_timeout,2ebd5a46a509772b,0.8215871463863489,0.28427588498447276,141.30734296763038,0,0,0,0,False,False,0,0,0,0,0.0,0.0,0,0.0,0.0,nan,nan
arm5_reference,push_to_zone,severe,23004,v1,False,False,0.0,0.241407748073096,0.241407748073096,8.760694274874964e-08,720,135,0,True,stage_timeout,2ebd5a46a509772b,0.8368886273788751,0.28488946936462395,140.02043902701004,0,0,0,0,False,False,0,0,0,0,0.0,0.0,0,0.0,0.0,nan,nan
arm5_reference,push_to_zone,severe,23005,v1,False,False,0.0,0.25518471379387836,0.25518471379387836,9.015403835245676e-08,720,135,0,True,stage_timeout,2ebd5a46a509772b,0.8169276833228074,0.2858393236292228,139.722850512875,0,0,0,0,False,False,0,0,0,0,0.0,0.0,0,0.0,0.0,nan,nan
arm5_reference,push_to_zone,severe,23006,v1,False,False,0.0,0.2315460862750827,0.2315460862750827,3.059175844989642e-07,720,135,0,True,stage_timeout,2ebd5a46a509772b,0.7880707773999158,0.28458542801662634,137.74696435775272,0,0,0,0,False,False,0,0,0,0,0.0,0.0,0,0.0,0.0,nan,nan
arm5_reference,push_to_zone,severe,23007,v1,False,False,0.0,0.23395226555159,0.23395226555159,5.5096029712273785e-11,720,135,0,True,stage_timeout,2ebd5a46a509772b,0.8905050730376389,0.28659932102388047,145.01840011848654,0,0,0,0,False,False,0,0,0,0,0.0,0.0,0,0.0,0.0,nan,nan
arm5_reference,push_to_zone,severe,23008,v1,False,False,0.0,0.26949333745410436,0.26949333745410436,2.0589287070522177e-07,720,135,0,True,stage_timeout,2ebd5a46a509772b,0.8337474942313712,0.284486252871375,139.3552864774209,0,0,0,0,False,False,0,0,0,0,0.0,0.0,0,0.0,0.0,nan,nan
arm5_reference,push_to_zone,severe,23009,v1,False,False,0.0,0.22595258050963182,0.22595258050963182,3.3102026349547205e-11,720,135,0,True,stage_timeout,2ebd5a46a509772b,0.7805075645066086,0.28180450610633906,136.19570553838545,0,0,0,0,False,False,0,0,0,0,0.0,0.0,0,0.0,0.0,nan,nan
arm5_reference,push_to_zone,severe,23010,v1,False,False,0.0,0.22243883460127822,0.22243883460127822,1.3658202124256154e-07,720,135,0,True,stage_timeout,2ebd5a46a509772b,0.8453822268721587,0.28655084328476493,141.4117880022027,0,0,0,0,False,False,0,0,0,0,0.0,0.0,0,0.0,0.0,nan,nan
arm5_reference,push_to_zone,severe,23011,v1,False,False,0.0,0.27791631390959176,0.27791631390959176,0.15084352623883066,720,135,0,True,stage_timeout,2ebd5a46a509772b,0.8703754026880022,0.28200464348538434,140.0271149839555,0,0,0,0,False,False,0,0,0,0,0.0,0.0,0,0.0,0.0,nan,nan
arm5_reference,push_to_zone,severe,23012,v1,False,False,0.0,0.22482668102232686,0.22482668102232686,0.08267007842140653,720,135,0,True,stage_timeout,2ebd5a46a509772b,0.7995436272016292,0.28426661052078744,138.15120859631745,0,0,0,0,False,False,0,0,0,0,0.0,0.0,0,0.0,0.0,nan,nan
arm5_reference,push_to_zone,severe,23013,v1,False,False,0.0,0.23903764357087812,0.23903764357087812,3.954746343623538e-11,720,135,0,True,stage_timeout,2ebd5a46a509772b,0.8193893869401982,0.2859174291713134,141.97476306076123,0,0,0,0,False,False,0,0,0,0,0.0,0.0,0,0.0,0.0,nan,nan
arm5_reference,push_to_zone,severe,23014,v1,False,False,0.0,0.2034010220584128,0.2034010220584128,0.14612977842996933,720,135,0,True,stage_timeout,2ebd5a46a509772b,0.825695290291173,0.28557609835850084,140.99383873112365,0,0,0,0,False,False,0,0,0,0,0.0,0.0,0,0.0,0.0,nan,nan
arm5_reference,push_to_zone,severe,23015,v1,False,False,0.0,0.2290367123394645,0.2290367123394645,3.807411223498406e-11,720,135,0,True,stage_timeout,2ebd5a46a509772b,0.8180480209355605,0.28362710182551437,136.58214449392128,0,0,0,0,False,False,0,0,0,0,0.0,0.0,0,0.0,0.0,nan,nan
arm5_reference,push_to_zone,severe,23016,v1,False,False,0.0,0.19454723654912198,0.19454723654912198,0.14472305637134997,720,135,0,True,stage_timeout,2ebd5a46a509772b,0.8366849837781536,0.2850660023749717,139.43739665681693,0,0,0,0,False,False,0,0,0,0,0.0,0.0,0,0.0,0.0,nan,nan
arm5_reference,push_to_zone,severe,23017,v1,False,False,0.0,0.22235040049654048,0.22235040049654048,1.0479654562314688e-08,720,135,0,True,stage_timeout,2ebd5a46a509772b,0.8461306413217349,0.2862812571433156,139.4634833105603,0,0,0,0,False,False,0,0,0,0,0.0,0.0,0,0.0,0.0,nan,nan
arm5_reference,push_to_zone,severe,23018,v1,False,False,0.0,0.2130571147620249,0.2130571147620249,0.13456290011654973,720,135,0,True,stage_timeout,2ebd5a46a509772b,0.7497398835694997,0.28032220677347214,131.82457318856498,0,0,0,0,False,False,0,0,0,0,0.0,0.0,0,0.0,0.0,nan,nan
arm5_reference,push_to_zone,severe,23019,v1,False,False,0.0,0.22396842738895417,0.22396842738895417,4.826229401436139e-08,720,135,0,True,stage_timeout,2ebd5a46a509772b,0.8207721651773103,0.28408233859435156,137.31724251716741,0,0,0,0,False,False,0,0,0,0,0.0,0.0,0,0.0,0.0,nan,nan
arm5_reference,push_to_zone,severe,23020,v1,False,False,0.0,0.23680301771543585,0.23680301771543585,1.966421138066631e-11,720,135,0,True,stage_timeout,2ebd5a46a509772b,0.7812662239876262,0.28241107341132715,136.59084212377357,0,0,0,0,False,False,0,0,0,0,0.0,0.0,0,0.0,0.0,nan,nan
arm5_reference,push_to_zone,severe,23021,v1,False,False,0.0,0.22756160574278006,0.22756160574278006,1.4727297370015021e-07,720,135,0,True,stage_timeout,2ebd5a46a509772b,0.8139295873025079,0.28758442829122427,139.05726441806675,0,0,0,0,False,False,0,0,0,0,0.0,0.0,0,0.0,0.0,nan,nan
arm5_reference,push_to_zone,severe,23022,v1,False,False,0.0,0.2624825318265328,0.2624825318265328,6.406147595717475e-07,720,135,0,True,stage_timeout,2ebd5a46a509772b,0.7864626255917195,0.2850988533677338,137.63553404017432,0,0,0,0,False,False,0,0,0,0,0.0,0.0,0,0.0,0.0,nan,nan
arm5_reference,push_to_zone,severe,23023,v1,False,False,0.0,0.27493068752875394,0.27493068752875394,6.017537196262294e-09,720,135,0,True,stage_timeout,2ebd5a46a509772b,0.9021104311003025,0.2877585568661475,142.58677482088743,0,0,0,0,False,False,0,0,0,0,0.0,0.0,0,0.0,0.0,nan,nan
arm5_reference,push_to_zone,severe,23024,v1,False,False,0.0,0.22383916027710735,0.22383916027710735,1.8175994277833267e-08,720,135,0,True,stage_timeout,2ebd5a46a509772b,0.8039520421978108,0.2842440507038297,136.3416430024525,0,0,0,0,False,False,0,0,0,0,0.0,0.0,0,0.0,0.0,nan,nan
arm5_distal_heavy,push_to_zone,nominal,23001,v1,True,True,1.0,0.016096051903696174,0.016096051903696174,0.0002097045916318794,720,720,0,False,,2ebd5a46a509772b,0.7235522653121031,0.22830584070480522,27.230905271000324,0,0,0,0,True,True,34,5,29,159,0.0,0.5660377358490566,24,0.18426766875788153,0.8894078903172228,0.2294106965042317,0.5030800179107833
arm5_distal_heavy,push_to_zone,nominal,23002,v1,False,False,0.6666666666666666,0.012643087320231866,0.012643087320231866,0.14261128507940243,720,289,0,True,false_terminal_accept,2ebd5a46a509772b,0.6607397117432425,0.2276366535951664,26.44903576209668,0,0,0,0,True,True,30,5,25,141,0.0,0.624113475177305,24,0.1827506780343889,0.886057558457935,0.22789904934471267,0.4707430870358458
arm5_distal_heavy,push_to_zone,nominal,23003,v1,True,True,1.0,0.01791969895571078,0.01791969895571078,1.775811054404555e-11,720,720,0,False,,2ebd5a46a509772b,0.7859553557759384,0.2422566303065267,34.00075654528767,0,0,0,0,True,True,35,5,30,134,0.0,0.5074626865671642,17,0.16557153627699564,0.6935959526249077,0.24435653322350132,0.5340427032524961
arm5_distal_heavy,push_to_zone,nominal,23004,v1,True,True,1.0,0.017424892815732222,0.017424892815732222,1.5586366682702233e-11,720,720,0,False,,2ebd5a46a509772b,0.7898117828623725,0.23832417206508782,31.158364276491724,0,0,0,0,True,True,30,4,26,138,0.0,0.4782608695652174,18,0.17233143561212275,0.752418927602663,0.23948730630207382,0.5442640357505808
arm5_distal_heavy,push_to_zone,nominal,23005,v1,True,True,1.0,0.016376402831090934,0.016376402831090934,2.891265180645356e-11,720,720,0,False,,2ebd5a46a509772b,0.8017637713920172,0.2388239098247487,29.47118104645103,0,0,0,0,True,True,30,5,25,161,0.0,0.5652173913043478,25,0.18921494442727102,0.9680936945991969,0.2399648828960274,0.5590760022436236
arm5_distal_heavy,push_to_zone,nominal,23006,v1,True,True,1.0,0.007646609778454184,0.007646609778454184,0.0002404972176666425,720,720,0,False,,2ebd5a46a509772b,0.747424259106424,0.23451735445091815,27.144606936963243,0,0,0,0,True,True,34,5,29,155,0.0,0.6709677419354839,25,0.1929406497267184,0.8234154211720955,0.23450803181462282,0.5313913575860281
arm5_distal_heavy,push_to_zone,nominal,23007,v1,True,True,1.0,0.025897452507694173,0.025897452507694173,6.2554202392493e-11,720,720,0,False,,2ebd5a46a509772b,0.8899497935679468,0.24923210871637502,34.13263951652764,0,0,0,0,True,True,28,4,24,147,0.006802721088435374,0.5918367346938775,24,0.16818440785654473,0.8909450576416136,0.25244301818467574,0.6352896948889049
arm5_distal_heavy,push_to_zone,nominal,23008,v1,True,True,1.0,0.024664404713791725,0.024664404713791725,1.829108424287953e-11,720,720,0,False,,2ebd5a46a509772b,0.8729153503471483,0.25324258753254186,31.41091091263148,0,0,0,0,True,True,33,5,28,145,0.0,0.6,21,0.1748446175270458,1.0176148272845058,0.2563579703526375,0.6208502754068714
arm5_distal_heavy,push_to_zone,nominal,23009,v1,True,True,1.0,0.02794533812452658,0.02794533812452658,3.2778799848596474e-11,720,720,0,False,,2ebd5a46a509772b,0.8123172535213241,0.2463391854223575,31.92084439378556,0,0,0,0,True,True,28,4,24,154,0.006493506493506494,0.5324675324675324,20,0.1556753048274724,0.9540697631361624,0.2470615632156872,0.5558984553295754
arm5_distal_heavy,push_to_zone,nominal,23010,v1,True,True,1.0,0.021283695464681552,0.021283695464681552,2.4595025448870763e-11,720,720,0,False,,2ebd5a46a509772b,0.8484876036134477,0.24351655843848222,29.20798023518805,0,0,0,0,True,True,34,5,29,150,0.0,0.5933333333333334,22,0.18165096085849947,0.8798428223237803,0.24722895463715022,0.6242821643064813
arm5_distal_heavy,push_to_zone,nominal,23011,v1,True,True,1.0,0.01384891033834254,0.01384891033834254,2.971046179735457e-11,720,720,0,False,,2ebd5a46a509772b,0.9997012081676013,0.26932071513898537,32.91963475523774,0,0,0,0,True,True,33,5,28,158,0.0,0.5253164556962026,26,0.19391359473282904,0.7956629849276224,0.2683653608037246,0.7319260558683287
arm5_distal_heavy,push_to_zone,nominal,23012,v1,True,True,1.0,0.02058248357074747,0.02058248357074747,5.104207340081954e-05,720,720,0,False,,2ebd5a46a509772b,0.7870661569325237,0.23611027795900294,25.81105612447821,0,0,0,0,True,True,25,4,21,143,0.0,0.6083916083916084,23,0.17934860782230713,0.919686145323937,0.23866637596826012,0.5735888845325365
arm5_distal_heavy,push_to_zone,nominal,23013,v1,True,True,1.0,0.007128022633125483,0.007128022633125483,0.00023577734463308187,720,720,0,False,,2ebd5a46a509772b,0.7845824540307857,0.23819510588458453,28.717941475384027,0,0,0,0,True,True,33,5,28,148,0.0,0.6013513513513513,24,0.1906609548908143,0.9641398394180648,0.23943337916364524,0.5699846452418482
arm5_distal_heavy,push_to_zone,nominal,23014,v1,True,True,1.0,0.010048768927696095,0.010048768927696095,0.00015331717089734533,720,720,0,False,,2ebd5a46a509772b,0.8120338561961975,0.24191500981809233,30.738754974014984,0,0,0,0,True,True,32,5,27,151,0.0,0.5562913907284768,22,0.19234977969059705,0.8686287941121064,0.24236570089190584,0.5637752060948835
arm5_distal_heavy,push_to_zone,nominal,23015,v1,True,True,1.0,0.04410457437296582,0.04410457437296582,4.457389036992287e-11,720,720,0,False,,2ebd5a46a509772b,0.888871045220615,0.25427099315634133,32.353540190956046,0,0,0,0,True,True,34,5,29,158,0.006329113924050633,0.5759493670886076,21,0.15077785772738822,0.9423009472305359,0.24610136346342712,0.6107760392692994
arm5_distal_heavy,push_to_zone,nominal,23016,v1,True,True,1.0,0.035731432885001795,0.035731432885001795,1.310325445210927e-11,720,720,0,False,,2ebd5a46a509772b,0.8460678732598517,0.24768399724654852,30.21699143245113,0,0,0,0,True,True,35,5,30,150,0.0,0.5933333333333334,24,0.16372139026965513,0.894264660253836,0.2486728014585131,0.6112327884725466
arm5_distal_heavy,push_to_zone,nominal,23017,v1,True,True,1.0,0.013592922625223242,0.013592922625223242,0.00020088659234865317,720,720,0,False,,2ebd5a46a509772b,0.8321194931868652,0.24201932312309365,27.313869511173767,0,0,0,0,True,True,26,4,22,145,0.0,0.5793103448275863,23,0.18521622591365958,0.9187667771289005,0.24411133335784227,0.6040060504407556
arm5_distal_heavy,push_to_zone,nominal,23018,v1,True,True,1.0,0.012026383003479515,0.012026383003479515,8.382083710998516e-05,720,720,0,False,,2ebd5a46a509772b,0.8304881081039892,0.2508208404408188,28.34824551303139,0,0,0,0,True,True,31,5,26,147,0.0,0.5170068027210885,21,0.19637471948370136,0.7227521814078887,0.25215073279395495,0.5875351885824767
arm5_distal_heavy,push_to_zone,nominal,23019,v1,True,True,1.0,0.017346486441931003,0.017346486441931003,1.909450515479387e-11,720,720,0,False,,2ebd5a46a509772b,0.8400352140214005,0.24949255749536908,31.233362812762003,0,0,0,0,True,True,29,4,25,149,0.0,0.5503355704697986,27,0.17347491128949233,0.8216050698785486,0.25004240684509843,0.5911628896634378
arm5_distal_heavy,push_to_zone,nominal,23020,v1,True,True,1.0,0.030440266993098663,0.030440266993098663,4.070311860002081e-11,720,720,0,False,,2ebd5a46a509772b,0.8217471098739164,0.24740595712195582,30.160246624370178,0,0,0,0,True,True,26,4,22,144,0.006944444444444444,0.5763888888888888,24,0.16332358827299617,0.8925522996733157,0.25000290540881076,0.5832763540091976
arm5_distal_heavy,push_to_zone,nominal,23021,v1,True,True,1.0,0.030624030481411227,0.030624030481411227,5.356882232606403e-08,720,720,0,False,,2ebd5a46a509772b,0.8631967463872052,0.2501292167866141,29.99053407684902,0,0,0,0,True,True,33,5,28,152,0.006578947368421052,0.5921052631578947,26,0.16904054353599723,0.8842826827153983,0.2522832910322997,0.6133635146748135
arm5_distal_heavy,push_to_zone,nominal,23022,v1,True,True,1.0,0.007291676156687027,0.007291676156687027,0.00027193655650427476,720,720,0,False,,2ebd5a46a509772b,0.763641672913606,0.23341266625125137,25.137011916188847,0,0,0,0,True,True,35,6,29,160,0.0,0.675,28,0.20068594222309158,0.9613760932356875,0.23446830282174802,0.567505703913076
arm5_distal_heavy,push_to_zone,nominal,23023,v1,True,True,1.0,0.018275786375947324,0.018275786375947324,1.3147708140834742e-11,720,720,0,False,,2ebd5a46a509772b,0.9376869260892127,0.25594804634572144,31.786822688967064,0,0,0,0,True,True,28,5,23,150,0.0,0.5133333333333333,22,0.17999179755512418,0.8462448894146888,0.2565650411597154,0.68798051814312
arm5_distal_heavy,push_to_zone,nominal,23024,v1,True,True,1.0,0.027624081326442687,0.027624081326442687,5.6816993667832546e-08,720,720,0,False,,2ebd5a46a509772b,0.8238795600176188,0.24443587945186865,29.934796297097503,0,0,0,0,True,True,32,5,27,151,0.006622516556291391,0.5960264900662252,22,0.1732014139622838,0.942506502266121,0.24768754174465024,0.5855755659393549
arm5_distal_heavy,push_to_zone,low_friction,23001,v1,True,True,1.0,0.011690304807637709,0.011690304807637709,0.0006292683191906457,720,720,0,False,,2ebd5a46a509772b,0.759422716393821,0.2360682695995588,26.456286768193763,0,0,0,0,True,True,35,8,27,176,0.0,0.7045454545454546,29,0.18835799923817545,1.092086349442384,0.23149812820080495,0.5494731820254035
arm5_distal_heavy,push_to_zone,low_friction,23002,v1,True,True,1.0,0.020246211293439818,0.020246211293439818,0.00029982261250338443,720,720,0,False,,2ebd5a46a509772b,0.7230719180065113,0.2330605268762726,26.189813585494708,0,0,0,0,True,True,34,8,26,173,0.0,0.7283236994219653,28,0.1810287123236025,0.971697265152425,0.22825849042036725,0.5195905836319512
arm5_distal_heavy,push_to_zone,low_friction,23003,v1,True,True,1.0,0.0069752612220765516,0.0069752612220765516,8.994128540301381e-07,720,720,0,False,,2ebd5a46a509772b,0.8601302250260829,0.2546473575929212,35.83132888716035,0,0,0,0,True,True,32,9,23,148,0.0,0.4797297297297297,21,0.18505179037964525,0.633238528190207,0.2523786729299981,0.6195032194514174
arm5_distal_heavy,push_to_zone,low_friction,23004,v1,True,True,1.0,0.01823831277814548,0.01823831277814548,2.9986397474604287e-05,720,720,0,False,,2ebd5a46a509772b,0.8679703867014676,0.25153238452224735,32.72952008214683,0,0,0,0,True,True,31,9,22,150,0.0,0.6066666666666667,19,0.1720310861997922,0.8109419165071512,0.24762122164644723,0.6224438670589096
arm5_distal_heavy,push_to_zone,low_friction,23005,v1,True,True,1.0,0.0069457879611878725,0.0069457879611878725,2.306215661110075e-05,720,720,0,False,,2ebd5a46a509772b,0.8484880150824008,0.24782678962558985,30.427146504441353,0,0,0,0,True,True,37,9,28,173,0.0,0.6242774566473989,28,0.21121495164441176,0.8137618373003185,0.2446016606884242,0.6317101143607342
arm5_distal_heavy,push_to_zone,low_friction,23006,v1,True,True,1.0,0.017802469993696852,0.017802469993696852,6.332515906719267e-05,720,720,0,False,,2ebd5a46a509772b,0.8214201696686554,0.2475106701396044,31.51454206249677,0,0,0,0,True,True,33,8,25,156,0.0,0.5961538461538461,23,0.17966502901181292,0.9039931350495564,0.2442674826489066,0.5925766766387541
arm5_distal_heavy,push_to_zone,low_friction,23007,v1,True,True,1.0,0.012529120826470931,0.012529120826470931,7.69683906999794e-07,720,720,0,False,,2ebd5a46a509772b,0.9367815549534344,0.25773234847733434,34.53130687299109,0,0,0,0,True,True,29,8,21,160,0.0,0.55625,29,0.1858567406428366,0.8254557370682504,0.25396017137747723,0.6916750113242958
arm5_distal_heavy,push_to_zone,low_friction,23008,v1,True,True,1.0,0.011506842583503877,0.011506842583503877,1.616212534632343e-05,720,720,0,False,,2ebd5a46a509772b,0.9039427331732295,0.2590337348271259,32.93064454808553,0,0,0,0,True,True,37,9,28,156,0.0,0.6346153846153846,23,0.18488454269457316,0.9274705095098841,0.25744325831044135,0.6855094587100363
arm5_distal_heavy,push_to_zone,low_friction,23009,v1,True,True,1.0,0.028321460665071286,0.028321460665071286,4.371590540568761e-11,720,720,0,False,,2ebd5a46a509772b,0.8436166869322923,0.25278233817154017,32.96882955357114,0,0,0,0,True,True,30,6,24,149,0.0,0.5503355704697986,24,0.1577605771526746,0.7702473827293866,0.24957799969562108,0.6159260559481701
arm5_distal_heavy,push_to_zone,low_friction,23010,v1,True,True,1.0,0.006886771221300468,0.006886771221300468,8.24434610382431e-05,720,720,0,False,,2ebd5a46a509772b,0.884564085132141,0.2510683689348698,30.451393048940666,0,0,0,0,True,True,37,10,27,172,0.0,0.622093023255814,30,0.20527344475885506,0.9253475616405867,0.24787992397776762,0.6674353408574065
arm5_distal_heavy,push_to_zone,low_friction,23011,v1,False,False,0.6666666666666666,0.04859649124696781,0.04859649124696781,0.16688656275816716,720,497,0,True,stage_timeout,2ebd5a46a509772b,1.0299264436459263,0.2739501050761754,39.334420308482485,0,0,0,0,True,False,55,9,46,330,0.006060606060606061,0.2878787878787879,23,0.14364413567028544,0.533315550124087,0.26928142650859993,0.7695098080771872
arm5_distal_heavy,push_to_zone,low_friction,23012,v1,True,True,1.0,0.006084542215198126,0.006084542215198126,4.944758180952349e-07,720,720,0,False,,2ebd5a46a509772b,0.8285303440991432,0.24466071873797016,27.858279615230554,0,0,0,0,True,True,33,8,25,160,0.0,0.6375,24,0.19607818389118825,0.9219039729122447,0.24130782285801036,0.6095067820916173
arm5_distal_heavy,push_to_zone,low_friction,23013,v1,True,True,1.0,0.025892756537511767,0.025892756537511767,1.1295408089988642e-05,720,720,0,False,,2ebd5a46a509772b,0.8489324145777575,0.24978041211144372,31.940563991020376,0,0,0,0,True,True,34,8,26,151,0.0,0.5629139072847682,22,0.1726842506933463,0.8728446523546939,0.24731046050706337,0.6250990566798915
arm5_distal_heavy,push_to_zone,low_friction,23014,v1,True,True,1.0,0.017876237579294515,0.017876237579294515,0.00027462448586659783,720,720,0,False,,2ebd5a46a509772b,0.8637543224366449,0.2513297418753447,31.692019863932963,0,0,0,0,True,True,36,9,27,168,0.0,0.6071428571428571,26,0.19424441632072015,0.8430023590171396,0.2485859459419533,0.6510919128315114
arm5_distal_heavy,push_to_zone,low_friction,23015,v1,True,True,1.0,0.023967563408004888,0.023967563408004888,7.176415667816282e-11,720,720,0,False,,2ebd5a46a509772b,0.9039387282334315,0.25814520762018567,32.79846428455219,0,0,0,0,True,True,29,6,23,161,0.0,0.5341614906832298,20,0.16982274161330713,0.9843122505780996,0.25598403629240485,0.6648474770015995
arm5_distal_heavy,push_to_zone,low_friction,23016,v1,True,True,1.0,0.012035902404825747,0.012035902404825747,0.00012804211682796796,720,720,0,False,,2ebd5a46a509772b,0.8927784385974622,0.25589987558509003,32.44838683659834,0,0,0,0,True,True,39,9,30,167,0.0,0.5748502994011976,27,0.19732020945919573,0.8701658896486572,0.2534165180201042,0.6698854082568704
arm5_distal_heavy,push_to_zone,low_friction,23017,v1,True,True,1.0,0.01089479703646602,0.01089479703646602,0.000951608967163364,720,720,0,False,,2ebd5a46a509772b,0.8709600675391311,0.2497876876545539,27.366535445302684,0,0,0,0,True,True,30,9,21,166,0.0,0.6686746987951807,27,0.19335504210903476,0.9352590933900227,0.2464370094078592,0.652203962713108
arm5_distal_heavy,push_to_zone,low_friction,23018,v1,True,True,1.0,0.01822060644259449,0.01822060644259449,0.00021427466912428398,720,720,0,False,,2ebd5a46a509772b,0.8381539372613283,0.2534094010094374,30.444974012427615,0,0,0,0,True,True,50,11,39,175,0.0,0.6,26,0.1990284600319222,0.8348205751215736,0.2514229050178927,0.6544911258243906
arm5_distal_heavy,push_to_zone,low_friction,23019,v1,True,True,1.0,0.013924076662909948,0.013924076662909948,3.743943854940692e-11,720,720,0,False,,2ebd5a46a509772b,0.9039627885880679,0.2600136507670874,36.98915892646371,0,0,0,0,True,True,32,6,26,162,0.012345679012345678,0.5555555555555556,24,0.17932667926634158,0.8415627465799718,0.2589309229748485,0.6538055836126766
arm5_distal_heavy,push_to_zone,low_friction,23020,v1,False,False,0.6666666666666666,0.04813025215922765,0.04813025215922765,0.1460836526951903,720,478,0,True,stage_timeout,2ebd5a46a509772b,0.8535566223626405,0.2533254003693296,32.61501864413627,0,0,0,0,True,True,32,10,22,330,0.0,0.24242424242424243,22,0.15019609639357692,0.35062946782611637,0.2506734679132762,0.6291557267635639
arm5_distal_heavy,push_to_zone,low_friction,23021,v1,True,True,1.0,0.010328814214216449,0.010328814214216449,0.0005517547357048818,720,720,0,False,,2ebd5a46a509772b,0.856460678268119,0.2513586136545385,28.82794888860056,0,0,0,0,True,True,30,7,23,161,0.0,0.6273291925465838,25,0.18463576024487657,1.0160828526521388,0.24881275400274455,0.6626103635693488
arm5_distal_heavy,push_to_zone,low_friction,23022,v1,True,True,1.0,0.023187541919587093,0.023187541919587093,0.0007399435190707141,720,720,0,False,,2ebd5a46a509772b,0.7920962493506711,0.2400383594082096,25.349774771009525,0,0,0,0,True,True,30,8,22,168,0.0,0.7142857142857143,27,0.19165228361791398,0.837432830527262,0.23681567950296273,0.6336213081601061
arm5_distal_heavy,push_to_zone,low_friction,23023,v1,True,True,1.0,0.019189908639283052,0.019189908639283052,3.1931661040889516e-07,720,720,0,False,,2ebd5a46a509772b,0.9708137902984959,0.26213582077921904,32.930102477605374,0,0,0,0,True,True,46,9,37,152,0.0,0.5723684210526315,21,0.1769560022847379,0.9364937009486451,0.25953129090797483,0.737091892568912
arm5_distal_heavy,push_to_zone,low_friction,23024,v1,True,True,1.0,0.014039135656771978,0.014039135656771978,3.3665169581692395e-05,720,720,0,False,,2ebd5a46a509772b,0.8412880841035104,0.24882299742669495,29.196396703337996,0,0,0,0,True,True,34,11,23,147,0.0,0.6190476190476191,19,0.1802550678125729,0.8576077401528241,0.24662414890402393,0.6229985726819609
arm5_distal_heavy,push_to_zone,latency_load,23001,v1,True,True,1.0,0.005577572337117432,0.005577572337117432,0.0012540370141047757,720,720,0,False,,2ebd5a46a509772b,0.8510879787986836,0.24990333322719135,36.397582025849744,0,0,0,0,True,True,40,8,32,163,0.0,0.6012269938650306,26,0.20314382073488763,0.8279211311178466,0.24700222110949255,0.6635187644232623
arm5_distal_heavy,push_to_zone,latency_load,23002,v1,True,True,1.0,0.013348563032859596,0.013348563032859596,0.00036707202862096787,720,720,0,False,,2ebd5a46a509772b,0.8167602865511769,0.24716231889953466,35.38662983373925,0,0,0,0,True,True,41,9,32,176,0.0,0.7159090909090909,28,0.20154332886132598,0.947489132426007,0.24464818304924418,0.6348212672381734
arm5_distal_heavy,push_to_zone,latency_load,23003,v1,False,False,0.6666666666666666,0.01911376156221815,0.01911376156221815,0.14510013397132174,720,508,0,True,stage_timeout,2ebd5a46a509772b,0.9928797860413305,0.2717275458338412,49.38147647766216,0,0,0,0,True,True,56,11,45,330,0.006060606060606061,0.29393939393939394,29,0.1634064181528524,0.5495739852935998,0.265130568961306,0.7362737977962461
arm5_distal_heavy,push_to_zone,latency_load,23004,v1,True,True,1.0,0.009911321135268948,0.009911321135268948,4.551608514944945e-05,720,720,0,False,,2ebd5a46a509772b,0.9552302990005419,0.2628821305994151,43.99246349313322,0,0,0,0,True,True,60,12,48,170,0.0058823529411764705,0.5882352941176471,28,0.18298241549194466,1.0695779988712937,0.2609495253361726,0.7278989005938516
arm5_distal_heavy,push_to_zone,latency_load,23005,v1,True,True,1.0,0.006569396132132704,0.006569396132132704,1.9160659081090356e-05,720,720,0,False,,2ebd5a46a509772b,0.9192686543909876,0.2574379781100055,39.17163016309649,0,0,0,0,True,True,55,7,48,171,0.0,0.6432748538011696,25,0.2077845266898146,0.8421161120422372,0.2557955069525629,0.7371679579717312
arm5_distal_heavy,push_to_zone,latency_load,23006,v1,True,True,1.0,0.006556604797620158,0.006556604797620158,8.054506438843474e-06,720,720,0,False,,2ebd5a46a509772b,0.9131776811581476,0.26013942775347276,44.61439976211804,0,0,0,0,True,True,55,8,47,171,0.005847953216374269,0.6023391812865497,25,0.1927719474275246,0.9344707362821472,0.2577050304133312,0.6994431737381017
arm5_distal_heavy,push_to_zone,latency_load,23007,v1,True,True,1.0,0.011164513729155107,0.011164513729155107,3.439036560009401e-11,720,720,0,False,,2ebd5a46a509772b,1.0152261494949706,0.26747016688559744,46.8245727150815,0,0,0,0,True,True,59,7,52,152,0.019736842105263157,0.4934210526315789,19,0.17522549975106358,0.7411082206274021,0.26528526983263984,0.7918325777181208
arm5_distal_heavy,push_to_zone,latency_load,23008,v1,True,True,1.0,0.026630205209267645,0.026630205209267645,1.8362102184424154e-11,720,720,0,False,,2ebd5a46a509772b,0.9854000194213715,0.26913394697649695,45.24973392602285,0,0,0,0,True,True,60,8,52,157,0.012738853503184714,0.5286624203821656,22,0.1649140921324233,0.9750663264549047,0.2690383696948218,0.7789490593894279
arm5_distal_heavy,push_to_zone,latency_load,23009,v1,True,True,1.0,0.016347417819883893,0.016347417819883893,3.4409242133597614e-11,720,720,0,False,,2ebd5a46a509772b,0.9369771620272183,0.26530920217806025,44.22635391112314,0,0,0,0,True,True,52,9,43,158,0.0189873417721519,0.5,25,0.16992591006090188,0.8187654013365787,0.2645845807669566,0.7092364425270561
arm5_distal_heavy,push_to_zone,latency_load,23010,v1,True,True,1.0,0.006107621223213136,0.006107621223213136,2.1836010225077152e-05,720,720,0,False,,2ebd5a46a509772b,0.952584772505924,0.2603125609881628,38.76499425772546,0,0,0,0,True,True,48,5,43,178,0.0,0.6573033707865169,26,0.20282017640102334,0.956332829604126,0.2591046351808474,0.7670366290612836
arm5_distal_heavy,push_to_zone,latency_load,23011,v1,True,True,1.0,0.018350382817905853,0.018350382817905853,7.282131525897828e-12,720,720,0,False,,2ebd5a46a509772b,1.1215414717497953,0.2837426160176091,50.593753749281404,0,0,0,0,True,True,57,7,50,210,0.01904761904761905,0.4142857142857143,23,0.1705471554101644,0.7646563078778121,0.2751790787310675,0.864217640312614
arm5_distal_heavy,push_to_zone,latency_load,23012,v1,True,True,1.0,0.006237454751553661,0.006237454751553661,2.8436474507519042e-05,720,720,0,False,,2ebd5a46a509772b,0.8921039798212724,0.2539362065822767,35.89597183851407,0,0,0,0,True,True,40,7,33,183,0.0,0.726775956284153,26,0.19904016372252448,1.0870294464940307,0.25212482781959905,0.7144406733164415
arm5_distal_heavy,push_to_zone,latency_load,23013,v1,True,True,1.0,0.016066800098156114,0.016066800098156114,3.0865226189729554e-05,720,720,0,False,,2ebd5a46a509772b,0.9267987001777889,0.2603891736801986,40.53048833396107,0,0,0,0,True,True,51,7,44,159,0.0,0.5911949685534591,25,0.18525737782166735,0.9033256691440222,0.2589927576476195,0.733498072175657
arm5_distal_heavy,push_to_zone,latency_load,23014,v1,True,True,1.0,0.006665054448434645,0.006665054448434645,3.0839778462317666e-05,720,720,0,False,,2ebd5a46a509772b,0.944541058906101,0.2618986765101512,40.59804821876245,0,0,0,0,True,True,53,10,43,163,0.0,0.6257668711656442,27,0.20415025535809456,0.8236121555096201,0.26153813554504274,0.757395266041708
arm5_distal_heavy,push_to_zone,latency_load,23015,v1,True,True,1.0,0.013921351592590609,0.013921351592590609,3.301434108029958e-11,720,720,0,False,,2ebd5a46a509772b,0.9991818777668755,0.2702994683885328,45.3545435950128,0,0,0,0,True,True,37,8,29,162,0.006172839506172839,0.49382716049382713,24,0.17698963049808866,0.7159252623287383,0.2688312479663981,0.7570781555162811
arm5_distal_heavy,push_to_zone,latency_load,23016,v1,True,True,1.0,0.01806041562620951,0.01806041562620951,2.7396624006677858e-11,720,720,0,False,,2ebd5a46a509772b,0.9828016399341652,0.2669910623469949,43.1139793432416,0,0,0,0,True,True,60,9,51,158,0.0,0.5506329113924051,23,0.18073058583170445,0.8817685008816254,0.26605555118198815,0.7784641278986046
arm5_distal_heavy,push_to_zone,latency_load,23017,v1,True,True,1.0,0.026203067848445307,0.026203067848445307,3.635062446679087e-11,720,720,0,False,,2ebd5a46a509772b,0.9692783554320452,0.26305052701459325,40.34032269669845,0,0,0,0,True,True,52,9,43,159,0.0,0.5786163522012578,25,0.1730815112409093,0.8177221086788026,0.26037225498737665,0.7572811358640372
arm5_distal_heavy,push_to_zone,latency_load,23018,v1,True,True,1.0,0.024452279876037937,0.024452279876037937,2.1097057566244582e-05,720,720,0,False,,2ebd5a46a509772b,0.899416874669001,0.26142580198488874,39.688057868493914,0,0,0,0,True,True,62,9,53,172,0.0,0.5872093023255814,24,0.18523009341904578,0.9882228090325285,0.2620295749702663,0.7316875051539249
arm5_distal_heavy,push_to_zone,latency_load,23019,v1,True,True,1.0,0.026748827454115578,0.026748827454115578,2.0526682515746095e-05,720,720,0,False,,2ebd5a46a509772b,0.9517159679623592,0.2655624992819504,41.94937967881584,0,0,0,0,True,True,40,7,33,148,0.0,0.6013513513513513,22,0.15999188310990098,1.00506691660601,0.26497728842625223,0.7544931959969867
arm5_distal_heavy,push_to_zone,latency_load,23020,v1,True,True,1.0,0.00975730412929289,0.00975730412929289,1.0205327577982905e-05,720,720,0,False,,2ebd5a46a509772b,0.9170018674514588,0.2621650360927657,41.76221512423621,0,0,0,0,True,True,53,13,40,165,0.0,0.6,25,0.1845973775351061,1.0215000892263546,0.2620628466455079,0.7244150686052486
arm5_distal_heavy,push_to_zone,latency_load,23021,v1,True,True,1.0,0.021965263820855674,0.021965263820855674,1.712354630079197e-11,720,720,0,False,,2ebd5a46a509772b,0.9513896376409843,0.2645976823095789,40.67129050841568,0,0,0,0,True,True,35,6,29,162,0.0,0.5987654320987654,23,0.17652245127540336,0.873843100656371,0.2626830305028713,0.7507032849029436
arm5_distal_heavy,push_to_zone,latency_load,23022,v1,True,True,1.0,0.01061077124559171,0.01061077124559171,0.0018667599623926278,720,720,0,False,,2ebd5a46a509772b,0.8821162442952897,0.25347442034036743,37.56087919608404,0,0,0,0,True,True,46,6,40,183,0.0,0.6612021857923497,28,0.20584319468004691,0.9018500729945416,0.25193145407948475,0.7247837249602536
arm5_distal_heavy,push_to_zone,latency_load,23023,v1,True,True,1.0,0.020708961096479784,0.020708961096479784,2.8257990589299573e-12,720,720,0,False,,2ebd5a46a509772b,1.0634341477428961,0.27324387505884323,46.769673274064225,0,0,0,0,True,True,50,7,43,148,0.013513513513513514,0.5405405405405406,20,0.16337053420263362,0.8914998213644283,0.27194581349602065,0.8407939750200368
arm5_distal_heavy,push_to_zone,latency_load,23024,v1,True,True,1.0,0.02943100915198899,0.02943100915198899,1.7189562496330514e-11,720,720,0,False,,2ebd5a46a509772b,0.9556064482844246,0.26438118020348206,43.169655613137685,0,0,0,0,True,True,43,8,35,169,0.0,0.5266272189349113,26,0.1771472942299741,0.7847767965259413,0.26235417851691306,0.7423148958908308
arm5_distal_heavy,push_to_zone,severe,23001,v1,False,False,0.0,0.24198874446791643,0.24198874446791643,2.715940721615333e-08,720,135,0,True,stage_timeout,2ebd5a46a509772b,0.7217374377833647,0.2793213078784025,60.00861048481514,0,0,0,0,False,False,7,7,0,0,0.0,0.0,0,0.0,0.0,nan,nan
arm5_distal_heavy,push_to_zone,severe,23002,v1,False,False,0.0,0.2404436542954395,0.2404436542954395,2.088923198600243e-08,720,135,0,True,stage_timeout,2ebd5a46a509772b,0.7003259196727472,0.272315711675011,60.457454633990174,0,0,0,0,False,False,16,13,3,0,0.0,0.0,0,0.0,0.0,nan,nan
arm5_distal_heavy,push_to_zone,severe,23003,v1,False,False,0.0,0.235501152811066,0.235501152811066,4.4338276526562026e-11,720,135,0,True,stage_timeout,2ebd5a46a509772b,0.7955343037539477,0.27657181310563694,81.08558654292356,0,0,0,0,False,False,0,0,0,0,0.0,0.0,0,0.0,0.0,nan,nan
arm5_distal_heavy,push_to_zone,severe,23004,v1,False,False,0.0,0.2314998120145349,0.2314998120145349,4.5389176976043986e-08,720,135,0,True,stage_timeout,2ebd5a46a509772b,0.8059928236346403,0.279632986189728,73.4060824846544,0,0,0,0,False,False,2,2,0,0,0.0,0.0,0,0.0,0.0,nan,nan
arm5_distal_heavy,push_to_zone,severe,23005,v1,False,False,0.0,0.24029338752542742,0.24029338752542742,3.983946656903625e-11,720,135,0,True,stage_timeout,2ebd5a46a509772b,0.7822083909020292,0.2760170708774789,74.51735994639978,0,0,0,0,False,False,1,1,0,0,0.0,0.0,0,0.0,0.0,nan,nan
arm5_distal_heavy,push_to_zone,severe,23006,v1,False,False,0.0,0.24188341690214135,0.24188341690214135,6.947671922200958e-08,720,135,0,True,stage_timeout,2ebd5a46a509772b,0.7533939011523665,0.27470878596737786,69.37344641206938,0,0,0,0,False,False,3,3,0,0,0.0,0.0,0,0.0,0.0,nan,nan
arm5_distal_heavy,push_to_zone,severe,23007,v1,False,False,0.0,0.26391159282796023,0.26391159282796023,7.722207972865154e-08,720,135,0,True,stage_timeout,2ebd5a46a509772b,0.8658304185762027,0.2835942807000164,77.25718739846856,0,0,0,0,False,False,2,2,0,0,0.0,0.0,0,0.0,0.0,nan,nan
arm5_distal_heavy,push_to_zone,severe,23008,v1,False,False,0.0,0.2695317788957415,0.2695317788957415,5.11220392328333e-08,720,135,0,True,stage_timeout,2ebd5a46a509772b,0.8361427712850715,0.282041495587509,79.41300976297498,0,0,0,0,False,False,1,1,0,0,0.0,0.0,0,0.0,0.0,nan,nan
arm5_distal_heavy,push_to_zone,severe,23009,v1,False,False,0.0,0.2542574323183862,0.2542574323183862,5.252419683149381e-08,720,135,0,True,stage_timeout,2ebd5a46a509772b,0.7629926860938596,0.277477184353766,75.0186204662012,0,0,0,0,False,False,2,2,0,0,0.0,0.0,0,0.0,0.0,nan,nan
arm5_distal_heavy,push_to_zone,severe,23010,v1,False,False,0.0,0.24134393090846024,0.24134393090846024,6.039499612263512e-08,720,135,0,True,stage_timeout,2ebd5a46a509772b,0.8197577410426238,0.2800120055711142,73.06944779179754,0,0,0,0,False,False,2,2,0,0,0.0,0.0,0,0.0,0.0,nan,nan
arm5_distal_heavy,push_to_zone,severe,23011,v1,False,False,0.0,0.25213959389161605,0.25213959389161605,1.305154954964052e-07,720,135,0,True,stage_timeout,2ebd5a46a509772b,0.898480212952059,0.28798589261692986,81.08954407504518,0,0,0,0,False,False,0,0,0,0,0.0,0.0,0,0.0,0.0,nan,nan
arm5_distal_heavy,push_to_zone,severe,23012,v1,False,False,0.0,0.2402495265035234,0.2402495265035234,2.2362573757681714e-08,720,135,0,True,stage_timeout,2ebd5a46a509772b,0.7619665234746149,0.27621010945990493,66.49410145002487,0,0,0,0,False,False,5,5,0,0,0.0,0.0,0,0.0,0.0,nan,nan
arm5_distal_heavy,push_to_zone,severe,23013,v1,False,False,0.0,0.2439553125496605,0.2439553125496605,2.0785544212770368e-07,720,135,0,True,stage_timeout,2ebd5a46a509772b,0.7933731851574723,0.2768476616530687,76.72268046836425,0,0,0,0,False,False,0,0,0,0,0.0,0.0,0,0.0,0.0,nan,nan
arm5_distal_heavy,push_to_zone,severe,23014,v1,False,False,0.0,0.2747723644933928,0.2747723644933928,2.6710156503096716e-11,720,135,0,True,stage_timeout,2ebd5a46a509772b,0.813067995854365,0.2787615989557604,74.78059795148548,0,0,0,0,False,False,2,2,0,0,0.0,0.0,0,0.0,0.0,nan,nan
arm5_distal_heavy,push_to_zone,severe,23015,v1,False,False,0.0,0.23269480625967187,0.23269480625967187,3.247459313208027e-11,720,135,0,True,stage_timeout,2ebd5a46a509772b,0.809522343870889,0.281331622859597,73.35962093780587,0,0,0,0,False,False,1,1,0,0,0.0,0.0,0,0.0,0.0,nan,nan
arm5_distal_heavy,push_to_zone,severe,23016,v1,False,False,0.0,0.24283052590690254,0.24283052590690254,6.166169198648017e-08,720,135,0,True,stage_timeout,2ebd5a46a509772b,0.8318132795943396,0.2812888493923388,77.89270401878913,0,0,0,0,False,False,1,1,0,0,0.0,0.0,0,0.0,0.0,nan,nan
arm5_distal_heavy,push_to_zone,severe,23017,v1,False,False,0.0,0.24018886195349748,0.24018886195349748,5.419721473798065e-11,720,135,0,True,stage_timeout,2ebd5a46a509772b,0.8094542078754037,0.28005179286833776,73.14905811572646,0,0,0,0,False,False,1,1,0,0,0.0,0.0,0,0.0,0.0,nan,nan
arm5_distal_heavy,push_to_zone,severe,23018,v1,False,False,0.0,0.2523391256192043,0.2523391256192043,1.3754985210489778e-07,720,135,0,True,stage_timeout,2ebd5a46a509772b,0.7567773957926796,0.27608819095091,70.68142309400028,0,0,0,0,False,False,2,2,0,0,0.0,0.0,0,0.0,0.0,nan,nan
arm5_distal_heavy,push_to_zone,severe,23019,v1,False,False,0.0,0.2621352555860778,0.2621352555860778,1.6742906619842544e-11,720,135,0,True,stage_timeout,2ebd5a46a509772b,0.8185425349987923,0.2823160528866481,74.2707481427532,0,0,0,0,False,False,1,1,0,0,0.0,0.0,0,0.0,0.0,nan,nan
arm5_distal_heavy,push_to_zone,severe,23020,v1,False,False,0.0,0.24516868503774442,0.24516868503774442,2.985949731140999e-09,720,135,0,True,stage_timeout,2ebd5a46a509772b,0.7697265177974839,0.2763996265062228,77.90164500268227,0,0,0,0,False,False,0,0,0,0,0.0,0.0,0,0.0,0.0,nan,nan
arm5_distal_heavy,push_to_zone,severe,23021,v1,False,False,0.0,0.2577730195972029,0.2577730195972029,3.405858555654155e-08,720,135,0,True,stage_timeout,2ebd5a46a509772b,0.8034181473621183,0.28063870628316917,73.22986691325822,0,0,0,0,False,False,2,2,0,0,0.0,0.0,0,0.0,0.0,nan,nan
arm5_distal_heavy,push_to_zone,severe,23022,v1,False,False,0.0,0.249253228592116,0.249253228592116,6.558293506093138e-11,720,135,0,True,stage_timeout,2ebd5a46a509772b,0.7635444137560592,0.2755706446917761,68.31807582094471,0,0,0,0,False,False,3,3,0,0,0.0,0.0,0,0.0,0.0,nan,nan
arm5_distal_heavy,push_to_zone,severe,23023,v1,False,False,0.0,0.25173324426418076,0.25173324426418076,0.09796686665908173,720,135,0,True,stage_timeout,2ebd5a46a509772b,0.8958049420216521,0.28777660777796255,78.19028751076686,0,0,0,0,False,False,1,1,0,0,0.0,0.0,0,0.0,0.0,nan,nan
arm5_distal_heavy,push_to_zone,severe,23024,v1,False,False,0.0,0.2601640766005349,0.2601640766005349,2.8938325639267513e-11,720,135,0,True,stage_timeout,2ebd5a46a509772b,0.790181384329494,0.2811279309430706,66.44613051746356,0,0,0,0,False,False,4,4,0,0,0.0,0.0,0,0.0,0.0,nan,nan
arm5_weak_actuator,push_to_zone,nominal,23001,v1,True,True,1.0,0.012231043162959584,0.012231043162959584,0.0004315379456915837,720,720,0,False,,2ebd5a46a509772b,0.4323136393299478,0.1867008219868278,17.483663319534127,0,0,0,0,True,True,39,5,34,167,0.0,0.7604790419161677,23,0.1731191251071755,0.8066205961301423,0.18442903155204235,0.16318173576464146
arm5_weak_actuator,push_to_zone,nominal,23002,v1,True,True,1.0,0.009206274019771336,0.009206274019771336,0.0003867147211828848,720,720,0,False,,2ebd5a46a509772b,0.3854890439435734,0.18343539374243195,19.173050701189556,0,0,0,0,True,True,36,5,31,170,0.0,0.7411764705882353,18,0.16965065824761832,0.8477302003075545,0.1810034665251184,0.08146446161397103
arm5_weak_actuator,push_to_zone,nominal,23003,v1,True,True,1.0,0.027618594912132727,0.027618594912132727,0.00032519055728798886,720,720,0,False,,2ebd5a46a509772b,0.3292717597407391,0.1776345157189399,19.8694947326246,0,0,0,0,True,True,15,0,15,136,0.0,0.8382352941176471,17,0.14327340461511015,0.7470376823923807,0.16662111526832715,0.03546468179814566
arm5_weak_actuator,push_to_zone,nominal,23004,v1,True,True,1.0,0.014243595348249464,0.014243595348249464,0.0002578358930809488,720,720,0,False,,2ebd5a46a509772b,0.43577631178813236,0.1892471311939031,21.044522034871285,0,0,0,0,True,True,15,0,15,152,0.006578947368421052,0.756578947368421,21,0.1624698022349372,1.0070420408076541,0.18414394998349917,0.12317215779861224
arm5_weak_actuator,push_to_zone,nominal,23005,v1,True,True,1.0,0.029403124252251403,0.029403124252251403,7.98652480662441e-05,720,720,0,False,,2ebd5a46a509772b,0.47196410843028325,0.19237170958372102,22.015911414064853,0,0,0,0,True,True,32,5,27,163,0.012269938650306749,0.7668711656441718,19,0.15759760156972785,0.9207166661746051,0.1936021043707591,0.18700252961626251
arm5_weak_actuator,push_to_zone,nominal,23006,v1,True,True,1.0,0.008319485701260924,0.008319485701260924,0.0003246734880894253,720,720,0,False,,2ebd5a46a509772b,0.4092857731264359,0.18612348259469672,19.09901512865588,0,0,0,0,True,True,25,2,23,152,0.0,0.8026315789473685,19,0.1708769326908734,0.7942289198446503,0.1838207453902642,0.12587094992041203
arm5_weak_actuator,push_to_zone,nominal,23007,v1,True,True,1.0,0.007879092833848326,0.007879092833848326,0.00026684595306953484,720,720,0,False,,2ebd5a46a509772b,0.4909026832345291,0.1922008406969599,20.99878472915089,0,0,0,0,True,True,28,3,25,141,0.0,0.7375886524822695,21,0.1678761770880919,0.8461241030399241,0.19136504479073105,0.2113448158917115
arm5_weak_actuator,push_to_zone,nominal,23008,v1,True,True,1.0,0.02503922724422981,0.02503922724422981,0.00017057128483083516,720,720,0,False,,2ebd5a46a509772b,0.4767800469895258,0.19553565098015074,22.88866774770088,0,0,0,0,True,True,29,3,26,139,0.007194244604316547,0.7266187050359713,17,0.1525835579018885,0.9985311376149317,0.19586652989427975,0.22625580809345003
arm5_weak_actuator,push_to_zone,nominal,23009,v1,True,True,1.0,0.01333243776655557,0.01333243776655557,0.0002806389626167359,720,720,0,False,,2ebd5a46a509772b,0.4386048738608128,0.191026017845658,18.79638555729271,0,0,0,0,True,True,15,0,15,144,0.0,0.7986111111111112,18,0.16344278567211806,1.1056167069368597,0.19001234843361,0.1935656110047499
arm5_weak_actuator,push_to_zone,nominal,23010,v1,True,True,1.0,0.00868058053209607,0.00868058053209607,0.00027478194098652236,720,720,0,False,,2ebd5a46a509772b,0.5239058292703547,0.19618186599706375,19.789685743040824,0,0,0,0,True,True,27,4,23,147,0.0,0.6122448979591837,21,0.17291384673041865,0.774213481429347,0.19616251186172184,0.26869158904002166
arm5_weak_actuator,push_to_zone,nominal,23011,v1,True,True,1.0,0.03845941681773322,0.03845941681773322,2.0070164554040265e-11,720,720,0,False,,2ebd5a46a509772b,0.5761214377280814,0.20851134534287188,24.56179320171479,0,0,0,0,True,True,24,2,22,138,0.014492753623188406,0.6304347826086957,20,0.14427787906121642,1.04078335890675,0.21004033435368016,0.32191467543283814
arm5_weak_actuator,push_to_zone,nominal,23012,v1,True,True,1.0,0.006919594187976901,0.006919594187976901,0.0003283984938043784,720,720,0,False,,2ebd5a46a509772b,0.5026520923690985,0.19426035969002658,18.440747989511635,0,0,0,0,True,True,26,4,22,165,0.0,0.7636363636363637,22,0.17899055023737845,0.9626192690859393,0.1939763621336088,0.25697487354227544
arm5_weak_actuator,push_to_zone,nominal,23013,v1,True,True,1.0,0.011332134807773455,0.011332134807773455,0.00035230511318511034,720,720,0,False,,2ebd5a46a509772b,0.4245196794988182,0.18627319873008769,19.772917538475188,0,0,0,0,True,True,32,4,28,159,0.0,0.7672955974842768,21,0.1700733384109516,0.9772494948791263,0.1843641770840483,0.15352000090560036
arm5_weak_actuator,push_to_zone,nominal,23014,v1,True,True,1.0,0.011201119044179707,0.011201119044179707,0.00036323048477123496,720,720,0,False,,2ebd5a46a509772b,0.4303855062111306,0.18741928753467715,19.985552156060102,0,0,0,0,True,True,36,5,31,154,0.0,0.7532467532467533,21,0.1697515221727911,0.9028430401113006,0.1854594342975041,0.15688476406216267
arm5_weak_actuator,push_to_zone,nominal,23015,v1,True,True,1.0,0.010525096552785433,0.010525096552785433,0.00023480785019483786,720,720,0,False,,2ebd5a46a509772b,0.5083076785455205,0.19867713634117964,19.63064816762945,0,0,0,0,True,True,19,1,18,142,0.0,0.7323943661971831,19,0.17014761747613988,0.9050985210984511,0.19870900299457944,0.255476418986913
arm5_weak_actuator,push_to_zone,nominal,23016,v1,True,True,1.0,0.009569521867569894,0.009569521867569894,0.00033293141331016893,720,720,0,False,,2ebd5a46a509772b,0.46132136784864564,0.19324453686226434,21.95164151739317,0,0,0,0,True,True,39,5,34,158,0.0,0.7025316455696202,21,0.16834923434676807,0.9703180951011866,0.1927464235453929,0.18223127697612806
arm5_weak_actuator,push_to_zone,nominal,23017,v1,True,True,1.0,0.04621264851453794,0.04621264851453794,0.10799190842082138,720,720,0,False,,2ebd5a46a509772b,0.5255061735547808,0.1985494498401334,21.406742784184704,0,0,0,0,True,True,30,4,26,148,0.013513513513513514,0.722972972972973,17,0.1412442784228794,0.9162892540355247,0.19955790346970229,0.2533284862602465
arm5_weak_actuator,push_to_zone,nominal,23018,v1,True,True,1.0,0.01098193038575825,0.01098193038575825,0.0002907493713622608,720,720,0,False,,2ebd5a46a509772b,0.47638096873637537,0.19793219082607078,20.541076292251677,0,0,0,0,True,True,32,5,27,154,0.006493506493506494,0.7077922077922078,23,0.17204688792200734,0.9182065387000605,0.19823760677860486,0.2500077181839955
arm5_weak_actuator,push_to_zone,nominal,23019,v1,True,True,1.0,0.00854602604846044,0.00854602604846044,0.0002549191177057172,720,720,0,False,,2ebd5a46a509772b,0.4332093447952321,0.19054263165429985,20.038385376070757,0,0,0,0,True,True,15,0,15,135,0.0,0.7555555555555555,19,0.16860378551340732,0.8940762234925581,0.18922021260053634,0.16869345451328988
arm5_weak_actuator,push_to_zone,nominal,23020,v1,True,True,1.0,0.03211862626538383,0.03211862626538383,8.190880468341458e-05,720,720,0,False,,2ebd5a46a509772b,0.46552436087014115,0.1952257696021487,21.768747782296334,0,0,0,0,True,True,31,4,27,153,0.006535947712418301,0.673202614379085,20,0.1526753698939779,1.0035279883329935,0.19541072552550243,0.20316365363665367
arm5_weak_actuator,push_to_zone,nominal,23021,v1,True,True,1.0,0.019097683959272777,0.019097683959272777,0.00030883373945464314,720,720,0,False,,2ebd5a46a509772b,0.4869270435692301,0.19382008933765585,18.288284289230624,0,0,0,0,True,True,25,2,23,141,0.0,0.7801418439716312,20,0.16375512538026785,0.8754680543203401,0.19300968707133917,0.25610755292557785
arm5_weak_actuator,push_to_zone,nominal,23022,v1,True,True,1.0,0.013943286587766194,0.013943286587766194,0.0004205995630964536,720,720,0,False,,2ebd5a46a509772b,0.4937314208024679,0.19396254182926373,19.790406848447795,0,0,0,0,True,True,39,6,33,179,0.0,0.6983240223463687,28,0.18229742325317586,0.9200372395971477,0.19387380968993617,0.2729551946291222
arm5_weak_actuator,push_to_zone,nominal,23023,v1,True,True,1.0,0.008181182715507579,0.008181182715507579,0.00022669243807984862,720,720,0,False,,2ebd5a46a509772b,0.5438346032421961,0.19993154859776244,21.231590975839957,0,0,0,0,True,True,20,1,19,132,0.0,0.6590909090909091,21,0.16975200444796804,0.8852861445785817,0.20038069588253943,0.27627607105437146
arm5_weak_actuator,push_to_zone,nominal,23024,v1,True,True,1.0,0.008775098918431427,0.008775098918431427,0.00033019135006527025,720,720,0,False,,2ebd5a46a509772b,0.4843858671661243,0.19523004994226453,20.205850195915453,0,0,0,0,True,True,34,5,29,166,0.0,0.7469879518072289,24,0.17388159259372946,0.9591683406498923,0.19480025061517278,0.2264091888792179
arm5_weak_actuator,push_to_zone,low_friction,23001,v1,True,True,1.0,0.005402156380720329,0.005402156380720329,0.0008945920177384586,720,720,0,False,,2ebd5a46a509772b,0.5151529322075654,0.19941520351301584,21.134815342308155,0,0,0,0,True,True,42,13,29,193,0.0,0.8290155440414507,17,0.18039917345936676,0.7628117114034187,0.18779907765890988,0.2164402031767101
arm5_weak_actuator,push_to_zone,low_friction,23002,v1,True,True,1.0,0.013152732322535323,0.013152732322535323,0.0005498388752335937,720,720,0,False,,2ebd5a46a509772b,0.47255088281840063,0.19563731595954373,21.45793026825097,0,0,0,0,True,True,33,7,26,205,0.0,0.8048780487804879,25,0.17825752972409403,0.7589302438627411,0.18316327526558002,0.14290122163321684
arm5_weak_actuator,push_to_zone,low_friction,23003,v1,True,True,1.0,0.008869781225487573,0.008869781225487573,0.00042214809740532053,720,720,0,False,,2ebd5a46a509772b,0.46038591275398133,0.19613066869669094,23.92868169638559,0,0,0,0,True,True,33,6,27,170,0.0,0.8,20,0.1669945783472145,1.0009167907994154,0.18311416988790089,0.10507465508981229
arm5_weak_actuator,push_to_zone,low_friction,23004,v1,True,True,1.0,0.005839039091640555,0.005839039091640555,0.0001949063773918066,720,720,0,False,,2ebd5a46a509772b,0.5387171627793959,0.2044143591934215,23.234731717507078,0,0,0,0,True,True,24,5,19,161,0.0,0.7329192546583851,23,0.17026775247508083,0.7816476511309123,0.19190208384571608,0.17124742580672958
arm5_weak_actuator,push_to_zone,low_friction,23005,v1,True,True,1.0,0.005418072153302429,0.005418072153302429,0.0004707513891183189,720,720,0,False,,2ebd5a46a509772b,0.5378524002816558,0.20235491729807428,23.348495345316472,0,0,0,0,True,True,34,8,26,201,0.0,0.7810945273631841,27,0.1855699559254777,0.9628945458315218,0.1917686810929898,0.2190386226480303
arm5_weak_actuator,push_to_zone,low_friction,23006,v1,True,True,1.0,0.008715294742036741,0.008715294742036741,0.00046047947947180825,720,720,0,False,,2ebd5a46a509772b,0.4980261477013519,0.19942595655911102,21.856336286297076,0,0,0,0,True,True,36,10,26,179,0.0,0.7821229050279329,19,0.17495815916832097,0.839524281013753,0.18767303080327574,0.19373308089619812
arm5_weak_actuator,push_to_zone,low_friction,23007,v1,True,True,1.0,0.006998509080384311,0.006998509080384311,0.00024167523715762867,720,720,0,False,,2ebd5a46a509772b,0.577384800594106,0.20625017573210927,23.847118390156854,0,0,0,0,True,True,28,5,23,161,0.0,0.7888198757763976,21,0.1716668212557208,0.9177502365302916,0.1941784529878727,0.24030660129289805
arm5_weak_actuator,push_to_zone,low_friction,23008,v1,True,True,1.0,0.008014494801536971,0.008014494801536971,6.394568941664015e-05,720,720,0,False,,2ebd5a46a509772b,0.5402758543353299,0.2057019774494048,24.565455174636682,0,0,0,0,True,True,36,5,31,169,0.0,0.7633136094674556,23,0.16751584895237273,1.116361736464605,0.19641355400695756,0.25383841390225204
arm5_weak_actuator,push_to_zone,low_friction,23009,v1,True,True,1.0,0.013219957725789818,0.013219957725789818,0.00019632672761421904,720,720,0,False,,2ebd5a46a509772b,0.5254925240467987,0.2054126520907896,23.350580054588896,0,0,0,0,True,True,33,6,27,156,0.00641025641025641,0.7051282051282052,23,0.16547692940772005,0.8504519319548851,0.19607973262247264,0.22769062666564466
arm5_weak_actuator,push_to_zone,low_friction,23010,v1,True,True,1.0,0.005670187467775124,0.005670187467775124,0.00028000331906245573,720,720,0,False,,2ebd5a46a509772b,0.59100135554637,0.20818339469802585,22.996456811356783,0,0,0,0,True,True,43,8,35,183,0.0,0.7377049180327869,25,0.18088472219834706,0.8993525382818194,0.19889764188888734,0.30807513219792115
arm5_weak_actuator,push_to_zone,low_friction,23011,v1,True,True,1.0,0.01039150067132978,0.01039150067132978,0.0007706126246067554,720,720,0,False,,2ebd5a46a509772b,0.6182195832524693,0.21598436994311385,25.982216531605637,0,0,0,0,True,True,29,7,22,142,0.0,0.6338028169014085,20,0.16856059127085085,0.8845704867267408,0.2085670052523341,0.34613469158408217
arm5_weak_actuator,push_to_zone,low_friction,23012,v1,True,True,1.0,0.006349686685008374,0.006349686685008374,0.0008335805717430035,720,720,0,False,,2ebd5a46a509772b,0.5649499916245233,0.2052946997074891,21.403759232320198,0,0,0,0,True,True,40,9,31,179,0.0,0.7932960893854749,18,0.1858318932811423,0.8746178167076177,0.19527704857398043,0.2953908921149533
arm5_weak_actuator,push_to_zone,low_friction,23013,v1,True,True,1.0,0.006249788598056194,0.006249788598056194,0.0009369227872891502,720,720,0,False,,2ebd5a46a509772b,0.5050222175601022,0.1987756086726655,23.136965967243952,0,0,0,0,True,True,42,9,33,187,0.0,0.839572192513369,21,0.1750698409260353,0.9621287745956861,0.18746080944868287,0.20119619552031542
arm5_weak_actuator,push_to_zone,low_friction,23014,v1,True,True,1.0,0.008109240388921607,0.008109240388921607,0.0006625894737963552,720,720,0,False,,2ebd5a46a509772b,0.5221575014206081,0.20162355791621134,23.155357240925984,0,0,0,0,True,True,35,11,24,183,0.0,0.7486338797814208,25,0.18335163240822994,0.7883150742790981,0.1901713574718494,0.20717866847379618
arm5_weak_actuator,push_to_zone,low_friction,23015,v1,True,True,1.0,0.005752262658745849,0.005752262658745849,0.0006877583122662557,720,720,0,False,,2ebd5a46a509772b,0.5760607800848287,0.21037545490810616,22.740371320791883,0,0,0,0,True,True,25,4,21,167,0.0,0.7844311377245509,18,0.1751581633060658,0.9635898613571958,0.20087466895973052,0.2867039183957276
arm5_weak_actuator,push_to_zone,low_friction,23016,v1,True,True,1.0,0.0057341707627704686,0.0057341707627704686,0.000298481246123729,720,720,0,False,,2ebd5a46a509772b,0.5407162842409416,0.20544741697086008,24.161680773693405,0,0,0,0,True,True,28,6,22,187,0.0,0.8021390374331551,24,0.18238661341936557,0.953475890915604,0.19452203387187178,0.21653451280426594
arm5_weak_actuator,push_to_zone,low_friction,23017,v1,True,True,1.0,0.009466882553460138,0.009466882553460138,0.0012816992426266077,720,720,0,False,,2ebd5a46a509772b,0.5870378323447967,0.2086625567144928,22.159015994927092,0,0,0,0,True,True,31,8,23,174,0.0,0.8103448275862069,24,0.177103574176885,0.9693336718759474,0.19784783383611296,0.27417565530224586
arm5_weak_actuator,push_to_zone,low_friction,23018,v1,True,True,1.0,0.020829169135265554,0.020829169135265554,0.00030761000886626936,720,720,0,False,,2ebd5a46a509772b,0.5289079648306192,0.20726051521211342,24.461707913769626,0,0,0,0,True,True,37,9,28,182,0.005494505494505495,0.6923076923076923,23,0.1725344461557701,0.9500218966544706,0.2001031944982499,0.2840345570667817
arm5_weak_actuator,push_to_zone,low_friction,23019,v1,True,True,1.0,0.02898945496370663,0.02898945496370663,3.349082944306249e-05,720,720,0,False,,2ebd5a46a509772b,0.5318867545282835,0.20626547740817422,25.006835859184665,0,0,0,0,True,True,27,5,22,161,0.012422360248447204,0.7453416149068323,18,0.15028134745158717,1.0071380484661305,0.19697639246616244,0.21488552895025004
arm5_weak_actuator,push_to_zone,low_friction,23020,v1,True,True,1.0,0.009809295851144241,0.009809295851144241,0.00030346240272320597,720,720,0,False,,2ebd5a46a509772b,0.5086459433736725,0.20196812924252938,22.255759836490896,0,0,0,0,True,True,37,7,30,160,0.0,0.79375,20,0.16913633971566186,0.891511425573775,0.19191677360783638,0.23227856123232504
arm5_weak_actuator,push_to_zone,low_friction,23021,v1,True,True,1.0,0.005802430735937907,0.005802430735937907,0.0007813300024956433,720,720,0,False,,2ebd5a46a509772b,0.5675480691293862,0.2083978273523209,23.37365750554911,0,0,0,0,True,True,40,9,31,180,0.0,0.7444444444444445,28,0.18182022873667378,1.019124463308596,0.20033153982061458,0.30334145374047816
arm5_weak_actuator,push_to_zone,low_friction,23022,v1,True,True,1.0,0.011635971036972994,0.011635971036972994,0.0009782342990691955,720,720,0,False,,2ebd5a46a509772b,0.5307300133560817,0.20031995864345298,21.756976730385972,0,0,0,0,True,True,34,11,23,196,0.0,0.7959183673469388,25,0.18191927761189275,0.8847748291466704,0.18948819782265147,0.2618411408443069
arm5_weak_actuator,push_to_zone,low_friction,23023,v1,True,True,1.0,0.006007108244294712,0.006007108244294712,0.00017299050641371184,720,720,0,False,,2ebd5a46a509772b,0.6277830214009845,0.21425690826588803,24.855941250593272,0,0,0,0,True,True,28,6,22,157,0.0,0.7643312101910829,19,0.17363795716493233,0.9205796138379134,0.20397984567301908,0.3092480865769116
arm5_weak_actuator,push_to_zone,low_friction,23024,v1,True,True,1.0,0.005390296192635189,0.005390296192635189,0.00037246434368545084,720,720,0,False,,2ebd5a46a509772b,0.553050934790305,0.20660650130450633,22.863697552281806,0,0,0,0,True,True,37,9,28,186,0.0,0.7849462365591398,23,0.1827510960277095,0.888459720036385,0.19716532287759586,0.26696674003958965
arm5_weak_actuator,push_to_zone,latency_load,23001,v1,True,True,1.0,0.00510316788409719,0.00510316788409719,0.0018474029263637972,720,720,0,False,,2ebd5a46a509772b,0.5454182392704041,0.20465062997419015,34.09701081995351,0,0,0,0,True,True,42,9,33,211,0.0,0.8104265402843602,25,0.1817133971061524,0.868990977904081,0.19118669783635364,0.23433953782337769
arm5_weak_actuator,push_to_zone,latency_load,23002,v1,False,False,0.6666666666666666,0.018893875500984845,0.018893875500984845,0.04829923550699037,720,399,0,True,false_terminal_accept,2ebd5a46a509772b,0.38746573746349444,0.18750018924516654,39.07975142393468,0,0,0,0,True,True,44,12,32,224,0.008928571428571428,0.7589285714285714,23,0.17702723396067355,0.852581670401942,0.18672089040931064,0.17678023841924695
arm5_weak_actuator,push_to_zone,latency_load,23003,v1,True,True,1.0,0.0055246235212691565,0.0055246235212691565,0.00013817642951832572,720,720,0,False,,2ebd5a46a509772b,0.49727519831898404,0.2016652888816356,36.067777581753646,0,0,0,0,True,True,39,8,31,174,0.0,0.7931034482758621,17,0.165137945849972,0.9286095415336006,0.18759013885978093,0.1593920303873162
arm5_weak_actuator,push_to_zone,latency_load,23004,v1,True,True,1.0,0.005414284028096428,0.005414284028096428,0.00033006879849103283,720,720,0,False,,2ebd5a46a509772b,0.5718350603754696,0.2096802683159539,34.547727831807315,0,0,0,0,True,True,33,11,22,189,0.0,0.7777777777777778,23,0.1790579132611862,0.8659427435237486,0.19526303472750475,0.21247364720995687
arm5_weak_actuator,push_to_zone,latency_load,23005,v1,True,True,1.0,0.00951770135935687,0.00951770135935687,5.553668361986047e-05,720,720,0,False,,2ebd5a46a509772b,0.5586544566578682,0.2060142949844589,36.99848308561367,0,0,0,0,True,True,43,13,30,208,0.0,0.7548076923076923,24,0.18624387077162471,0.881746012953584,0.19322165384577195,0.261368381619997
arm5_weak_actuator,push_to_zone,latency_load,23006,v1,True,True,1.0,0.009125842356613567,0.009125842356613567,0.0010004494676759158,720,720,0,False,,2ebd5a46a509772b,0.5147708196675516,0.20211845225950473,33.60737347458578,0,0,0,0,True,True,57,11,46,211,0.0,0.8388625592417062,19,0.18463684255255702,0.8551183790985614,0.1889921996669291,0.2132052567308893
arm5_weak_actuator,push_to_zone,latency_load,23007,v1,True,True,1.0,0.01599569412029172,0.01599569412029172,0.0003793166108682533,720,720,0,False,,2ebd5a46a509772b,0.5930161358351191,0.2091097193398467,34.44248051324746,0,0,0,0,True,True,49,10,39,181,0.0,0.8784530386740331,17,0.17338195113244245,0.8098664980703574,0.19407172391843078,0.2662557981142717
arm5_weak_actuator,push_to_zone,latency_load,23008,v1,False,False,0.6666666666666666,0.015612086413064765,0.015612086413064765,0.008518206932817398,720,338,0,True,false_terminal_accept,2ebd5a46a509772b,0.4808168447079981,0.2013344841813472,39.158973298439065,0,0,0,0,True,True,32,11,21,180,0.011111111111111112,0.6277777777777778,22,0.17299002337031433,0.9168925668596596,0.2011553329667913,0.27424793972057326
arm5_weak_actuator,push_to_zone,latency_load,23009,v1,True,True,1.0,0.00624112975374193,0.00624112975374193,0.0005008114845381552,720,720,0,False,,2ebd5a46a509772b,0.5320199291655925,0.2067697371263625,34.21600441667599,0,0,0,0,True,True,44,10,34,178,0.0,0.7696629213483146,22,0.17830328236372786,0.8893878953863121,0.19514110956744232,0.24393623275499987
arm5_weak_actuator,push_to_zone,latency_load,23010,v1,True,True,1.0,0.004478545620003993,0.004478545620003993,0.0015441631712662387,720,720,0,False,,2ebd5a46a509772b,0.5919693328676288,0.2088193818959019,33.32650747729768,0,0,0,0,True,True,51,13,38,191,0.0,0.8324607329842932,17,0.18202298363845884,0.8883634857198379,0.196772574037652,0.3164517000691296
arm5_weak_actuator,push_to_zone,latency_load,23011,v1,True,True,1.0,0.014645140046522129,0.014645140046522129,0.0013258080647514702,720,720,0,False,,2ebd5a46a509772b,0.620689766639396,0.21685701716820902,36.754249886529244,0,0,0,0,True,True,40,11,29,163,0.0,0.7791411042944786,18,0.17846541565578813,0.9291089290021727,0.20755302731337275,0.36039301716976757
arm5_weak_actuator,push_to_zone,latency_load,23012,v1,True,True,1.0,0.005063775844871708,0.005063775844871708,4.8551807682334706e-05,720,720,0,False,,2ebd5a46a509772b,0.58212699320885,0.2087940955682732,33.94042357414812,0,0,0,0,True,True,41,9,32,203,0.0,0.7832512315270936,21,0.1902265039512684,0.7945009771301457,0.1969482044538512,0.3029349733285711
arm5_weak_actuator,push_to_zone,latency_load,23013,v1,True,True,1.0,0.004667721650640936,0.004667721650640936,8.954268060275757e-05,720,720,0,False,,2ebd5a46a509772b,0.5384393619868533,0.2045415352259595,34.469156696459144,0,0,0,0,True,True,50,10,40,192,0.0,0.734375,26,0.18413260552577276,0.8176956351347573,0.19226518783501922,0.2230511864479774
arm5_weak_actuator,push_to_zone,latency_load,23014,v1,True,True,1.0,0.03439922126194694,0.03439922126194694,1.401278333884479e-12,720,720,0,False,,2ebd5a46a509772b,0.5695891836444167,0.20975639637757026,49.561231365684236,0,0,0,0,True,True,39,12,27,206,0.019417475728155338,0.7621359223300971,23,0.1595614492335085,0.9533062231213898,0.19549325320101119,0.22784628433126874
arm5_weak_actuator,push_to_zone,latency_load,23015,v1,True,True,1.0,0.022398172031403277,0.022398172031403277,1.2367638730587498e-05,720,720,0,False,,2ebd5a46a509772b,0.6067945424968566,0.2157641883671926,37.924034578360676,0,0,0,0,True,True,31,7,24,166,0.006024096385542169,0.6927710843373494,19,0.16702314096797627,0.7772276652689495,0.20386431808605154,0.2976667118980827
arm5_weak_actuator,push_to_zone,latency_load,23016,v1,True,True,1.0,0.015179232534443548,0.015179232534443548,0.0006316962936386987,720,720,0,False,,2ebd5a46a509772b,0.5640954527707285,0.2091693721327694,34.810108786843806,0,0,0,0,True,True,40,8,32,191,0.0,0.7486910994764397,20,0.18129114518248707,0.9024084169420852,0.19632480138069378,0.25771620324170197
arm5_weak_actuator,push_to_zone,latency_load,23017,v1,True,True,1.0,0.007241153304558828,0.007241153304558828,0.00033047337306545783,720,720,0,False,,2ebd5a46a509772b,0.6193406632955099,0.21449396880283303,34.33652944576004,0,0,0,0,True,True,35,9,26,187,0.0,0.7486631016042781,22,0.1883778559949361,0.8308399002189506,0.20201532222576654,0.3050272503955851
arm5_weak_actuator,push_to_zone,latency_load,23018,v1,True,True,1.0,0.014452276911672907,0.014452276911672907,0.0005338811787122007,720,720,0,False,,2ebd5a46a509772b,0.5269068790823375,0.20703050982822221,37.47423039805662,0,0,0,0,True,True,49,13,36,216,0.0,0.75,26,0.1909396633077525,0.8366455833398253,0.19881573722221613,0.30513882122129
arm5_weak_actuator,push_to_zone,latency_load,23019,v1,True,True,1.0,0.007383760354500897,0.007383760354500897,4.863463884747706e-05,720,720,0,False,,2ebd5a46a509772b,0.5593012164806441,0.21063218052854796,35.57013758078222,0,0,0,0,True,True,29,8,21,176,0.0,0.7670454545454546,17,0.17947842602848413,0.8981891890836727,0.1984399025947138,0.2424091574382996
arm5_weak_actuator,push_to_zone,latency_load,23020,v1,True,True,1.0,0.004967945977141243,0.004967945977141243,0.00037278238480041044,720,720,0,False,,2ebd5a46a509772b,0.5371485413603674,0.20707631574405852,34.44013507008498,0,0,0,0,True,True,38,12,26,180,0.0,0.7722222222222223,20,0.1793033489071719,0.8522673266509697,0.19577529582597725,0.2607045464539719
arm5_weak_actuator,push_to_zone,latency_load,23021,v1,True,True,1.0,0.005122754914106919,0.005122754914106919,0.0008406964045737713,720,720,0,False,,2ebd5a46a509772b,0.5679926562795252,0.20898522088503058,34.46111005111454,0,0,0,0,True,True,49,16,33,198,0.0,0.7727272727272727,24,0.1843278095355319,0.9929059992470268,0.19908562010697628,0.3166613409035972
arm5_weak_actuator,push_to_zone,latency_load,23022,v1,True,True,1.0,0.0326186600633508,0.0326186600633508,1.1186309921169679e-07,720,720,0,False,,2ebd5a46a509772b,0.5773230535107854,0.20895732559713653,41.52142017782306,0,0,0,0,True,True,36,10,26,221,0.004524886877828055,0.7149321266968326,32,0.18294188648036244,0.8397358300254167,0.1972455805486009,0.3345990495947331
arm5_weak_actuator,push_to_zone,latency_load,23023,v1,True,True,1.0,0.018794019886783832,0.018794019886783832,0.000344031836384029,720,720,0,False,,2ebd5a46a509772b,0.6413343168413435,0.21686726178673082,34.664726345368344,0,0,0,0,True,True,54,12,42,170,0.0,0.7705882352941177,22,0.17857174919497198,0.7869538862057252,0.2044983391550407,0.3326825781457341
arm5_weak_actuator,push_to_zone,latency_load,23024,v1,True,True,1.0,0.004722954566456873,0.004722954566456873,0.0008944044857839153,720,720,0,False,,2ebd5a46a509772b,0.5643278962438449,0.2086447877207895,33.55023264731958,0,0,0,0,True,True,57,11,46,192,0.0,0.796875,22,0.17710256184305748,0.9316458623948997,0.19802384466784392,0.29540876654272186
arm5_weak_actuator,push_to_zone,severe,23001,v1,False,False,0.0,0.21841401376681163,0.21841401376681163,1.4459174501708219e-08,720,135,0,True,stage_timeout,2ebd5a46a509772b,0.4489298859066495,0.22871742109343057,158.58398788356465,0,0,0,0,False,False,0,0,0,0,0.0,0.0,0,0.0,0.0,nan,nan
arm5_weak_actuator,push_to_zone,severe,23002,v1,False,False,0.0,0.20910300490965275,0.20910300490965275,4.58255212382406e-09,720,135,0,True,stage_timeout,2ebd5a46a509772b,0.4065052715009094,0.22310238814591374,159.18864780624136,0,0,0,0,False,False,0,0,0,0,0.0,0.0,0,0.0,0.0,nan,nan
arm5_weak_actuator,push_to_zone,severe,23003,v1,False,False,0.0,0.20682962861230764,0.20682962861230764,2.6639859572893226e-08,720,135,0,True,stage_timeout,2ebd5a46a509772b,0.4142247571837441,0.22243857856666968,162.3015925726736,0,0,0,0,False,False,0,0,0,0,0.0,0.0,0,0.0,0.0,nan,nan
arm5_weak_actuator,push_to_zone,severe,23004,v1,False,False,0.0,0.20434117447282513,0.20434117447282513,1.435786437620666e-07,720,135,0,True,stage_timeout,2ebd5a46a509772b,0.45482647862384784,0.22674941111106417,161.5607322241007,0,0,0,0,False,False,0,0,0,0,0.0,0.0,0,0.0,0.0,nan,nan
arm5_weak_actuator,push_to_zone,severe,23005,v1,False,False,0.0,0.20524698266830677,0.20524698266830677,7.979701969117972e-08,720,135,0,True,stage_timeout,2ebd5a46a509772b,0.46562260425775115,0.2286618120914476,158.3994407102477,0,0,0,0,False,False,0,0,0,0,0.0,0.0,0,0.0,0.0,nan,nan
arm5_weak_actuator,push_to_zone,severe,23006,v1,False,False,0.0,0.2046157484901129,0.2046157484901129,3.8199453054620586e-11,720,135,0,True,stage_timeout,2ebd5a46a509772b,0.44323256239057063,0.22783286323893034,157.28325159731264,0,0,0,0,False,False,0,0,0,0,0.0,0.0,0,0.0,0.0,nan,nan
arm5_weak_actuator,push_to_zone,severe,23007,v1,False,False,0.0,0.1973957550980339,0.1973957550980339,2.108664358641268e-11,720,135,0,True,stage_timeout,2ebd5a46a509772b,0.5057955639801377,0.23073608617823602,162.52164535628413,0,0,0,0,False,False,0,0,0,0,0.0,0.0,0,0.0,0.0,nan,nan
arm5_weak_actuator,push_to_zone,severe,23008,v1,False,False,0.0,0.18352064475542895,0.18352064475542895,5.5552522669415916e-08,720,135,0,True,stage_timeout,2ebd5a46a509772b,0.4923883150053001,0.23307347279558507,154.30456038364244,0,0,0,0,False,False,0,0,0,0,0.0,0.0,0,0.0,0.0,nan,nan
arm5_weak_actuator,push_to_zone,severe,23009,v1,False,False,0.0,0.18704132872013637,0.18704132872013637,3.9393173709300865e-09,720,135,0,True,stage_timeout,2ebd5a46a509772b,0.4684261893694912,0.23219297053951393,153.7427565764024,0,0,0,0,False,False,0,0,0,0,0.0,0.0,0,0.0,0.0,nan,nan
arm5_weak_actuator,push_to_zone,severe,23010,v1,False,False,0.0,0.21271575551936403,0.21271575551936403,6.872738880815474e-08,720,135,0,True,stage_timeout,2ebd5a46a509772b,0.5248969231865952,0.2359240194117969,157.4734774909356,0,0,0,0,False,False,0,0,0,0,0.0,0.0,0,0.0,0.0,nan,nan
arm5_weak_actuator,push_to_zone,severe,23011,v1,False,False,0.0,0.1521700452959662,0.1521700452959662,6.831978574060427e-08,720,135,0,True,stage_timeout,2ebd5a46a509772b,0.5575848342134386,0.24048519468915988,150.85433319241,0,0,0,0,False,False,0,0,0,0,0.0,0.0,0,0.0,0.0,nan,nan
arm5_weak_actuator,push_to_zone,severe,23012,v1,False,False,0.0,0.19426830398978007,0.19426830398978007,2.916039896235858e-11,720,135,0,True,stage_timeout,2ebd5a46a509772b,0.5029934846134787,0.23488247765529932,155.0933112094586,0,0,0,0,False,False,0,0,0,0,0.0,0.0,0,0.0,0.0,nan,nan
arm5_weak_actuator,push_to_zone,severe,23013,v1,False,False,0.0,0.2058308857246599,0.2058308857246599,5.0747587637140085e-08,720,135,0,True,stage_timeout,2ebd5a46a509772b,0.45185920235288046,0.2271617597613314,159.6315300268162,0,0,0,0,False,False,0,0,0,0,0.0,0.0,0,0.0,0.0,nan,nan
arm5_weak_actuator,push_to_zone,severe,23014,v1,False,False,0.0,0.19467485610182184,0.19467485610182184,1.705879615463547e-07,720,135,0,True,stage_timeout,2ebd5a46a509772b,0.4533260588218724,0.2268983137311197,159.329207282794,0,0,0,0,False,False,0,0,0,0,0.0,0.0,0,0.0,0.0,nan,nan
arm5_weak_actuator,push_to_zone,severe,23015,v1,False,False,0.0,0.19722215357484685,0.19722215357484685,4.814525854477324e-08,720,135,0,True,stage_timeout,2ebd5a46a509772b,0.5270963507189901,0.23960697686232646,152.67298518727065,0,0,0,0,False,False,0,0,0,0,0.0,0.0,0,0.0,0.0,nan,nan
arm5_weak_actuator,push_to_zone,severe,23016,v1,False,False,0.0,0.18087534268304506,0.18087534268304506,2.2894991035671474e-08,720,135,0,True,stage_timeout,2ebd5a46a509772b,0.4798542440432003,0.2313857667939656,156.0737865439384,0,0,0,0,False,False,0,0,0,0,0.0,0.0,0,0.0,0.0,nan,nan
arm5_weak_actuator,push_to_zone,severe,23017,v1,False,False,0.0,0.21825275033692823,0.21825275033692823,1.1893178252198998e-07,720,135,0,True,stage_timeout,2ebd5a46a509772b,0.518496379695069,0.236120872998965,156.91375290636324,0,0,0,0,False,False,0,0,0,0,0.0,0.0,0,0.0,0.0,nan,nan
arm5_weak_actuator,push_to_zone,severe,23018,v1,False,False,0.0,0.17664886346700956,0.17664886346700956,0.09571331197323968,720,135,0,True,stage_timeout,2ebd5a46a509772b,0.4674243200849575,0.23544074229030412,145.6247403392215,0,0,0,0,False,False,0,0,0,0,0.0,0.0,0,0.0,0.0,nan,nan
arm5_weak_actuator,push_to_zone,severe,23019,v1,False,False,0.0,0.19416551290154652,0.19416551290154652,5.9255976906346956e-08,720,135,0,True,stage_timeout,2ebd5a46a509772b,0.4661959392280375,0.23113957448029562,155.73281758850095,0,0,0,0,False,False,0,0,0,0,0.0,0.0,0,0.0,0.0,nan,nan
arm5_weak_actuator,push_to_zone,severe,23020,v1,False,False,0.0,0.19661792510158826,0.19661792510158826,1.2260772605725652e-08,720,135,0,True,stage_timeout,2ebd5a46a509772b,0.48175701488434486,0.23445737741786443,153.28857884518166,0,0,0,0,False,False,0,0,0,0,0.0,0.0,0,0.0,0.0,nan,nan
arm5_weak_actuator,push_to_zone,severe,23021,v1,False,False,0.0,0.2015822369906344,0.2015822369906344,2.4560829805065786e-08,720,135,0,True,stage_timeout,2ebd5a46a509772b,0.5292884480560986,0.23982557194898185,152.73641207876375,0,0,0,0,False,False,0,0,0,0,0.0,0.0,0,0.0,0.0,nan,nan
arm5_weak_actuator,push_to_zone,severe,23022,v1,False,False,0.0,0.22811753315182176,0.22811753315182176,1.445388258326338e-05,720,135,0,True,stage_timeout,2ebd5a46a509772b,0.48261251373277414,0.23237378837601388,154.09429326326108,0,0,0,0,False,False,0,0,0,0,0.0,0.0,0,0.0,0.0,nan,nan
arm5_weak_actuator,push_to_zone,severe,23023,v1,False,False,0.0,0.1836943363386034,0.1836943363386034,4.0476113672044144e-08,720,135,0,True,stage_timeout,2ebd5a46a509772b,0.5482575055112835,0.23774139123283916,159.05206191001193,0,0,0,0,False,False,0,0,0,0,0.0,0.0,0,0.0,0.0,nan,nan
arm5_weak_actuator,push_to_zone,severe,23024,v1,False,False,0.0,0.2130044853850276,0.2130044853850276,1.7747529247702335e-11,720,135,0,True,stage_timeout,2ebd5a46a509772b,0.4910567634323937,0.23446425373214022,153.96789104782403,0,0,0,0,False,False,0,0,0,0,0.0,0.0,0,0.0,0.0,nan,nan
arm5_posture_shifted,push_to_zone,nominal,23001,v1,True,True,1.0,0.007725520346627003,0.007725520346627003,0.00036438262390557695,720,720,0,False,,2ebd5a46a509772b,0.5822899185593293,0.2086442373876823,18.70784746864583,0,0,0,0,True,True,32,5,27,175,0.0,0.6742857142857143,31,0.20706459679996897,0.8568068651579551,0.20941244769784567,0.3524339704539381
arm5_posture_shifted,push_to_zone,nominal,23002,v1,True,True,1.0,0.02244618525822587,0.02244618525822587,0.0002611364449788518,720,720,0,False,,2ebd5a46a509772b,0.5587963648788805,0.20799989076395206,20.35202715480151,0,0,0,0,True,True,29,5,24,163,0.0,0.6441717791411042,24,0.18333417916969608,0.946849097595788,0.20988026992219844,0.31375105297214745
arm5_posture_shifted,push_to_zone,nominal,23003,v1,True,True,1.0,0.02904874871606838,0.02904874871606838,7.836156912551176e-05,720,720,0,False,,2ebd5a46a509772b,0.6017438990486741,0.2165079108023822,22.715739779463576,0,0,0,0,True,True,29,4,25,155,0.0,0.567741935483871,24,0.18234876435909944,0.8803313613329841,0.218108638275618,0.3214371447434581
arm5_posture_shifted,push_to_zone,nominal,23004,v1,True,True,1.0,0.006959199923839958,0.006959199923839958,0.00030243000548896894,720,720,0,False,,2ebd5a46a509772b,0.6101611395610194,0.21320420707990662,19.92302862477867,0,0,0,0,True,True,40,6,34,149,0.0,0.6510067114093959,23,0.19653398330144636,0.6933783304449237,0.2139573930738189,0.36179377568267856
arm5_posture_shifted,push_to_zone,nominal,23005,v1,True,True,1.0,0.007369452823550128,0.007369452823550128,0.00036736081727607435,720,720,0,False,,2ebd5a46a509772b,0.6061270571102031,0.21125295006736358,19.549193856935446,0,0,0,0,True,True,35,6,29,169,0.0,0.7396449704142012,27,0.20084496177929972,1.005208263339151,0.21218971796638103,0.37256064257802324
arm5_posture_shifted,push_to_zone,nominal,23006,v1,True,True,1.0,0.007251283490232933,0.007251283490232933,0.0003117579052433914,720,720,0,False,,2ebd5a46a509772b,0.5902381579921738,0.21248764021996575,20.1904972267459,0,0,0,0,True,True,40,6,34,168,0.0,0.7321428571428571,27,0.1977737661834969,0.8940856335597748,0.21300791111029202,0.3458543508798697
arm5_posture_shifted,push_to_zone,nominal,23007,v1,True,True,1.0,0.017445689563310402,0.017445689563310402,0.00021476561985881283,720,720,0,False,,2ebd5a46a509772b,0.6706633706047813,0.21852174304536337,21.73387215491654,0,0,0,0,True,True,34,5,29,149,0.0,0.6442953020134228,22,0.18332925626124727,0.9330807789611609,0.2211336719336829,0.41822139100674605
arm5_posture_shifted,push_to_zone,nominal,23008,v1,True,True,1.0,0.011952356809012122,0.011952356809012122,0.00021906449898622608,720,720,0,False,,2ebd5a46a509772b,0.6553315089281453,0.22247322168855657,21.152220518855053,0,0,0,0,True,True,35,6,29,142,0.0,0.6056338028169014,22,0.18899339648840366,0.7229196003263814,0.22420135841659417,0.41343778057629166
arm5_posture_shifted,push_to_zone,nominal,23009,v1,True,True,1.0,0.015529109473604448,0.015529109473604448,0.00014837702310030427,720,720,0,False,,2ebd5a46a509772b,0.6189524947285912,0.21900048247778045,20.524277243720526,0,0,0,0,True,True,27,4,23,148,0.0,0.6013513513513513,19,0.18454311732536147,0.8519119940208283,0.21993510509493455,0.3667086918246656
arm5_posture_shifted,push_to_zone,nominal,23010,v1,True,True,1.0,0.007905354374274367,0.007905354374274367,0.0002950345625147337,720,720,0,False,,2ebd5a46a509772b,0.665215370667092,0.21803058585097254,20.0781983856025,0,0,0,0,True,True,28,4,24,175,0.0,0.6914285714285714,27,0.2049829363574413,0.978715392969846,0.21914286160923901,0.4238831182340159
arm5_posture_shifted,push_to_zone,nominal,23011,v1,True,True,1.0,0.03128942939722616,0.03128942939722616,7.099197872531325e-05,720,720,0,False,,2ebd5a46a509772b,0.7502720336551918,0.23476810036084325,21.62872347646995,0,0,0,0,True,True,35,6,29,146,0.0,0.547945205479452,22,0.1889834375828571,0.7037583255021833,0.23533871237240342,0.49375772972294296
arm5_posture_shifted,push_to_zone,nominal,23012,v1,True,True,1.0,0.029003120628948897,0.029003120628948897,5.627542797559043e-05,720,720,0,False,,2ebd5a46a509772b,0.6459780076769732,0.21672612738590205,20.201742907823412,0,0,0,0,True,True,36,5,31,153,0.0,0.6274509803921569,21,0.18128216079345616,0.8353312476147875,0.21930267085830263,0.4035707752003188
arm5_posture_shifted,push_to_zone,nominal,23013,v1,True,True,1.0,0.009686515328534985,0.009686515328534985,0.00030343998339629465,720,720,0,False,,2ebd5a46a509772b,0.6129179910613733,0.21426123192598265,20.728047078025252,0,0,0,0,True,True,37,8,29,161,0.0,0.6459627329192547,26,0.19809649404112295,0.8988582374683386,0.21545705460537254,0.3723182005952781
arm5_posture_shifted,push_to_zone,nominal,23014,v1,True,True,1.0,0.007673034271888802,0.007673034271888802,0.00027665640824693454,720,720,0,False,,2ebd5a46a509772b,0.6174396107536868,0.21465766093042724,21.83408369232035,0,0,0,0,True,True,37,6,31,158,0.0,0.6265822784810127,27,0.19534943750893854,1.0184133250825556,0.2160483624626528,0.36733781533567145
arm5_posture_shifted,push_to_zone,nominal,23015,v1,True,True,1.0,0.01369091472843705,0.01369091472843705,0.00026762967984631354,720,720,0,False,,2ebd5a46a509772b,0.6703753729282846,0.22350211853324317,20.225269074375063,0,0,0,0,True,True,29,5,24,160,0.0,0.64375,25,0.20405512238245793,0.8170286546757367,0.22430776213810588,0.42663443866655326
arm5_posture_shifted,push_to_zone,nominal,23016,v1,True,True,1.0,0.031448102130766285,0.031448102130766285,0.00014856255424687542,720,720,0,False,,2ebd5a46a509772b,0.6434719474717956,0.2191165020028271,21.776636813630816,0,0,0,0,True,True,35,6,29,154,0.0,0.5909090909090909,24,0.17531961727113876,0.852533571360569,0.21989468906797727,0.3862694497963446
arm5_posture_shifted,push_to_zone,nominal,23017,v1,True,True,1.0,0.009847346985530204,0.009847346985530204,0.0002715936895456864,720,720,0,False,,2ebd5a46a509772b,0.6542911433117133,0.2170633977280275,19.318830861559732,0,0,0,0,True,True,27,4,23,158,0.0,0.6582278481012658,26,0.20100113655979654,0.9313553336191848,0.218054437475153,0.4077362620838927
arm5_posture_shifted,push_to_zone,nominal,23018,v1,True,True,1.0,0.018393076147780837,0.018393076147780837,0.0002561616393929615,720,720,0,False,,2ebd5a46a509772b,0.6392800972837809,0.223751799588425,20.22702242520191,0,0,0,0,True,True,37,8,29,169,0.0,0.650887573964497,24,0.21063735221201535,0.8910170030591971,0.22500545606749303,0.406803447550375
arm5_posture_shifted,push_to_zone,nominal,23019,v1,True,True,1.0,0.01449058655137241,0.01449058655137241,0.00022402014225178312,720,720,0,False,,2ebd5a46a509772b,0.6400870415593056,0.2211964157399925,21.65903763910588,0,0,0,0,True,True,36,6,30,152,0.0,0.631578947368421,28,0.19307652239742196,0.8004968217696123,0.22229669711763894,0.39038210065368206
arm5_posture_shifted,push_to_zone,nominal,23020,v1,True,True,1.0,0.007218386355480682,0.007218386355480682,0.0002880890632957295,720,720,0,False,,2ebd5a46a509772b,0.6196722809376403,0.21858446927672406,20.326246965689588,0,0,0,0,True,True,29,5,24,166,0.0,0.6867469879518072,26,0.20502249343174506,0.9286702962853762,0.21914521296276246,0.38450774157361955
arm5_posture_shifted,push_to_zone,nominal,23021,v1,True,True,1.0,0.03213983391969433,0.03213983391969433,2.8251784724727398e-09,720,720,0,False,,2ebd5a46a509772b,0.687387286314328,0.2254096222599621,22.27211384068249,0,0,0,0,True,True,28,5,23,158,0.0,0.620253164556962,23,0.18197148073549757,0.9703043654785038,0.22863868070839985,0.43056323080823367
arm5_posture_shifted,push_to_zone,nominal,23022,v1,True,True,1.0,0.0275468491633892,0.0275468491633892,0.00032159669560398387,720,720,0,False,,2ebd5a46a509772b,0.6846039913821445,0.22417908996025826,20.90636115888864,0,0,0,0,True,True,28,4,24,204,0.0,0.6421568627450981,34,0.2507148036517253,0.9244452125445912,0.22677198558147932,0.46959215244959696
arm5_posture_shifted,push_to_zone,nominal,23023,v1,True,True,1.0,0.017439909402275376,0.017439909402275376,7.139179858748226e-05,720,720,0,False,,2ebd5a46a509772b,0.7378357348093112,0.2283392948028506,22.898902491244797,0,0,0,0,True,True,37,7,30,154,0.0,0.6168831168831169,23,0.19115053346417243,0.9736468726582972,0.229936385673087,0.47032995900263463
arm5_posture_shifted,push_to_zone,nominal,23024,v1,True,True,1.0,0.010232725673012314,0.010232725673012314,0.00032306945783128096,720,720,0,False,,2ebd5a46a509772b,0.6221609274071382,0.21572244422060238,19.086440397975593,0,0,0,0,True,True,31,6,25,163,0.0,0.6625766871165644,27,0.20588717667977077,0.8708740072479765,0.21677137660636572,0.39886625088124994
arm5_posture_shifted,push_to_zone,low_friction,23001,v1,True,True,1.0,0.01328555490441285,0.01328555490441285,0.000651227604072745,720,720,0,False,,2ebd5a46a509772b,0.6515904930025904,0.2206533159597722,21.008005863866064,0,0,0,0,True,True,33,9,24,171,0.0,0.7543859649122807,21,0.19518053652734668,0.847436815332904,0.2125006437935158,0.4153533319619065
arm5_posture_shifted,push_to_zone,low_friction,23002,v1,True,True,1.0,0.010206780299041377,0.010206780299041377,0.00041475367625186334,720,720,0,False,,2ebd5a46a509772b,0.6228526531312184,0.21879414185992574,21.603764788740115,0,0,0,0,True,True,38,12,26,181,0.0,0.7624309392265194,23,0.20905227552498495,0.7519156127562747,0.21166971749055066,0.39191550254715724
arm5_posture_shifted,push_to_zone,low_friction,23003,v1,True,True,1.0,0.00710611288228318,0.00710611288228318,0.0002160460058334805,720,720,0,False,,2ebd5a46a509772b,0.649732238804785,0.22497177952858208,24.314766051070105,0,0,0,0,True,True,42,11,31,159,0.0,0.6855345911949685,24,0.1857262308157934,0.9735796560772432,0.2190904230770601,0.3940092219672202
arm5_posture_shifted,push_to_zone,low_friction,23004,v1,True,True,1.0,0.00923527864815321,0.00923527864815321,6.993148372037656e-05,720,720,0,False,,2ebd5a46a509772b,0.709348446810095,0.22967507985740915,24.027764591920295,0,0,0,0,True,True,32,8,24,168,0.0,0.6607142857142857,27,0.19310519175274873,0.8444532394303123,0.22293484610234243,0.4266625195706353
arm5_posture_shifted,push_to_zone,low_friction,23005,v1,True,True,1.0,0.005786377633180637,0.005786377633180637,0.00038241865865205606,720,720,0,False,,2ebd5a46a509772b,0.7025490896183118,0.22803515203213046,24.617619070036177,0,0,0,0,True,True,43,12,31,227,0.0,0.748898678414097,38,0.2497909149783205,1.001112772540656,0.2234584972422494,0.4806343048567121
arm5_posture_shifted,push_to_zone,low_friction,23006,v1,True,True,1.0,0.008500041877243644,0.008500041877243644,0.00029561561391004026,720,720,0,False,,2ebd5a46a509772b,0.6591834220109125,0.22435332917795525,22.4414857230006,0,0,0,0,True,True,34,10,24,174,0.0,0.7471264367816092,25,0.19873906083625215,0.8871030605369704,0.21765725269037173,0.4096955658549284
arm5_posture_shifted,push_to_zone,low_friction,23007,v1,True,True,1.0,0.00921040807470392,0.00921040807470392,0.00010729564043232541,720,720,0,False,,2ebd5a46a509772b,0.73840525914239,0.2308482536089939,24.114326848266742,0,0,0,0,True,True,36,10,26,161,0.0,0.7329192546583851,22,0.18948779765110102,0.9531411875620172,0.2245084903908383,0.46724127835972595
arm5_posture_shifted,push_to_zone,low_friction,23008,v1,True,True,1.0,0.008418033502567293,0.008418033502567293,4.3049605080329626e-05,720,720,0,False,,2ebd5a46a509772b,0.7055498737859218,0.23185870656398214,23.686599038313336,0,0,0,0,True,True,34,11,23,155,0.0,0.7354838709677419,22,0.1879089194650605,0.8957125374380295,0.22673847292582724,0.4555083025809079
arm5_posture_shifted,push_to_zone,low_friction,23009,v1,True,True,1.0,0.006770051101776906,0.006770051101776906,0.00016119170868591633,720,720,0,False,,2ebd5a46a509772b,0.6734998967608008,0.22900045271364233,23.378653431483453,0,0,0,0,True,True,38,10,28,167,0.0,0.7065868263473054,25,0.19120780281165092,0.9037465584689736,0.2237002341426659,0.4309690186365023
arm5_posture_shifted,push_to_zone,low_friction,23010,v1,True,True,1.0,0.014747384114670407,0.014747384114670407,0.00027199854295969594,720,720,0,False,,2ebd5a46a509772b,0.7206941997878902,0.2285020560862847,21.6932394443036,0,0,0,0,True,True,30,7,23,175,0.0,0.7314285714285714,26,0.202224976190582,0.7913167897541676,0.22178528962641764,0.4924019351347666
arm5_posture_shifted,push_to_zone,low_friction,23011,v1,True,True,1.0,0.012873305368529516,0.012873305368529516,0.0005957945038063558,720,720,0,False,,2ebd5a46a509772b,0.8096054827109782,0.2457694300957857,26.724681844442642,0,0,0,0,True,True,30,9,21,178,0.0,0.6348314606741573,31,0.21425129762264503,0.8990632619801132,0.24230050723462349,0.5494342015163642
arm5_posture_shifted,push_to_zone,low_friction,23012,v1,True,True,1.0,0.007882348579072043,0.007882348579072043,0.0008095540216765823,720,720,0,False,,2ebd5a46a509772b,0.6978397949396467,0.2266987020409529,21.78200831791618,0,0,0,0,True,True,29,7,22,201,0.0,0.7263681592039801,32,0.21665985191893228,0.9395344472108847,0.22088628825478035,0.4807090106479692
arm5_posture_shifted,push_to_zone,low_friction,23013,v1,True,True,1.0,0.00945166309697959,0.00945166309697959,0.0008326264895546786,720,720,0,False,,2ebd5a46a509772b,0.6717282628329997,0.22491103237211404,22.87236469917384,0,0,0,0,True,True,38,8,30,158,0.0,0.6518987341772152,22,0.199221066276581,0.7293237245811957,0.2181546874128264,0.4260241924530579
arm5_posture_shifted,push_to_zone,low_friction,23014,v1,True,True,1.0,0.014486979133463347,0.014486979133463347,0.0003189514753017049,720,720,0,False,,2ebd5a46a509772b,0.6976682225820037,0.22890241506650286,25.112492041242316,0,0,0,0,True,True,35,14,21,205,0.0,0.7414634146341463,28,0.21852504603149225,1.0605914711708773,0.2246141033438811,0.45717707988122847
arm5_posture_shifted,push_to_zone,low_friction,23015,v1,True,True,1.0,0.009451680011079513,0.009451680011079513,0.0006462172773098003,720,720,0,False,,2ebd5a46a509772b,0.7143479942377655,0.23194966896384472,22.353104353979887,0,0,0,0,True,True,37,11,26,168,0.0,0.7321428571428571,26,0.1931159987136143,1.0242493892309976,0.22643893634203047,0.4704105485854311
arm5_posture_shifted,push_to_zone,low_friction,23016,v1,True,True,1.0,0.006213589291271522,0.006213589291271522,0.00038151000412409467,720,720,0,False,,2ebd5a46a509772b,0.7372210781502204,0.23554524019919792,24.94901000582675,0,0,0,0,True,True,40,11,29,225,0.0,0.7288888888888889,36,0.27175531493130695,0.893978385803284,0.2318957602181766,0.4906618412013293
arm5_posture_shifted,push_to_zone,low_friction,23017,v1,True,True,1.0,0.012292310169705067,0.012292310169705067,0.0011973421178175473,720,720,0,False,,2ebd5a46a509772b,0.726321824447103,0.23001286046511546,22.488842323279858,0,0,0,0,True,True,40,8,32,177,0.0,0.7627118644067796,24,0.1993776171077552,0.9766786496902289,0.22389061078289663,0.4796032303087885
arm5_posture_shifted,push_to_zone,low_friction,23018,v1,True,True,1.0,0.010008489732733992,0.010008489732733992,0.000563266557988968,720,720,0,False,,2ebd5a46a509772b,0.6854539146341776,0.23252244931539992,24.5582851656273,0,0,0,0,True,True,42,12,30,218,0.0,0.7064220183486238,35,0.2495714854419963,1.0001215441785511,0.22972025399802987,0.49800430588406686
arm5_posture_shifted,push_to_zone,low_friction,23019,v1,True,True,1.0,0.03458352717608971,0.03458352717608971,5.786366739708789e-08,720,720,0,False,,2ebd5a46a509772b,0.7100945430699594,0.23338351288553236,25.240187954685947,0,0,0,0,True,True,39,9,30,171,0.0,0.6374269005847953,24,0.1677121222188278,0.9793352794765988,0.22681379168788396,0.44097335279618566
arm5_posture_shifted,push_to_zone,low_friction,23020,v1,True,True,1.0,0.005889867594983701,0.005889867594983701,0.00015539755023732106,720,720,0,False,,2ebd5a46a509772b,0.6694209422839279,0.2277455764152815,23.20601800829204,0,0,0,0,True,True,39,10,29,169,0.0,0.7100591715976331,22,0.1935255980246549,0.9858898487620971,0.22255758265696313,0.43430982515963645
arm5_posture_shifted,push_to_zone,low_friction,23021,v1,True,True,1.0,0.006282372262435756,0.006282372262435756,0.0006612682299198169,720,720,0,False,,2ebd5a46a509772b,0.7078569044432221,0.2307757056561556,23.285507365323255,0,0,0,0,True,True,42,9,33,173,0.0,0.7109826589595376,23,0.1968998524702351,1.0318820638597703,0.22577745964323928,0.4769466349341638
arm5_posture_shifted,push_to_zone,low_friction,23022,v1,True,True,1.0,0.016572611436475655,0.016572611436475655,0.002033975503362792,720,720,0,False,,2ebd5a46a509772b,0.7269029563869256,0.23379903997160525,23.11667596222889,0,0,0,0,True,True,49,14,35,308,0.0,0.7694805194805194,46,0.3616353290199134,0.9806016518757902,0.23207642110721152,0.4349869605555168
arm5_posture_shifted,push_to_zone,low_friction,23023,v1,True,True,1.0,0.008777862080851278,0.008777862080851278,0.00010004076990041072,720,720,0,False,,2ebd5a46a509772b,0.7831780550315948,0.23733786412184482,25.119103931531626,0,0,0,0,True,True,51,10,41,163,0.0,0.6503067484662577,28,0.19071049412506144,0.9074258076123728,0.23167372548041792,0.5142715332791146
arm5_posture_shifted,push_to_zone,low_friction,23024,v1,True,True,1.0,0.02853949391981123,0.02853949391981123,0.0004293951676532701,720,720,0,False,,2ebd5a46a509772b,0.6867697359612426,0.22717892002229248,21.234864721461207,0,0,0,0,True,True,32,9,23,177,0.0,0.7457627118644068,28,0.1889150929904825,0.8376052745034959,0.22077838501934688,0.46107173880902774
arm5_posture_shifted,push_to_zone,latency_load,23001,v1,True,True,1.0,0.005359342735209062,0.005359342735209062,0.001643399416958461,720,720,0,False,,2ebd5a46a509772b,0.753078569006858,0.2358329630160686,37.11589173861878,0,0,0,0,True,True,42,8,34,172,0.0,0.7209302325581395,25,0.19541381542718272,0.7838140612314878,0.2292036957740328,0.5596352411292824
arm5_posture_shifted,push_to_zone,latency_load,23002,v1,True,True,1.0,0.006826778418743411,0.006826778418743411,0.0007976800284703516,720,720,0,False,,2ebd5a46a509772b,0.7293745311968802,0.23478034097687106,38.58321918555548,0,0,0,0,True,True,62,13,49,232,0.0,0.6810344827586207,36,0.26023139806295853,0.9164248945978631,0.23108270396000202,0.5542345523951302
arm5_posture_shifted,push_to_zone,latency_load,23003,v1,True,True,1.0,0.005681419094449475,0.005681419094449475,0.00010090028913093045,720,720,0,False,,2ebd5a46a509772b,0.7617505000091036,0.2414651714028757,38.80945678638758,0,0,0,0,True,True,53,12,41,192,0.0,0.6614583333333334,29,0.24020939229814686,0.7839652691439793,0.23856835391849915,0.5513772048971761
arm5_posture_shifted,push_to_zone,latency_load,23004,v1,True,True,1.0,0.009209917659038587,0.009209917659038587,0.00024305921058388207,720,720,0,False,,2ebd5a46a509772b,0.8069600860035857,0.24372519810230134,38.03524698333605,0,0,0,0,True,True,46,9,37,211,0.0,0.7535545023696683,30,0.226143169119455,0.9632276117230296,0.23983504646103607,0.5937211001860798
arm5_posture_shifted,push_to_zone,latency_load,23005,v1,False,False,0.6666666666666666,0.015130952428784199,0.015130952428784199,0.04601053553290966,720,378,0,True,false_terminal_accept,2ebd5a46a509772b,0.7327200980967188,0.23582443730265645,38.57598117523123,0,0,0,0,True,True,43,14,29,186,0.0,0.6774193548387096,29,0.22599569563632957,0.9048753551807726,0.23591874981326036,0.6091973319030437
arm5_posture_shifted,push_to_zone,latency_load,23006,v1,True,True,1.0,0.026411568592582705,0.026411568592582705,2.3940150687373892e-11,720,720,0,False,,2ebd5a46a509772b,0.7790736813609134,0.24192349752931142,41.47045760916645,0,0,0,0,True,True,42,11,31,176,0.0,0.6477272727272727,22,0.1891274341095394,0.9388353662235264,0.23597647196863655,0.5592950501948519
arm5_posture_shifted,push_to_zone,latency_load,23007,v1,True,True,1.0,0.006779642519917973,0.006779642519917973,0.0004060619603239225,720,720,0,False,,2ebd5a46a509772b,0.8590719888597307,0.24903557503036255,39.083651844315746,0,0,0,0,True,True,48,7,41,270,0.0,0.7296296296296296,39,0.316485961684665,0.9397011677734423,0.2472629670324506,0.6097552390530767
arm5_posture_shifted,push_to_zone,latency_load,23008,v1,True,True,1.0,0.006810931110982964,0.006810931110982964,5.676630164291076e-05,720,720,0,False,,2ebd5a46a509772b,0.815598850064057,0.24806978232063703,38.88699195558572,0,0,0,0,True,True,35,9,26,182,0.0,0.6428571428571429,25,0.22732404610664528,0.88541778088078,0.24660121689700637,0.5970806170006471
arm5_posture_shifted,push_to_zone,latency_load,23009,v1,False,False,0.3333333333333333,0.31718019593502117,0.31718019593502117,0.01468116078717786,720,213,0,True,stage_timeout,2ebd5a46a509772b,0.5783970163000038,0.2781763162524837,31.340193091299916,0,0,0,0,False,False,54,13,41,0,0.0,0.0,0,0.0,0.0,nan,nan
arm5_posture_shifted,push_to_zone,latency_load,23010,v1,False,False,0.3333333333333333,0.3317927441409947,0.3317927441409947,0.010519659731203763,720,215,0,True,stage_timeout,2ebd5a46a509772b,0.6552207920152862,0.2847633010564731,32.40430687371239,0,0,0,0,False,False,49,10,39,0,0.0,0.0,0,0.0,0.0,nan,nan
arm5_posture_shifted,push_to_zone,latency_load,23011,v1,True,True,1.0,0.008754912675399063,0.008754912675399063,0.0012291254343906857,720,720,0,False,,2ebd5a46a509772b,0.8629414003290521,0.2529997210118699,41.968349267787545,0,0,0,0,True,True,62,15,47,198,0.0,0.6363636363636364,26,0.23086006976804307,0.9404689444414919,0.25161122230294064,0.6583072426963259
arm5_posture_shifted,push_to_zone,latency_load,23012,v1,True,True,1.0,0.006599915926723608,0.006599915926723608,0.0014924374568928657,720,720,0,False,,2ebd5a46a509772b,0.7912768715875198,0.2409758844262988,36.62616224926385,0,0,0,0,True,True,47,11,36,257,0.0,0.7665369649805448,39,0.29329926647707594,0.9467465697501124,0.2383354537848408,0.612441836995743
arm5_posture_shifted,push_to_zone,latency_load,23013,v1,True,True,1.0,0.006028767264064318,0.006028767264064318,0.0014592888975940492,720,720,0,False,,2ebd5a46a509772b,0.7792399294798584,0.24140148809204776,38.94820625333038,0,0,0,0,True,True,66,20,46,245,0.0,0.6816326530612244,41,0.2815693800467714,0.9564147706961097,0.23919462649263243,0.5880425549789674
arm5_posture_shifted,push_to_zone,latency_load,23014,v1,True,True,1.0,0.019657008532850545,0.019657008532850545,3.169754666304771e-05,720,720,0,False,,2ebd5a46a509772b,0.7891044711713691,0.24180705375386505,39.82181352338258,0,0,0,0,True,True,36,12,24,141,0.0,0.5957446808510638,21,0.17161514494400198,0.8341429804732671,0.23538128844342746,0.5436507453976707
arm5_posture_shifted,push_to_zone,latency_load,23015,v1,True,True,1.0,0.007355544140663562,0.007355544140663562,0.004232222910545661,720,720,0,False,,2ebd5a46a509772b,0.8102151310987504,0.2458952707119844,36.853894740328634,0,0,0,0,True,True,70,15,55,171,0.0,0.6666666666666666,25,0.20292130748817477,0.8193831661148215,0.2428881500363333,0.6106010697567594
arm5_posture_shifted,push_to_zone,latency_load,23016,v1,True,True,1.0,0.02683253557164615,0.02683253557164615,6.542558537610793e-05,720,720,0,False,,2ebd5a46a509772b,0.8084033286542831,0.2448843821623299,41.674900293398444,0,0,0,0,True,True,40,9,31,146,0.0,0.6232876712328768,19,0.15394581005432237,0.8932431244735469,0.23934412862177765,0.5944893051155673
arm5_posture_shifted,push_to_zone,latency_load,23017,v1,True,True,1.0,0.016028016632714706,0.016028016632714706,5.432184771961555e-05,720,720,0,False,,2ebd5a46a509772b,0.8273078440617905,0.24472044146123012,39.27192159245692,0,0,0,0,True,True,45,11,34,179,0.0,0.6368715083798883,24,0.19993385825386684,0.9311256084051126,0.23929475740819395,0.6102843471002481
arm5_posture_shifted,push_to_zone,latency_load,23018,v1,True,True,1.0,0.007497042937253943,0.007497042937253943,1.1750508446030956e-05,720,720,0,False,,2ebd5a46a509772b,0.7484736202263695,0.24092948065884673,37.198391675083684,0,0,0,0,True,True,31,7,24,141,0.0,0.6382978723404256,20,0.17779615475875943,0.8421739061928043,0.2376554473370604,0.5590312836565663
arm5_posture_shifted,push_to_zone,latency_load,23019,v1,False,False,0.3333333333333333,0.33183157582034206,0.33183157582034206,0.02173612270973994,720,215,0,True,stage_timeout,2ebd5a46a509772b,0.568274162842294,0.27649097156764074,32.31199287268283,0,0,0,0,False,False,51,13,38,0,0.0,0.0,0,0.0,0.0,nan,nan
arm5_posture_shifted,push_to_zone,latency_load,23020,v1,False,False,0.3333333333333333,0.326016357940984,0.326016357940984,0.01500129394645406,720,212,0,True,stage_timeout,2ebd5a46a509772b,0.5905088199260295,0.27915529079696627,31.644692076556094,0,0,0,0,False,False,53,10,43,0,0.0,0.0,0,0.0,0.0,nan,nan
arm5_posture_shifted,push_to_zone,latency_load,23021,v1,True,True,1.0,0.00899234034722336,0.00899234034722336,0.0005892546076326326,720,720,0,False,,2ebd5a46a509772b,0.8023249007206057,0.24515319594410573,36.37078949982131,0,0,0,0,True,True,54,15,39,215,0.0,0.7116279069767442,34,0.2620890251981819,0.782743567178443,0.24295500863615044,0.6266818919559412
arm5_posture_shifted,push_to_zone,latency_load,23022,v1,True,True,1.0,0.004936337298312411,0.004936337298312411,0.0011092653025075222,720,720,0,False,,2ebd5a46a509772b,0.7630350460162036,0.23733084756947487,38.908572959470355,0,0,0,0,True,True,47,12,35,222,0.0,0.6981981981981982,33,0.2520960621557214,0.9137565874245916,0.23342356878830003,0.6288344247709512
arm5_posture_shifted,push_to_zone,latency_load,23023,v1,True,True,1.0,0.007846477432986039,0.007846477432986039,0.00011256084981760055,720,720,0,False,,2ebd5a46a509772b,0.8887507859808577,0.25247454960358406,38.23548584954907,0,0,0,0,True,True,58,11,47,200,0.0,0.675,28,0.2623413847413792,0.7396074401481125,0.24994378718188012,0.6432226715663796
arm5_posture_shifted,push_to_zone,latency_load,23024,v1,True,True,1.0,0.014373485615196666,0.014373485615196666,0.001169715294517012,720,720,0,False,,2ebd5a46a509772b,0.7919779299934153,0.24318423508498946,36.488615365012464,0,0,0,0,True,True,54,8,46,258,0.0,0.7403100775193798,39,0.30214455901224613,0.8941596826616194,0.24165550932775956,0.6350332681013215
arm5_posture_shifted,push_to_zone,severe,23001,v1,False,False,0.0,0.23942380666058974,0.23942380666058974,0.14604943347587163,720,135,0,True,stage_timeout,2ebd5a46a509772b,0.7481497518075222,0.2859018579366178,149.5025540347485,0,0,0,0,False,False,0,0,0,0,0.0,0.0,0,0.0,0.0,nan,nan
arm5_posture_shifted,push_to_zone,severe,23002,v1,False,False,0.0,0.3528703460597606,0.3528703460597606,0.13942933480558298,720,135,0,True,stage_timeout,2ebd5a46a509772b,0.7311484866609521,0.28357851989419613,148.98009715015493,0,0,0,0,False,False,0,0,0,0,0.0,0.0,0,0.0,0.0,nan,nan
arm5_posture_shifted,push_to_zone,severe,23003,v1,False,False,0.0,0.2595857168548908,0.2595857168548908,6.873958663997831e-08,720,135,0,True,stage_timeout,2ebd5a46a509772b,0.7604233584728397,0.28241265613456185,150.8374931039755,0,0,0,0,False,False,0,0,0,0,0.0,0.0,0,0.0,0.0,nan,nan
arm5_posture_shifted,push_to_zone,severe,23004,v1,False,False,0.0,0.7021538750131789,0.7021538750131789,0.5832569460439266,720,135,0,True,stage_timeout,2ebd5a46a509772b,0.7873932597655999,0.28465153881866273,150.58975405688795,0,0,0,0,False,False,0,0,0,0,0.0,0.0,0,0.0,0.0,nan,nan
arm5_posture_shifted,push_to_zone,severe,23005,v1,False,False,0.0,0.281441879920414,0.281441879920414,0.0978756590888747,720,135,0,True,stage_timeout,2ebd5a46a509772b,0.7628241767340862,0.28446984058379765,151.00324017498414,0,0,0,0,False,False,0,0,0,0,0.0,0.0,0,0.0,0.0,nan,nan
arm5_posture_shifted,push_to_zone,severe,23006,v1,False,False,0.0,0.498433768769181,0.498433768769181,0.33207666700748145,720,135,0,True,stage_timeout,2ebd5a46a509772b,0.7454149236144731,0.28388644020898496,148.85676915258955,0,0,0,0,False,False,0,0,0,0,0.0,0.0,0,0.0,0.0,nan,nan
arm5_posture_shifted,push_to_zone,severe,23007,v1,False,False,0.0,0.7257743296042622,0.7257743296042622,0.5948757010531304,720,135,0,True,stage_timeout,2ebd5a46a509772b,0.8189628381672818,0.2849952750374011,154.12018689218084,0,0,0,0,False,False,0,0,0,0,0.0,0.0,0,0.0,0.0,nan,nan
arm5_posture_shifted,push_to_zone,severe,23008,v1,False,False,0.0,0.6408622345576915,0.6408622345576915,0.5075545506683383,720,135,0,True,stage_timeout,2ebd5a46a509772b,0.7656592698437739,0.2814543684223982,148.16416238655617,0,0,0,0,False,False,0,0,0,0,0.0,0.0,0,0.0,0.0,nan,nan
arm5_posture_shifted,push_to_zone,severe,23009,v1,False,False,0.0,0.2589584787254182,0.2589584787254182,0.0911614685398776,720,135,0,True,stage_timeout,2ebd5a46a509772b,0.7361959337160338,0.28143287565083824,148.35993633134575,0,0,0,0,False,False,0,0,0,0,0.0,0.0,0,0.0,0.0,nan,nan
arm5_posture_shifted,push_to_zone,severe,23010,v1,False,False,0.0,0.3331950170982819,0.3331950170982819,0.17689779569998487,720,135,0,True,stage_timeout,2ebd5a46a509772b,0.7910437208096122,0.2860356627563467,152.27598497764495,0,0,0,0,False,False,0,0,0,0,0.0,0.0,0,0.0,0.0,nan,nan
arm5_posture_shifted,push_to_zone,severe,23011,v1,False,False,0.0,0.39619001816495547,0.39619001816495547,0.3195248551125326,720,135,0,True,stage_timeout,2ebd5a46a509772b,0.8025728923612014,0.28034077385105366,147.9714982043177,0,0,0,0,False,False,0,0,0,0,0.0,0.0,0,0.0,0.0,nan,nan
arm5_posture_shifted,push_to_zone,severe,23012,v1,False,False,0.0,0.20960799901405308,0.20960799901405308,0.15286983641305327,720,135,0,True,stage_timeout,2ebd5a46a509772b,0.7617445969487426,0.2845306668035261,150.44296195046192,0,0,0,0,False,False,0,0,0,0,0.0,0.0,0,0.0,0.0,nan,nan
arm5_posture_shifted,push_to_zone,severe,23013,v1,False,False,0.0,0.6525037088725951,0.6525037088725951,0.5095089882373995,720,135,0,True,stage_timeout,2ebd5a46a509772b,0.761341987845765,0.28415176964192707,152.25752159158264,0,0,0,0,False,False,0,0,0,0,0.0,0.0,0,0.0,0.0,nan,nan
arm5_posture_shifted,push_to_zone,severe,23014,v1,False,False,0.0,0.5272184345801737,0.5272184345801737,0.3324208450107879,720,135,0,True,stage_timeout,2ebd5a46a509772b,0.7605935002070554,0.2830012410648057,150.12483989704623,0,0,0,0,False,False,0,0,0,0,0.0,0.0,0,0.0,0.0,nan,nan
arm5_posture_shifted,push_to_zone,severe,23015,v1,False,False,0.0,0.28736293651415246,0.28736293651415246,0.21179603659724097,720,135,0,True,stage_timeout,2ebd5a46a509772b,0.7717013351322644,0.28340274587620007,146.59781996077416,0,0,0,0,False,False,0,0,0,0,0.0,0.0,0,0.0,0.0,nan,nan
arm5_posture_shifted,push_to_zone,severe,23016,v1,False,False,0.0,0.23532693602466803,0.23532693602466803,6.502340608919814e-08,720,135,0,True,stage_timeout,2ebd5a46a509772b,0.7711354846290268,0.2828883978888232,148.42532655731165,0,0,0,0,False,False,0,0,0,0,0.0,0.0,0,0.0,0.0,nan,nan
arm5_posture_shifted,push_to_zone,severe,23017,v1,False,False,0.0,0.2616107085485091,0.2616107085485091,0.1597182905900921,720,135,0,True,stage_timeout,2ebd5a46a509772b,0.7965434333505157,0.2863540816319493,150.52492372555042,0,0,0,0,False,False,0,0,0,0,0.0,0.0,0,0.0,0.0,nan,nan
arm5_posture_shifted,push_to_zone,severe,23018,v1,False,False,0.0,0.2844948594410863,0.2844948594410863,3.023943107188459e-08,720,135,0,True,stage_timeout,2ebd5a46a509772b,0.7056562950807717,0.27905036269373024,141.73172306255785,0,0,0,0,False,False,0,0,0,0,0.0,0.0,0,0.0,0.0,nan,nan
arm5_posture_shifted,push_to_zone,severe,23019,v1,False,False,0.0,0.6393792242621669,0.6393792242621669,0.49340596857757457,720,135,0,True,stage_timeout,2ebd5a46a509772b,0.7618045839500454,0.28215297623730706,146.35366151260217,0,0,0,0,False,False,0,0,0,0,0.0,0.0,0,0.0,0.0,nan,nan
arm5_posture_shifted,push_to_zone,severe,23020,v1,False,False,0.0,0.6394214500651698,0.6394214500651698,0.48720318514158445,720,135,0,True,stage_timeout,2ebd5a46a509772b,0.7335815620374975,0.28111581636764155,146.6863291932112,0,0,0,0,False,False,0,0,0,0,0.0,0.0,0,0.0,0.0,nan,nan
arm5_posture_shifted,push_to_zone,severe,23021,v1,False,False,0.0,0.565046781935052,0.565046781935052,0.4700725663196266,720,135,0,True,stage_timeout,2ebd5a46a509772b,0.7656033453388589,0.2863078723102773,149.8819846336902,0,0,0,0,False,False,0,0,0,0,0.0,0.0,0,0.0,0.0,nan,nan
arm5_posture_shifted,push_to_zone,severe,23022,v1,False,False,0.0,0.2775020521765382,0.2775020521765382,0.1288279118378515,720,135,0,True,stage_timeout,2ebd5a46a509772b,0.7430037893366777,0.28415169597499873,149.63071005729506,0,0,0,0,False,False,0,0,0,0,0.0,0.0,0,0.0,0.0,nan,nan
arm5_posture_shifted,push_to_zone,severe,23023,v1,False,False,0.0,0.6892412565492039,0.6892412565492039,0.5555652871822032,720,135,0,True,stage_timeout,2ebd5a46a509772b,0.834068978549785,0.28576875949072866,151.77677038208472,0,0,0,0,False,False,0,0,0,0,0.0,0.0,0,0.0,0.0,nan,nan
arm5_posture_shifted,push_to_zone,severe,23024,v1,False,False,0.0,0.27306308168257404,0.27306308168257404,0.14078859010767553,720,135,0,True,stage_timeout,2ebd5a46a509772b,0.7589161786390886,0.2837331971148337,147.43527361592947,0,0,0,0,False,False,0,0,0,0,0.0,0.0,0,0.0,0.0,nan,nan
arm5_reference,push_to_zone,nominal,23001,v2_full,True,True,1.0,0.007719469566591655,0.007719469566591655,0.00031014888927997886,720,720,0,False,,2ebd5a46a509772b,0.6228783624763814,0.2136712204865861,17.53495519915022,0,0,0,0,True,True,29,4,25,168,0.0,0.7440476190476191,25,0.20041848078707453,0.8901253908147263,0.21416194653315296,0.40981782360312247
arm5_reference,push_to_zone,nominal,23002,v2_full,True,True,1.0,0.018982878531974102,0.018982878531974102,0.00035529151995411637,720,720,0,False,,2ebd5a46a509772b,0.5835008409741596,0.21065497063369867,17.413351869541803,0,0,0,0,True,True,30,4,26,162,0.0,0.7160493827160493,27,0.19104977813495008,0.8611424832131941,0.21097336054670174,0.37090825777735903
arm5_reference,push_to_zone,nominal,23003,v2_full,True,True,1.0,0.007182914163168926,0.007182914163168926,0.0002635568879846328,720,720,0,False,,2ebd5a46a509772b,0.6120489867150969,0.21637445138297112,20.25821618781212,0,0,0,0,True,True,31,4,27,153,0.0,0.7450980392156863,23,0.17942669240180786,1.024038802313189,0.21730819469507112,0.3776127385682546
arm5_reference,push_to_zone,nominal,23004,v2_full,True,True,1.0,0.007165143875098279,0.007165143875098279,0.00023671704259121352,720,720,0,False,,2ebd5a46a509772b,0.656091473446136,0.21881857372766342,19.06089721706259,0,0,0,0,True,True,28,4,24,145,0.0,0.6551724137931034,22,0.18222868908410023,0.7994207612855219,0.21978117842063333,0.41731641749334436
arm5_reference,push_to_zone,nominal,23005,v2_full,True,True,1.0,0.012677029678487004,0.012677029678487004,0.0002559894828461688,720,720,0,False,,2ebd5a46a509772b,0.6903407682546128,0.22263246801582068,19.959164826715394,0,0,0,0,True,True,36,6,30,158,0.0,0.6012658227848101,29,0.19783834139196393,0.862724274579333,0.22380493789650313,0.47152080535401675
arm5_reference,push_to_zone,nominal,23006,v2_full,True,True,1.0,0.008631232398634392,0.008631232398634392,0.0003430090465815685,720,720,0,False,,2ebd5a46a509772b,0.6134991224338227,0.2144627971485591,17.67152343509891,0,0,0,0,True,True,43,6,37,167,0.0,0.7664670658682635,24,0.18406851668664506,0.8136654346648765,0.21526647705163254,0.40204823174049187
arm5_reference,push_to_zone,nominal,23007,v2_full,True,True,1.0,0.010315084561811504,0.010315084561811504,0.00020461398351964477,720,720,0,False,,2ebd5a46a509772b,0.7327052732940276,0.2263447474599249,20.847201620303974,0,0,0,0,True,True,32,4,28,148,0.0,0.668918918918919,23,0.17924097421320492,0.94208342383046,0.22735820361107603,0.49614698454685113
arm5_reference,push_to_zone,nominal,23008,v2_full,True,True,1.0,0.012528643727567788,0.012528643727567788,0.00022988958510313873,720,720,0,False,,2ebd5a46a509772b,0.7160574933467476,0.22992907222794481,19.214857344607353,0,0,0,0,True,True,24,3,21,157,0.0,0.7133757961783439,26,0.1835176115647823,1.057781537364808,0.2310194927779596,0.49235919815259077
arm5_reference,push_to_zone,nominal,23009,v2_full,True,True,1.0,0.027018621576943524,0.027018621576943524,0.00012181444976518492,720,720,0,False,,2ebd5a46a509772b,0.6812466201303216,0.2269977138668474,19.66007674415408,0,0,0,0,True,True,26,4,22,151,0.0,0.5827814569536424,21,0.16248486896773934,0.9247212229333654,0.22725941119958737,0.444201432141726
arm5_reference,push_to_zone,nominal,23010,v2_full,True,True,1.0,0.008638598475590592,0.008638598475590592,0.00026524596070797633,720,720,0,False,,2ebd5a46a509772b,0.7108166887174199,0.22312558095097212,17.43565781302161,0,0,0,0,True,True,33,5,28,157,0.0,0.732484076433121,24,0.19059273826977052,0.8326350240149631,0.22397910073023808,0.4957635283584936
arm5_reference,push_to_zone,nominal,23011,v2_full,True,True,1.0,0.021145396026558905,0.021145396026558905,0.0001244317834522092,720,720,0,False,,2ebd5a46a509772b,0.8517728584808997,0.24869504108947968,21.179406819461086,0,0,0,0,True,True,36,6,30,154,0.0,0.577922077922078,21,0.19106959946213556,0.8070283625313482,0.24857141930626417,0.6042811440514435
arm5_reference,push_to_zone,nominal,23012,v2_full,True,True,1.0,0.020751173235720663,0.020751173235720663,0.00036255492885533814,720,720,0,False,,2ebd5a46a509772b,0.6829037659741921,0.22092071978689196,16.833263465123096,0,0,0,0,True,True,30,5,25,173,0.0,0.7572254335260116,29,0.1874244849501393,1.0409486432396744,0.2221558727389231,0.48513002523481186
arm5_reference,push_to_zone,nominal,23013,v2_full,True,True,1.0,0.01462212869523378,0.01462212869523378,0.00028573181037445684,720,720,0,False,,2ebd5a46a509772b,0.6661705782998446,0.22063239869608173,18.65922885126919,0,0,0,0,True,True,29,4,25,162,0.0,0.7160493827160493,23,0.19331194306430693,0.8731190545029278,0.2213440494952448,0.44687029843685444
arm5_reference,push_to_zone,nominal,23014,v2_full,True,True,1.0,0.008962115779553737,0.008962115779553737,0.0003123960277810372,720,720,0,False,,2ebd5a46a509772b,0.6868380366092515,0.22362136448023895,19.247874056569906,0,0,0,0,True,True,36,7,29,159,0.0,0.6792452830188679,24,0.20356680526764714,0.8751108176716204,0.22459995765141325,0.48170310063845845
arm5_reference,push_to_zone,nominal,23015,v2_full,True,True,1.0,0.020508329753550884,0.020508329753550884,0.00017230269907032947,720,720,0,False,,2ebd5a46a509772b,0.7256810490963908,0.2303673820649867,19.300956296197118,0,0,0,0,True,True,33,5,28,138,0.0,0.7101449275362319,17,0.16544015684028604,0.9019330971944475,0.23302854203578233,0.5025088316273925
arm5_reference,push_to_zone,nominal,23016,v2_full,True,True,1.0,0.015176222913707913,0.015176222913707913,0.00023550679424753633,720,720,0,False,,2ebd5a46a509772b,0.7193476258983114,0.22941615720996184,20.297168818424776,0,0,0,0,True,True,38,6,32,148,0.0,0.6418918918918919,21,0.18936076370863955,0.7386745434199963,0.23105468631410855,0.4910014217740546
arm5_reference,push_to_zone,nominal,23017,v2_full,True,True,1.0,0.015167713087498999,0.015167713087498999,0.00016480687259140528,720,720,0,False,,2ebd5a46a509772b,0.7463630418574629,0.22979609041010246,19.672357690580284,0,0,0,0,True,True,30,5,25,150,0.0,0.6066666666666667,25,0.1889626248886995,0.8024761924121294,0.23131012797795278,0.5109665994091879
arm5_reference,push_to_zone,nominal,23018,v2_full,True,True,1.0,0.010368684019107434,0.010368684019107434,0.0002586914656138728,720,720,0,False,,2ebd5a46a509772b,0.7046258738387015,0.2322207642516787,19.297775937545524,0,0,0,0,True,True,28,5,23,164,0.0,0.6890243902439024,27,0.2004408649277236,0.9433753639657855,0.23300730859229857,0.5033177572337486
arm5_reference,push_to_zone,nominal,23019,v2_full,True,True,1.0,0.013890025702946882,0.013890025702946882,0.0002770922214926471,720,720,0,False,,2ebd5a46a509772b,0.6863570110601573,0.22679566990406846,18.26138469929163,0,0,0,0,True,True,32,6,26,151,0.0,0.7284768211920529,23,0.18713789362018382,0.7609937931074816,0.22772324356514093,0.4716361081643443
arm5_reference,push_to_zone,nominal,23020,v2_full,True,True,1.0,0.00889728235238671,0.00889728235238671,0.00023779548346199855,720,720,0,False,,2ebd5a46a509772b,0.6900004887745568,0.22785086957273798,19.283977407155927,0,0,0,0,True,True,27,4,23,157,0.0,0.6305732484076433,22,0.1918009818256306,0.9410648917412535,0.2287996581515215,0.4841104810817787
arm5_reference,push_to_zone,nominal,23021,v2_full,True,True,1.0,0.01385537338360081,0.01385537338360081,0.0002374844371265143,720,720,0,False,,2ebd5a46a509772b,0.7078177600791293,0.2268062358025182,18.180925386742203,0,0,0,0,True,True,26,4,22,154,0.0,0.7207792207792207,20,0.18288329473280845,0.9874391678516864,0.22764888055302362,0.4927882498243932
arm5_reference,push_to_zone,nominal,23022,v2_full,True,True,1.0,0.008024955164146958,0.008024955164146958,0.0002833351994895875,720,720,0,False,,2ebd5a46a509772b,0.6741316481632191,0.2202967913813921,18.276346310856063,0,0,0,0,True,True,27,4,23,163,0.0,0.6441717791411042,26,0.2024826905405791,0.8264362941957876,0.22118645825651564,0.4901648780202499
arm5_reference,push_to_zone,nominal,23023,v2_full,True,True,1.0,0.00940051992562735,0.00940051992562735,0.00018651742502914882,720,720,0,False,,2ebd5a46a509772b,0.7885053356153042,0.23468993415200615,19.78024510414845,0,0,0,0,True,True,34,4,30,143,0.0,0.6433566433566433,24,0.18236537748819387,0.7706410490444223,0.23554215906229564,0.552600955559905
arm5_reference,push_to_zone,nominal,23024,v2_full,True,True,1.0,0.0071323305220753475,0.0071323305220753475,0.0002889284535839561,720,720,0,False,,2ebd5a46a509772b,0.6892931677927505,0.22465617909211474,18.00283218406936,0,0,0,0,True,True,28,4,24,166,0.0,0.7048192771084337,25,0.2018915625839316,0.9125867633791934,0.22569711046950985,0.47028245776995004
arm5_reference,push_to_zone,low_friction,23001,v2_full,True,True,1.0,0.014162456769252029,0.014162456769252029,0.0006638026562770061,720,720,0,False,,2ebd5a46a509772b,0.6942520668011838,0.22644664947339693,20.289992393427326,0,0,0,0,True,True,35,10,25,181,0.0,0.7624309392265194,30,0.1977025920109664,0.9465399234786919,0.2204036622375455,0.48847856451412497
arm5_reference,push_to_zone,low_friction,23002,v2_full,True,True,1.0,0.02298677986242812,0.02298677986242812,0.00033021752911270173,720,720,0,False,,2ebd5a46a509772b,0.6538507560730804,0.2226431501840455,20.121413266372766,0,0,0,0,True,True,36,8,28,183,0.0,0.7486338797814208,28,0.1847316163887892,0.8643769514645346,0.21666702330856114,0.4401222932757669
arm5_reference,push_to_zone,low_friction,23003,v2_full,True,True,1.0,0.006144946675285566,0.006144946675285566,0.000230078947404347,720,720,0,False,,2ebd5a46a509772b,0.7059641357273518,0.2318648787863605,23.026796677857998,0,0,0,0,True,True,40,9,31,170,0.0,0.7705882352941177,20,0.18988627607617742,0.9277712762799771,0.2280508192434294,0.4966888181174447
arm5_reference,push_to_zone,low_friction,23004,v2_full,True,True,1.0,0.021139588571232045,0.021139588571232045,0.0002689651351788345,720,720,0,False,,2ebd5a46a509772b,0.7471872495041381,0.2340713119968277,21.313912111392636,0,0,0,0,True,True,37,9,28,162,0.0,0.7222222222222222,23,0.18203263242603882,0.868923986558722,0.22912038685646874,0.522360333242244
arm5_reference,push_to_zone,low_friction,23005,v2_full,True,True,1.0,0.02365667266942913,0.02365667266942913,0.00047454255214886217,720,720,0,False,,2ebd5a46a509772b,0.7226300600061157,0.22900484454865375,20.25327353880059,0,0,0,0,True,True,29,6,23,206,0.0,0.8203883495145631,25,0.1837697903806003,0.8105281643150882,0.2241658509428406,0.5283655864229515
arm5_reference,push_to_zone,low_friction,23006,v2_full,True,True,1.0,0.016833185426431512,0.016833185426431512,0.0003708269752720669,720,720,0,False,,2ebd5a46a509772b,0.7065468224649041,0.2304048609112926,21.62954289436486,0,0,0,0,True,True,42,9,33,189,0.0,0.7566137566137566,29,0.18707651657568192,1.0459150119969576,0.22603837600360085,0.4988983019810971
arm5_reference,push_to_zone,low_friction,23007,v2_full,True,True,1.0,0.00805453527617598,0.00805453527617598,8.154450660148716e-05,720,720,0,False,,2ebd5a46a509772b,0.8069939093603216,0.23932566977767844,23.18797381321463,0,0,0,0,True,True,36,10,26,164,0.0,0.6890243902439024,24,0.18854733697148043,0.9565502562435189,0.23549193652757985,0.5816543210567509
arm5_reference,push_to_zone,low_friction,23008,v2_full,True,True,1.0,0.00619828557837721,0.00619828557837721,4.488511903621665e-05,720,720,0,False,,2ebd5a46a509772b,0.780673606313385,0.24123580671730016,22.365717543275345,0,0,0,0,True,True,37,8,29,160,0.0,0.675,24,0.19160881172741723,0.9537442445976874,0.23919512891380684,0.5794700978932843
arm5_reference,push_to_zone,low_friction,23009,v2_full,True,True,1.0,0.01315776949187625,0.01315776949187625,0.00019678334471141777,720,720,0,False,,2ebd5a46a509772b,0.7245282259084069,0.2351681654028228,20.38844075567557,0,0,0,0,True,True,44,8,36,152,0.0,0.6973684210526315,25,0.18349675181587172,0.7340944827171656,0.2320942363969851,0.5247913145998413
arm5_reference,push_to_zone,low_friction,23010,v2_full,True,True,1.0,0.0073453478103116575,0.0073453478103116575,0.0001500073720914618,720,720,0,False,,2ebd5a46a509772b,0.7873062338734171,0.2369189229666923,21.453256583275078,0,0,0,0,True,True,36,10,26,170,0.0,0.7235294117647059,26,0.19739103378283324,0.899478075696057,0.23248839639935912,0.582691408257491
arm5_reference,push_to_zone,low_friction,23011,v2_full,True,True,1.0,0.012176104513710996,0.012176104513710996,0.0006862036861937242,720,720,0,False,,2ebd5a46a509772b,0.8666476660299378,0.2521181804811765,23.469623138401495,0,0,0,0,True,True,35,10,25,159,0.0,0.7044025157232704,24,0.1928622591559154,0.8861643508459334,0.2508977471550688,0.6615584219787727
arm5_reference,push_to_zone,low_friction,23012,v2_full,True,True,1.0,0.03160943450522515,0.03160943450522515,0.0006069660179533591,720,720,0,False,,2ebd5a46a509772b,0.7373724773429422,0.23119447084287123,19.513399966378252,0,0,0,0,True,True,31,7,24,196,0.0,0.7908163265306123,27,0.17637629140763683,0.8780150748364554,0.22630265901816474,0.5396550628939099
arm5_reference,push_to_zone,low_friction,23013,v2_full,True,True,1.0,0.011530083787849709,0.011530083787849709,0.000749769209904619,720,720,0,False,,2ebd5a46a509772b,0.7251105419178412,0.23129009347402404,21.64933577065829,0,0,0,0,True,True,36,9,27,174,0.0,0.764367816091954,24,0.1924136191260705,0.9707830259096318,0.2271797863241785,0.5257449951855744
arm5_reference,push_to_zone,low_friction,23014,v2_full,True,True,1.0,0.018202498702368983,0.018202498702368983,0.00042945291516236834,720,720,0,False,,2ebd5a46a509772b,0.7414571199881719,0.23328985962268114,22.221593679075568,0,0,0,0,True,True,39,12,27,178,0.0,0.7752808988764045,23,0.18946874547467388,1.1329292526959167,0.2297767796850353,0.5355628288856127
arm5_reference,push_to_zone,low_friction,23015,v2_full,True,True,1.0,0.008292329880689914,0.008292329880689914,0.0005978316443422024,720,720,0,False,,2ebd5a46a509772b,0.7898390484815421,0.2418894030352253,21.430665941407316,0,0,0,0,True,True,31,7,24,169,0.0,0.7218934911242604,27,0.19291156219046293,1.009575624427258,0.23890112945209016,0.5762044012256413
arm5_reference,push_to_zone,low_friction,23016,v2_full,True,True,1.0,0.0147351086300218,0.0147351086300218,0.00026339999872540846,720,720,0,False,,2ebd5a46a509772b,0.7655585410654266,0.23751914917075154,21.86235510546364,0,0,0,0,True,True,37,11,26,169,0.0,0.7159763313609467,26,0.1910512434299132,0.9072496612459379,0.23400615658583274,0.5581385829422301
arm5_reference,push_to_zone,low_friction,23017,v2_full,True,True,1.0,0.008700548824572604,0.008700548824572604,0.0011933678270752406,720,720,0,False,,2ebd5a46a509772b,0.7944970288497268,0.2389098300373794,21.69250889442886,0,0,0,0,True,True,38,11,27,175,0.0,0.7485714285714286,24,0.1941141056295002,1.062070453481544,0.23533610489911383,0.5770122324315397
arm5_reference,push_to_zone,low_friction,23018,v2_full,True,True,1.0,0.01600096149719209,0.01600096149719209,0.00040943072928843906,720,720,0,False,,2ebd5a46a509772b,0.7282055036436996,0.23707780209764193,22.047582959899746,0,0,0,0,True,True,47,11,36,176,0.0,0.7613636363636364,25,0.19538148843301345,0.9867563992151471,0.23507656603290142,0.5581944678060267
arm5_reference,push_to_zone,low_friction,23019,v2_full,True,True,1.0,0.014725665996390108,0.014725665996390108,1.7463380016064073e-05,720,720,0,False,,2ebd5a46a509772b,0.7709839214667085,0.24097028010310878,23.90860100654967,0,0,0,0,True,True,31,9,22,168,0.0,0.6964285714285714,22,0.18190340846343633,1.0106861749891203,0.23761463869427826,0.5484322579128702
arm5_reference,push_to_zone,low_friction,23020,v2_full,True,True,1.0,0.016400017351584972,0.016400017351584972,0.00019168259597996537,720,720,0,False,,2ebd5a46a509772b,0.7330789480370163,0.23592017369349796,20.914630377715437,0,0,0,0,True,True,37,9,28,164,0.0,0.7317073170731707,26,0.18699154027419196,0.8328122845153129,0.23260876360572807,0.5413264221444196
arm5_reference,push_to_zone,low_friction,23021,v2_full,True,True,1.0,0.010663100123051163,0.010663100123051163,0.0006201223079569859,720,720,0,False,,2ebd5a46a509772b,0.7616026776276272,0.23732444882791173,20.67371419068409,0,0,0,0,True,True,38,10,28,175,0.0,0.7942857142857143,20,0.19168989432511202,0.8164676937918984,0.2343869948614422,0.5781197920624197
arm5_reference,push_to_zone,low_friction,23022,v2_full,True,True,1.0,0.00611088518176841,0.00611088518176841,0.0008638805366995021,720,720,0,False,,2ebd5a46a509772b,0.7387535097809104,0.23231293726150673,21.80853380438356,0,0,0,0,True,True,32,9,23,175,0.0,0.6971428571428572,25,0.2051734700658616,0.8269256245805867,0.22819645546714815,0.5489445181343502
arm5_reference,push_to_zone,low_friction,23023,v2_full,True,True,1.0,0.009715517871651449,0.009715517871651449,1.6884542681638708e-05,720,720,0,False,,2ebd5a46a509772b,0.8655701797499882,0.247909845402939,23.3190536650826,0,0,0,0,True,True,42,9,33,165,0.0,0.7454545454545455,26,0.18688461414417987,0.9046119655164222,0.24479552580155078,0.6447926597467291
arm5_reference,push_to_zone,low_friction,23024,v2_full,True,True,1.0,0.01475846712409647,0.01475846712409647,0.0003266667896929741,720,720,0,False,,2ebd5a46a509772b,0.7474266094197981,0.23509541399365094,21.663842993208625,0,0,0,0,True,True,38,10,28,173,0.0,0.7514450867052023,27,0.19085119916799562,1.0369145635759776,0.231287966064543,0.5507302125324278
arm5_reference,push_to_zone,latency_load,23001,v2_full,False,False,0.3333333333333333,0.42915678722650175,0.42915678722650175,0.039956585869407805,720,225,0,True,stage_timeout,2ebd5a46a509772b,0.3467271615413634,0.19600064908940876,31.403362391431905,0,0,0,0,False,False,43,13,30,0,0.0,0.0,0,0.0,0.0,nan,nan
arm5_reference,push_to_zone,latency_load,23002,v2_full,True,True,1.0,0.007217044127364912,0.007217044127364912,0.0005999878095328008,720,720,0,False,,2ebd5a46a509772b,0.7674843685724344,0.23993335231540025,33.52499242583395,0,0,0,0,True,True,43,12,31,205,0.0,0.751219512195122,28,0.22866859182300664,0.9978993998999375,0.23693268949123936,0.6153758765690798
arm5_reference,push_to_zone,latency_load,23003,v2_full,True,True,1.0,0.00851501453571818,0.00851501453571818,9.32263823350333e-05,720,720,0,False,,2ebd5a46a509772b,0.8323281951374599,0.24967781281905715,35.66264958274915,0,0,0,0,True,True,39,10,29,184,0.0,0.7010869565217391,29,0.211858168503209,0.9582782201549829,0.24924000167960242,0.6624337023514868
arm5_reference,push_to_zone,latency_load,23004,v2_full,True,True,1.0,0.009377445922012803,0.009377445922012803,0.00026419040697502077,720,720,0,False,,2ebd5a46a509772b,0.860302128246277,0.25005387407198076,35.207479705346934,0,0,0,0,True,True,56,16,40,199,0.0,0.7135678391959799,33,0.2243851699719095,0.9731461687248707,0.24881063249467228,0.6739653614791323
arm5_reference,push_to_zone,latency_load,23005,v2_full,True,True,1.0,0.013682935965491812,0.013682935965491812,0.001239084946322782,720,720,0,False,,2ebd5a46a509772b,0.8713118128527821,0.25135666021673686,35.8336843025778,0,0,0,0,True,True,38,5,33,246,0.0,0.7317073170731707,40,0.3043161936345507,0.9755074354307678,0.2512195841497138,0.7097736144327627
arm5_reference,push_to_zone,latency_load,23006,v2_full,True,True,1.0,0.020839330634828106,0.020839330634828106,0.0005330446824770699,720,720,0,False,,2ebd5a46a509772b,0.8170565200460356,0.24661122946769065,34.6753113792869,0,0,0,0,True,True,43,9,34,179,0.0,0.7262569832402235,28,0.20363675008282275,0.913134179696889,0.2448293175438363,0.6425465841704203
arm5_reference,push_to_zone,latency_load,23007,v2_full,True,True,1.0,0.024458522835816725,0.024458522835816725,0.00029368818123175157,720,720,0,False,,2ebd5a46a509772b,0.8933121757213898,0.2513760293762035,34.39607888971044,0,0,0,0,True,True,47,12,35,224,0.0,0.7767857142857143,29,0.2069529332555312,0.9304649429898592,0.25127533550101794,0.7291590672786912
arm5_reference,push_to_zone,latency_load,23008,v2_full,True,True,1.0,0.018884053947984834,0.018884053947984834,0.00010717145414213252,720,720,0,False,,2ebd5a46a509772b,0.8766850559285262,0.25462433831353104,34.709656129167804,0,0,0,0,True,True,72,15,57,191,0.0,0.7015706806282722,31,0.2205054069748432,0.8650172488101848,0.2554700146696472,0.712196074535794
arm5_reference,push_to_zone,latency_load,23009,v2_full,True,True,1.0,0.01734993454693973,0.01734993454693973,2.0554392184556695e-11,720,720,0,False,,2ebd5a46a509772b,0.8789537190182501,0.2576921031017919,44.81760393309474,0,0,0,0,True,True,51,13,38,159,0.0,0.5157232704402516,25,0.17952685830195497,0.8336425624523809,0.2551266985453694,0.6761473050440241
arm5_reference,push_to_zone,latency_load,23010,v2_full,True,True,1.0,0.013555742020494437,0.013555742020494437,0.0007450137573645345,720,720,0,False,,2ebd5a46a509772b,0.8902385944259461,0.25202920888447766,36.07616788232134,0,0,0,0,True,True,55,9,46,210,0.0,0.7238095238095238,33,0.24566325586224752,0.9819978481946229,0.25119476588551065,0.7403951424894979
arm5_reference,push_to_zone,latency_load,23011,v2_full,True,True,1.0,0.015069531606390216,0.015069531606390216,0.0010430288474610739,720,720,0,False,,2ebd5a46a509772b,0.9577460144558909,0.26406582771361065,35.60826245779023,0,0,0,0,True,True,50,8,42,161,0.0,0.7018633540372671,28,0.1853915325160612,0.8480753257681835,0.2662942783301213,0.8021692643951801
arm5_reference,push_to_zone,latency_load,23012,v2_full,True,True,1.0,0.01590877019819929,0.01590877019819929,3.374932033780884e-05,720,720,0,False,,2ebd5a46a509772b,0.8526711775106204,0.24865319005626443,35.97512007167993,0,0,0,0,True,True,34,12,22,185,0.0,0.6972972972972973,27,0.20614083472752343,1.0326271970509655,0.2466467084455797,0.7075750593583758
arm5_reference,push_to_zone,latency_load,23013,v2_full,True,True,1.0,0.013822692679900874,0.013822692679900874,8.45568455460272e-05,720,720,0,False,,2ebd5a46a509772b,0.8460296166713879,0.2490625594442829,35.27175929445843,0,0,0,0,True,True,48,11,37,184,0.0,0.625,27,0.218963370844831,0.8853763457653933,0.24814953970279233,0.6881116291401721
arm5_reference,push_to_zone,latency_load,23014,v2_full,False,False,0.3333333333333333,0.313386556391991,0.313386556391991,0.0166159046228681,720,214,0,True,stage_timeout,2ebd5a46a509772b,0.7083897692979155,0.28632518965124776,31.772940711066685,0,0,0,0,False,False,56,7,49,0,0.0,0.0,0,0.0,0.0,nan,nan
arm5_reference,push_to_zone,latency_load,23015,v2_full,True,True,1.0,0.017460095486193032,0.017460095486193032,0.0022360996026235145,720,720,0,False,,2ebd5a46a509772b,0.8881144736422868,0.2557742804974333,34.7984187554372,0,0,0,0,True,True,57,11,46,172,0.0,0.6802325581395349,25,0.20365178081875118,0.8863851891003249,0.25594473223476094,0.7039538655493867
arm5_reference,push_to_zone,latency_load,23016,v2_full,True,True,1.0,0.009595595719856806,0.009595595719856806,0.00046300625277838375,720,720,0,False,,2ebd5a46a509772b,0.901992009171124,0.25684088030830976,35.8336185485709,0,0,0,0,True,True,49,8,41,237,0.0,0.70042194092827,39,0.2932267344658113,0.8939339842391331,0.2573117410730557,0.7257639085376475
arm5_reference,push_to_zone,latency_load,23017,v2_full,True,True,1.0,0.02335001795029037,0.02335001795029037,7.355945188031914e-07,720,720,0,False,,2ebd5a46a509772b,0.9172261754858415,0.25614297007342063,38.64979237856676,0,0,0,0,True,True,50,12,38,180,0.0,0.6722222222222223,25,0.2004827824305804,0.9121443706695455,0.2528385514750932,0.7299137622323686
arm5_reference,push_to_zone,latency_load,23018,v2_full,False,False,0.3333333333333333,0.3259290715156763,0.3259290715156763,0.015301465544044672,720,215,0,True,stage_timeout,2ebd5a46a509772b,0.6636493930715064,0.2785765914891834,31.490588015801734,0,0,0,0,False,False,48,11,37,0,0.0,0.0,0,0.0,0.0,nan,nan
arm5_reference,push_to_zone,latency_load,23019,v2_full,True,True,1.0,0.015852810345492192,0.015852810345492192,4.4404314628539534e-05,720,720,0,False,,2ebd5a46a509772b,0.8714500479333296,0.2548238275001584,36.17962030730678,0,0,0,0,True,True,44,11,33,165,0.0,0.6727272727272727,28,0.19193684560528623,0.907890589214054,0.254747197472523,0.6865080630537408
arm5_reference,push_to_zone,latency_load,23020,v2_full,True,True,1.0,0.0094644282392348,0.0094644282392348,0.00019888591262272017,720,720,0,False,,2ebd5a46a509772b,0.837908788975585,0.25115810995694926,36.383931514790014,0,0,0,0,True,True,54,12,42,170,0.0,0.6882352941176471,24,0.2057549231697049,0.9679676396965061,0.25181563016836994,0.6765364333311568
arm5_reference,push_to_zone,latency_load,23021,v2_full,True,True,1.0,0.023436952441359134,0.023436952441359134,0.0005420134203554215,720,720,0,False,,2ebd5a46a509772b,0.8724609786099409,0.25400684370943705,35.34321142705278,0,0,0,0,True,True,58,15,43,214,0.0,0.7149532710280374,31,0.23327822166179343,0.9368119317313348,0.254152276763006,0.7090665263164166
arm5_reference,push_to_zone,latency_load,23022,v2_full,True,True,1.0,0.0057263751334985236,0.0057263751334985236,0.0012972218604778694,720,720,0,False,,2ebd5a46a509772b,0.821221766593383,0.24476131519547664,34.24559750328241,0,0,0,0,True,True,47,9,38,182,0.0,0.7307692307692307,28,0.21437646922386097,0.955208040641038,0.24310150084622753,0.703410810843013
arm5_reference,push_to_zone,latency_load,23023,v2_full,True,True,1.0,0.017298922268161793,0.017298922268161793,8.657924716139359e-05,720,720,0,False,,2ebd5a46a509772b,0.9593359052835737,0.26032932837396644,35.84169571799425,0,0,0,0,True,True,52,8,44,180,0.0,0.7,30,0.20304918867673594,1.062954824707411,0.26049068031840106,0.7661864556899927
arm5_reference,push_to_zone,latency_load,23024,v2_full,True,True,1.0,0.0056773411436324755,0.0056773411436324755,0.0005559408544064826,720,720,0,False,,2ebd5a46a509772b,0.8735922315275184,0.2535530639069575,36.084179836797084,0,0,0,0,True,True,42,6,36,206,0.0,0.6747572815533981,31,0.24734588057672102,0.9996105845127878,0.25338126507219405,0.7105661518672877
arm5_reference,push_to_zone,severe,23001,v2_full,False,False,0.0,0.19608567980304753,0.19608567980304753,3.5443283909622096e-11,720,135,0,True,stage_timeout,2ebd5a46a509772b,0.7864291552308194,0.2844236802567871,136.70616359020897,0,0,0,0,False,False,0,0,0,0,0.0,0.0,0,0.0,0.0,nan,nan
arm5_reference,push_to_zone,severe,23002,v2_full,False,False,0.0,0.20338002486828877,0.20338002486828877,4.889157745928703e-08,720,135,0,True,stage_timeout,2ebd5a46a509772b,0.7642265234540546,0.28200315824804933,136.80164285499424,0,0,0,0,False,False,0,0,0,0,0.0,0.0,0,0.0,0.0,nan,nan
arm5_reference,push_to_zone,severe,23003,v2_full,False,False,0.0,0.2517098986403912,0.2517098986403912,5.136945447307281e-11,720,135,0,True,stage_timeout,2ebd5a46a509772b,0.8215871463863489,0.28427588498447276,141.30734296763038,0,0,0,0,False,False,0,0,0,0,0.0,0.0,0,0.0,0.0,nan,nan
arm5_reference,push_to_zone,severe,23004,v2_full,False,False,0.0,0.241407748073096,0.241407748073096,8.760694274874964e-08,720,135,0,True,stage_timeout,2ebd5a46a509772b,0.8368886273788751,0.28488946936462395,140.02043902701004,0,0,0,0,False,False,0,0,0,0,0.0,0.0,0,0.0,0.0,nan,nan
arm5_reference,push_to_zone,severe,23005,v2_full,False,False,0.0,0.25518471379387836,0.25518471379387836,9.015403835245676e-08,720,135,0,True,stage_timeout,2ebd5a46a509772b,0.8169276833228074,0.2858393236292228,139.722850512875,0,0,0,0,False,False,0,0,0,0,0.0,0.0,0,0.0,0.0,nan,nan
arm5_reference,push_to_zone,severe,23006,v2_full,False,False,0.0,0.2315460862750827,0.2315460862750827,3.059175844989642e-07,720,135,0,True,stage_timeout,2ebd5a46a509772b,0.7880707773999158,0.28458542801662634,137.74696435775272,0,0,0,0,False,False,0,0,0,0,0.0,0.0,0,0.0,0.0,nan,nan
arm5_reference,push_to_zone,severe,23007,v2_full,False,False,0.0,0.23395226555159,0.23395226555159,5.5096029712273785e-11,720,135,0,True,stage_timeout,2ebd5a46a509772b,0.8905050730376389,0.28659932102388047,145.01840011848654,0,0,0,0,False,False,0,0,0,0,0.0,0.0,0,0.0,0.0,nan,nan
arm5_reference,push_to_zone,severe,23008,v2_full,False,False,0.0,0.26949333745410436,0.26949333745410436,2.0589287070522177e-07,720,135,0,True,stage_timeout,2ebd5a46a509772b,0.8337474942313712,0.284486252871375,139.3552864774209,0,0,0,0,False,False,0,0,0,0,0.0,0.0,0,0.0,0.0,nan,nan
arm5_reference,push_to_zone,severe,23009,v2_full,False,False,0.0,0.22595258050963182,0.22595258050963182,3.3102026349547205e-11,720,135,0,True,stage_timeout,2ebd5a46a509772b,0.7805075645066086,0.28180450610633906,136.19570553838545,0,0,0,0,False,False,0,0,0,0,0.0,0.0,0,0.0,0.0,nan,nan
arm5_reference,push_to_zone,severe,23010,v2_full,False,False,0.0,0.22243883460127822,0.22243883460127822,1.3658202124256154e-07,720,135,0,True,stage_timeout,2ebd5a46a509772b,0.8453822268721587,0.28655084328476493,141.4117880022027,0,0,0,0,False,False,0,0,0,0,0.0,0.0,0,0.0,0.0,nan,nan
arm5_reference,push_to_zone,severe,23011,v2_full,False,False,0.0,0.27791631390959176,0.27791631390959176,0.15084352623883066,720,135,0,True,stage_timeout,2ebd5a46a509772b,0.8703754026880022,0.28200464348538434,140.0271149839555,0,0,0,0,False,False,0,0,0,0,0.0,0.0,0,0.0,0.0,nan,nan
arm5_reference,push_to_zone,severe,23012,v2_full,False,False,0.0,0.22482668102232686,0.22482668102232686,0.08267007842140653,720,135,0,True,stage_timeout,2ebd5a46a509772b,0.7995436272016292,0.28426661052078744,138.15120859631745,0,0,0,0,False,False,0,0,0,0,0.0,0.0,0,0.0,0.0,nan,nan
arm5_reference,push_to_zone,severe,23013,v2_full,False,False,0.0,0.23903764357087812,0.23903764357087812,3.954746343623538e-11,720,135,0,True,stage_timeout,2ebd5a46a509772b,0.8193893869401982,0.2859174291713134,141.97476306076123,0,0,0,0,False,False,0,0,0,0,0.0,0.0,0,0.0,0.0,nan,nan
arm5_reference,push_to_zone,severe,23014,v2_full,False,False,0.0,0.2034010220584128,0.2034010220584128,0.14612977842996933,720,135,0,True,stage_timeout,2ebd5a46a509772b,0.825695290291173,0.28557609835850084,140.99383873112365,0,0,0,0,False,False,0,0,0,0,0.0,0.0,0,0.0,0.0,nan,nan
arm5_reference,push_to_zone,severe,23015,v2_full,False,False,0.0,0.2290367123394645,0.2290367123394645,3.807411223498406e-11,720,135,0,True,stage_timeout,2ebd5a46a509772b,0.8180480209355605,0.28362710182551437,136.58214449392128,0,0,0,0,False,False,0,0,0,0,0.0,0.0,0,0.0,0.0,nan,nan
arm5_reference,push_to_zone,severe,23016,v2_full,False,False,0.0,0.19454723654912198,0.19454723654912198,0.14472305637134997,720,135,0,True,stage_timeout,2ebd5a46a509772b,0.8366849837781536,0.2850660023749717,139.43739665681693,0,0,0,0,False,False,0,0,0,0,0.0,0.0,0,0.0,0.0,nan,nan
arm5_reference,push_to_zone,severe,23017,v2_full,False,False,0.0,0.22235040049654048,0.22235040049654048,1.0479654562314688e-08,720,135,0,True,stage_timeout,2ebd5a46a509772b,0.8461306413217349,0.2862812571433156,139.4634833105603,0,0,0,0,False,False,0,0,0,0,0.0,0.0,0,0.0,0.0,nan,nan
arm5_reference,push_to_zone,severe,23018,v2_full,False,False,0.0,0.2130571147620249,0.2130571147620249,0.13456290011654973,720,135,0,True,stage_timeout,2ebd5a46a509772b,0.7497398835694997,0.28032220677347214,131.82457318856498,0,0,0,0,False,False,0,0,0,0,0.0,0.0,0,0.0,0.0,nan,nan
arm5_reference,push_to_zone,severe,23019,v2_full,False,False,0.0,0.22396842738895417,0.22396842738895417,4.826229401436139e-08,720,135,0,True,stage_timeout,2ebd5a46a509772b,0.8207721651773103,0.28408233859435156,137.31724251716741,0,0,0,0,False,False,0,0,0,0,0.0,0.0,0,0.0,0.0,nan,nan
arm5_reference,push_to_zone,severe,23020,v2_full,False,False,0.0,0.23680301771543585,0.23680301771543585,1.966421138066631e-11,720,135,0,True,stage_timeout,2ebd5a46a509772b,0.7812662239876262,0.28241107341132715,136.59084212377357,0,0,0,0,False,False,0,0,0,0,0.0,0.0,0,0.0,0.0,nan,nan
arm5_reference,push_to_zone,severe,23021,v2_full,False,False,0.0,0.22756160574278006,0.22756160574278006,1.4727297370015021e-07,720,135,0,True,stage_timeout,2ebd5a46a509772b,0.8139295873025079,0.28758442829122427,139.05726441806675,0,0,0,0,False,False,0,0,0,0,0.0,0.0,0,0.0,0.0,nan,nan
arm5_reference,push_to_zone,severe,23022,v2_full,False,False,0.0,0.2624825318265328,0.2624825318265328,6.406147595717475e-07,720,135,0,True,stage_timeout,2ebd5a46a509772b,0.7864626255917195,0.2850988533677338,137.63553404017432,0,0,0,0,False,False,0,0,0,0,0.0,0.0,0,0.0,0.0,nan,nan
arm5_reference,push_to_zone,severe,23023,v2_full,False,False,0.0,0.27493068752875394,0.27493068752875394,6.017537196262294e-09,720,135,0,True,stage_timeout,2ebd5a46a509772b,0.9021104311003025,0.2877585568661475,142.58677482088743,0,0,0,0,False,False,0,0,0,0,0.0,0.0,0,0.0,0.0,nan,nan
arm5_reference,push_to_zone,severe,23024,v2_full,False,False,0.0,0.22383916027710735,0.22383916027710735,1.8175994277833267e-08,720,135,0,True,stage_timeout,2ebd5a46a509772b,0.8039520421978108,0.2842440507038297,136.3416430024525,0,0,0,0,False,False,0,0,0,0,0.0,0.0,0,0.0,0.0,nan,nan
arm5_distal_heavy,push_to_zone,nominal,23001,v2_full,True,True,1.0,0.016295053757406548,0.016295053757406548,0.00032631795318125426,720,720,0,False,,2ebd5a46a509772b,0.7043353896225093,0.22536820045999323,23.38860859524178,0,0,0,0,True,True,34,5,29,176,0.0,0.7386363636363636,24,0.186018911162663,1.0834978642100344,0.2260730101120832,0.5030800179107833
arm5_distal_heavy,push_to_zone,nominal,23002,v2_full,True,True,1.0,0.037965220011660236,0.037965220011660236,0.00015660827140958662,720,720,0,False,,2ebd5a46a509772b,0.6975676961415025,0.2273969438952824,27.001606212733115,0,0,0,0,True,True,30,5,25,158,0.0,0.6518987341772152,22,0.15970712652100505,0.9769817748042899,0.22934358993010232,0.4707430870358458
arm5_distal_heavy,push_to_zone,nominal,23003,v2_full,True,True,1.0,0.036416837608453045,0.036416837608453045,2.0173868173262065e-11,720,720,0,False,,2ebd5a46a509772b,0.782449411969862,0.24179295483868266,32.40627910422804,0,0,0,0,True,True,35,5,30,149,0.0,0.5637583892617449,23,0.14606830311102734,0.8605092344306117,0.24237657384922134,0.5340427032524961
arm5_distal_heavy,push_to_zone,nominal,23004,v2_full,True,True,1.0,0.007536515505651267,0.007536515505651267,0.00023167358945589995,720,720,0,False,,2ebd5a46a509772b,0.785645524720914,0.23786892830241613,28.779249317079216,0,0,0,0,True,True,30,4,26,160,0.0,0.6375,24,0.18541299584399107,0.9028606125477193,0.23791155546598483,0.5442640357505808
arm5_distal_heavy,push_to_zone,nominal,23005,v2_full,True,True,1.0,0.008299125738812526,0.008299125738812526,0.0002470058737195275,720,720,0,False,,2ebd5a46a509772b,0.7845900370142984,0.23629279251593632,26.22718533486501,0,0,0,0,True,True,30,5,25,164,0.0,0.6341463414634146,26,0.2005192562906882,0.8775856794015877,0.2365334560960169,0.5590760022436236
arm5_distal_heavy,push_to_zone,nominal,23006,v2_full,True,True,1.0,0.007988784303081945,0.007988784303081945,0.0002738292349222146,720,720,0,False,,2ebd5a46a509772b,0.7443524744248413,0.2340886408525586,26.224824445679722,0,0,0,0,True,True,34,5,29,160,0.0,0.65,28,0.189406171754333,0.9187155937735773,0.23484987729441875,0.5313913575860281
arm5_distal_heavy,push_to_zone,nominal,23007,v2_full,True,True,1.0,0.010428555999026699,0.010428555999026699,6.495830623334843e-08,720,720,0,False,,2ebd5a46a509772b,0.8847936072894869,0.24853397093671914,33.29006015761339,0,0,0,0,True,True,28,4,24,152,0.006578947368421052,0.5723684210526315,23,0.18372687137364305,0.9686361150981568,0.2511000267434554,0.6352896948889049
arm5_distal_heavy,push_to_zone,nominal,23008,v2_full,True,True,1.0,0.018310552745683252,0.018310552745683252,5.952017634707827e-11,720,720,0,False,,2ebd5a46a509772b,0.8835656744220357,0.2548500004064576,30.942697018854773,0,0,0,0,True,True,33,5,28,151,0.0,0.5033112582781457,23,0.1811275372485131,0.6852728275375946,0.2558391367534827,0.6208502754068714
arm5_distal_heavy,push_to_zone,nominal,23009,v2_full,True,True,1.0,0.021582488177414604,0.021582488177414604,2.4669959408858813e-11,720,720,0,False,,2ebd5a46a509772b,0.7940189670076996,0.2436400280381256,28.54508127525124,0,0,0,0,True,True,28,4,24,148,0.0,0.5743243243243243,24,0.16211601386947785,0.8904249497257457,0.24456110347046994,0.5558984553295754
arm5_distal_heavy,push_to_zone,nominal,23010,v2_full,True,True,1.0,0.022029280257849636,0.022029280257849636,0.00020260985791968353,720,720,0,False,,2ebd5a46a509772b,0.840217895344328,0.2423936128659159,26.68912349777072,0,0,0,0,True,True,34,5,29,161,0.0,0.5900621118012422,23,0.18291101847046348,0.97767187524699,0.24326422704777545,0.6242821643064813
arm5_distal_heavy,push_to_zone,nominal,23011,v2_full,True,True,1.0,0.009711871317376613,0.009711871317376613,0.00021173610408115276,720,720,0,False,,2ebd5a46a509772b,0.9822182779146087,0.2669422740254259,29.73796724472591,0,0,0,0,True,True,33,5,28,156,0.0,0.5705128205128205,24,0.2001558956304952,0.8732218891681236,0.26719255322086266,0.7319260558683287
arm5_distal_heavy,push_to_zone,nominal,23012,v2_full,True,True,1.0,0.007919974526324414,0.007919974526324414,0.0002341863278935355,720,720,0,False,,2ebd5a46a509772b,0.7800599352787203,0.23509188503211437,24.472567479296092,0,0,0,0,True,True,25,4,21,160,0.0,0.69375,26,0.19221439090415637,0.9635987988533717,0.23590330910724025,0.5735888845325365
arm5_distal_heavy,push_to_zone,nominal,23013,v2_full,True,True,1.0,0.01417276925438364,0.01417276925438364,0.00024360623777190495,720,720,0,False,,2ebd5a46a509772b,0.7890816315618325,0.23898924079302475,28.471959446344773,0,0,0,0,True,True,33,5,28,159,0.0,0.6855345911949685,25,0.1806293855421906,1.0328670119391912,0.2404276627774567,0.5699846452418482
arm5_distal_heavy,push_to_zone,nominal,23014,v2_full,True,True,1.0,0.010177175392452047,0.010177175392452047,0.00022998286699501272,720,720,0,False,,2ebd5a46a509772b,0.8033375208244591,0.24066931094239852,28.62367807852388,0,0,0,0,True,True,32,5,27,162,0.0,0.6728395061728395,23,0.18799369788454345,1.1221168184905033,0.24274571126962946,0.5637752060948835
arm5_distal_heavy,push_to_zone,nominal,23015,v2_full,True,True,1.0,0.01092555520203414,0.01092555520203414,0.0002639818447354417,720,720,0,False,,2ebd5a46a509772b,0.8314119992470377,0.24589344752858103,24.604991040602354,0,0,0,0,True,True,34,5,29,164,0.0,0.7378048780487805,25,0.18647085633091232,0.968855154565391,0.24629680209498023,0.6107760392692994
arm5_distal_heavy,push_to_zone,nominal,23016,v2_full,True,True,1.0,0.014418472310183878,0.014418472310183878,0.00027532598830380716,720,720,0,False,,2ebd5a46a509772b,0.8222717503441483,0.24417758977090537,26.983165879771004,0,0,0,0,True,True,35,5,30,165,0.0,0.7212121212121212,27,0.18777658495568317,0.9669428013264012,0.2448513861530638,0.6112327884725466
arm5_distal_heavy,push_to_zone,nominal,23017,v2_full,True,True,1.0,0.029577089822733355,0.029577089822733355,0.00014808912527754394,720,720,0,False,,2ebd5a46a509772b,0.8411621312121227,0.24346296378389015,27.31326961034766,0,0,0,0,True,True,26,4,22,162,0.0,0.6358024691358025,27,0.17220340379863047,0.9870076764044013,0.24361450721070044,0.6040060504407556
arm5_distal_heavy,push_to_zone,nominal,23018,v2_full,True,True,1.0,0.00843876488482861,0.00843876488482861,0.0002349032547730044,720,720,0,False,,2ebd5a46a509772b,0.8029210239300499,0.2466064233634485,25.147281893169897,0,0,0,0,True,True,31,5,26,158,0.0,0.5759493670886076,24,0.20023358044053408,0.7850941445986007,0.2465213399730327,0.5875351885824767
arm5_distal_heavy,push_to_zone,nominal,23019,v2_full,True,True,1.0,0.010987698991572929,0.010987698991572929,0.00019261187161277832,720,720,0,False,,2ebd5a46a509772b,0.8275508831409208,0.24769399444737786,29.58371341431822,0,0,0,0,True,True,29,4,25,149,0.0,0.6174496644295302,25,0.1846743805853111,0.8911226688479257,0.24843219536956565,0.5911628896634378
arm5_distal_heavy,push_to_zone,nominal,23020,v2_full,True,True,1.0,0.01904706394731238,0.01904706394731238,0.00015278773269544887,720,720,0,False,,2ebd5a46a509772b,0.813569162712926,0.24627602190193756,27.90468934642456,0,0,0,0,True,True,26,4,22,155,0.0,0.6258064516129033,24,0.1773162056605334,0.9425506513462673,0.24662476787748822,0.5832763540091976
arm5_distal_heavy,push_to_zone,nominal,23021,v2_full,True,True,1.0,0.01055409388343996,0.01055409388343996,0.00027423328026908466,720,720,0,False,,2ebd5a46a509772b,0.8255965622803845,0.24444786772143481,25.188477783525318,0,0,0,0,True,True,33,5,28,169,0.0,0.6982248520710059,30,0.19260433195154533,1.096141351393153,0.24523377360334495,0.6133635146748135
arm5_distal_heavy,push_to_zone,nominal,23022,v2_full,True,True,1.0,0.019575178616022565,0.019575178616022565,0.00031421424852038965,720,720,0,False,,2ebd5a46a509772b,0.7549976423952631,0.23209927613561063,22.883227572445033,0,0,0,0,True,True,35,6,29,177,0.0,0.7231638418079096,31,0.18961426929995684,0.9339036044994202,0.23259826530244584,0.567505703913076
arm5_distal_heavy,push_to_zone,nominal,23023,v2_full,True,True,1.0,0.007760670011725306,0.007760670011725306,0.0002066268556169131,720,720,0,False,,2ebd5a46a509772b,0.9255312080458866,0.2543303626212527,29.383989739464127,0,0,0,0,True,True,28,5,23,162,0.0,0.6111111111111112,27,0.19538491938014613,0.966222868535585,0.25437974142864667,0.68798051814312
arm5_distal_heavy,push_to_zone,nominal,23024,v2_full,True,True,1.0,0.007038451859180472,0.007038451859180472,0.0002703322730991363,720,720,0,False,,2ebd5a46a509772b,0.7975957769280964,0.240569167436901,25.358818764997388,0,0,0,0,True,True,32,5,27,168,0.0,0.7083333333333334,26,0.19714261702414898,0.9443958313958906,0.24078519448151658,0.5855755659393549
arm5_distal_heavy,push_to_zone,low_friction,23001,v2_full,True,True,1.0,0.015834210182511927,0.015834210182511927,0.0006369586707264989,720,720,0,False,,2ebd5a46a509772b,0.7561138256988866,0.23558216435929877,25.902079938486487,0,0,0,0,True,True,35,8,27,182,0.0,0.7362637362637363,29,0.1842662163163362,1.0678107561200112,0.23128345878458936,0.5494731820254035
arm5_distal_heavy,push_to_zone,low_friction,23002,v2_full,True,True,1.0,0.015004714314429853,0.015004714314429853,0.00034668516636824677,720,720,0,False,,2ebd5a46a509772b,0.7272875973856698,0.23378213827714847,26.46790039848288,0,0,0,0,True,True,34,8,26,182,0.0,0.7912087912087912,28,0.1861302298112909,1.0146075369276049,0.2294707008414487,0.5195905836319512
arm5_distal_heavy,push_to_zone,low_friction,23003,v2_full,True,True,1.0,0.025529904116868146,0.025529904116868146,1.649003258363889e-11,720,720,0,False,,2ebd5a46a509772b,0.8550089015279965,0.2539151077810248,35.22412929516985,0,0,0,0,True,True,32,9,23,152,0.0,0.5657894736842105,25,0.1651175038723193,0.9122809636412348,0.2526977760776446,0.6195032194514174
arm5_distal_heavy,push_to_zone,low_friction,23004,v2_full,True,True,1.0,0.009404842285659146,0.009404842285659146,0.000122448945856716,720,720,0,False,,2ebd5a46a509772b,0.8503206567541204,0.24905735206917726,30.35527037393083,0,0,0,0,True,True,31,9,22,164,0.0,0.6097560975609756,28,0.1828401636506236,0.9975529743751373,0.2458376800274182,0.6224438670589096
arm5_distal_heavy,push_to_zone,low_friction,23005,v2_full,True,True,1.0,0.01753356533176414,0.01753356533176414,0.000407218379144041,720,720,0,False,,2ebd5a46a509772b,0.8297757066371414,0.2450560644536269,27.20410253519054,0,0,0,0,True,True,37,9,28,186,0.0,0.7096774193548387,31,0.20131659371611657,0.8986490024610746,0.24175599944492493,0.6317101143607342
arm5_distal_heavy,push_to_zone,low_friction,23006,v2_full,True,True,1.0,0.009439315656479767,0.009439315656479767,0.0002613138283043737,720,720,0,False,,2ebd5a46a509772b,0.8038901040994455,0.24492096021843449,29.996895626469342,0,0,0,0,True,True,33,8,25,168,0.0,0.6488095238095238,30,0.1850860182990593,0.96788256488445,0.2421272658294039,0.5925766766387541
arm5_distal_heavy,push_to_zone,low_friction,23007,v2_full,True,True,1.0,0.00844824069956764,0.00844824069956764,0.0001320008965878869,720,720,0,False,,2ebd5a46a509772b,0.9037538195442356,0.25309214456344187,30.017385374345846,0,0,0,0,True,True,29,8,21,176,0.0,0.6818181818181818,29,0.1904126128156778,1.1193915301384216,0.2512427698827275,0.6916750113242958
arm5_distal_heavy,push_to_zone,low_friction,23008,v2_full,True,True,1.0,0.007593168314589099,0.007593168314589099,4.3008037156206835e-05,720,720,0,False,,2ebd5a46a509772b,0.8842864078844264,0.256243130344672,30.163746817938577,0,0,0,0,True,True,37,9,28,162,0.0,0.6296296296296297,29,0.1875508547059907,0.9191825523330749,0.25514224479608455,0.6855094587100363
arm5_distal_heavy,push_to_zone,low_friction,23009,v2_full,True,True,1.0,0.006496687399886319,0.006496687399886319,0.00019985882323126942,720,720,0,False,,2ebd5a46a509772b,0.8273245944093048,0.25043466885837984,29.726835942883728,0,0,0,0,True,True,30,6,24,151,0.0,0.5695364238410596,23,0.18580072926297755,0.9665651825951096,0.24833021519589343,0.6159260559481701
arm5_distal_heavy,push_to_zone,low_friction,23010,v2_full,True,True,1.0,0.011598764341429518,0.011598764341429518,0.00011913010230471234,720,720,0,False,,2ebd5a46a509772b,0.8584143079746567,0.2471645469129352,25.94220608946418,0,0,0,0,True,True,37,10,27,163,0.0,0.6503067484662577,27,0.1971588093003708,0.8468442871302667,0.24474840534033238,0.6674353408574065
arm5_distal_heavy,push_to_zone,low_friction,23011,v2_full,True,True,1.0,0.012111173103244624,0.012111173103244624,0.000792215783961675,720,720,0,False,,2ebd5a46a509772b,0.9719066388398288,0.26640516991615265,31.602064602652025,0,0,0,0,True,True,55,9,46,161,0.0,0.6459627329192547,23,0.18071860726539077,1.0590463125103804,0.26651086388613965,0.7695098080771872
arm5_distal_heavy,push_to_zone,low_friction,23012,v2_full,True,True,1.0,0.012176615894090052,0.012176615894090052,2.8413060452017572e-05,720,720,0,False,,2ebd5a46a509772b,0.8117241962415958,0.242115558621634,24.85821144467867,0,0,0,0,True,True,33,8,25,175,0.0,0.72,29,0.19203649734738107,0.9709504054944875,0.238508344541541,0.6095067820916173
arm5_distal_heavy,push_to_zone,low_friction,23013,v2_full,True,True,1.0,0.01970598480155208,0.01970598480155208,0.000495247293562644,720,720,0,False,,2ebd5a46a509772b,0.8193102257050757,0.24538756996310457,28.15528335291914,0,0,0,0,True,True,34,8,26,180,0.0,0.7,31,0.1816845118263705,1.002071266198057,0.24283028375901328,0.6250990566798915
arm5_distal_heavy,push_to_zone,low_friction,23014,v2_full,True,True,1.0,0.01327431773313556,0.01327431773313556,0.0003770581959888039,720,720,0,False,,2ebd5a46a509772b,0.8501877064946144,0.24935958728259644,29.404608601400614,0,0,0,0,True,True,36,9,27,184,0.0,0.6956521739130435,28,0.20126279949864653,1.0745541800265783,0.24745487898763505,0.6510919128315114
arm5_distal_heavy,push_to_zone,low_friction,23015,v2_full,True,True,1.0,0.007432754076932889,0.007432754076932889,0.0005702122795256713,720,720,0,False,,2ebd5a46a509772b,0.8753688938784592,0.25411119608256644,28.45932340516476,0,0,0,0,True,True,29,6,23,158,0.0,0.6582278481012658,21,0.18831286426736915,0.9461965782684721,0.2522799173869641,0.6648474770015995
arm5_distal_heavy,push_to_zone,low_friction,23016,v2_full,True,True,1.0,0.018494708096743008,0.018494708096743008,0.0002636510971981267,720,720,0,False,,2ebd5a46a509772b,0.8692791604184023,0.25251966293624284,28.58816099299078,0,0,0,0,True,True,39,9,30,176,0.0,0.6818181818181818,32,0.19293464708642566,0.9737821029664125,0.2508953207766393,0.6698854082568704
arm5_distal_heavy,push_to_zone,low_friction,23017,v2_full,True,True,1.0,0.014707910127260405,0.014707910127260405,0.0008512801926615662,720,720,0,False,,2ebd5a46a509772b,0.8647235085347638,0.24891645871746626,26.944657551646507,0,0,0,0,True,True,30,9,21,184,0.0,0.6956521739130435,30,0.19024276454615907,1.0985190951831156,0.2461922283935141,0.652203962713108
arm5_distal_heavy,push_to_zone,low_friction,23018,v2_full,True,True,1.0,0.011703865988496757,0.011703865988496757,0.0003846024824253697,720,720,0,False,,2ebd5a46a509772b,0.812897524092373,0.24963808698720016,27.053565584798957,0,0,0,0,True,True,50,11,39,185,0.0,0.7405405405405405,30,0.20712065580041075,1.0136360381064262,0.2488500282149216,0.6544911258243906
arm5_distal_heavy,push_to_zone,low_friction,23019,v2_full,True,True,1.0,0.011302046306476602,0.011302046306476602,0.00011692807992601035,720,720,0,False,,2ebd5a46a509772b,0.857223976216517,0.25340795175300823,29.266625877528107,0,0,0,0,True,True,32,6,26,171,0.0,0.7192982456140351,27,0.18443365462786973,0.9727941648387946,0.2512535280687519,0.6538055836126766
arm5_distal_heavy,push_to_zone,low_friction,23020,v2_full,True,True,1.0,0.011065590990315023,0.011065590990315023,0.0001080586972841484,720,720,0,False,,2ebd5a46a509772b,0.8275852699961042,0.2499688398327057,29.06501711004264,0,0,0,0,True,True,32,10,22,172,0.0,0.6686046511627907,30,0.18648725642656597,1.0410590251656682,0.24853310729685205,0.6291557267635639
arm5_distal_heavy,push_to_zone,low_friction,23021,v2_full,True,True,1.0,0.02046638031358696,0.02046638031358696,0.0006428201051308933,720,720,0,False,,2ebd5a46a509772b,0.8612950043319039,0.2521058880962212,28.6772532530218,0,0,0,0,True,True,30,7,23,160,0.0,0.64375,26,0.17105620144960065,0.9600836330295962,0.2508272790970252,0.6626103635693488
arm5_distal_heavy,push_to_zone,low_friction,23022,v2_full,True,True,1.0,0.009781528420251892,0.009781528420251892,0.0008263547923701055,720,720,0,False,,2ebd5a46a509772b,0.8007557902578681,0.24147680731218665,26.918853182177074,0,0,0,0,True,True,30,8,22,185,0.0,0.7189189189189189,28,0.20323173807404082,1.08063026027738,0.23898344601269494,0.6336213081601061
arm5_distal_heavy,push_to_zone,low_friction,23023,v2_full,True,True,1.0,0.007808425410926541,0.007808425410926541,0.0001227071908442262,720,720,0,False,,2ebd5a46a509772b,0.9545372413453725,0.26001450620760796,30.532453354508394,0,0,0,0,True,True,46,9,37,176,0.0,0.7215909090909091,26,0.19124528937916913,1.129276064860361,0.2583503167748581,0.737091892568912
arm5_distal_heavy,push_to_zone,low_friction,23024,v2_full,True,True,1.0,0.018076662224751492,0.018076662224751492,0.0002865638561083011,720,720,0,False,,2ebd5a46a509772b,0.822505020047795,0.24604995420627818,26.60074124379074,0,0,0,0,True,True,34,11,23,173,0.0,0.7398843930635838,29,0.18157515974641975,1.0757873883502047,0.243802201379074,0.6229985726819609
arm5_distal_heavy,push_to_zone,latency_load,23001,v2_full,True,True,1.0,0.006846107621691911,0.006846107621691911,0.001194121866792989,720,720,0,False,,2ebd5a46a509772b,0.8472747158637182,0.24939305228857936,36.06621294149118,0,0,0,0,True,True,40,8,32,179,0.0,0.6983240223463687,29,0.19995443319099426,1.0168015425723012,0.24669971546720942,0.6635187644232623
arm5_distal_heavy,push_to_zone,latency_load,23002,v2_full,True,True,1.0,0.006521530698672273,0.006521530698672273,0.0005057664348154052,720,720,0,False,,2ebd5a46a509772b,0.8163985300551739,0.24717269125364177,35.96689734391686,0,0,0,0,True,True,41,9,32,199,0.0,0.7386934673366834,27,0.2053810098036427,0.9974789723494484,0.2444982636589375,0.6348212672381734
arm5_distal_heavy,push_to_zone,latency_load,23003,v2_full,True,True,1.0,0.006552396253435542,0.006552396253435542,0.00011034071864824698,720,720,0,False,,2ebd5a46a509772b,0.9173944458817764,0.2615325577146041,42.0198641717715,0,0,0,0,True,True,56,11,45,161,0.0,0.7204968944099379,19,0.18110808832558453,0.9704238154088438,0.26093777372717974,0.7362737977962461
arm5_distal_heavy,push_to_zone,latency_load,23004,v2_full,True,True,1.0,0.020921385843214225,0.020921385843214225,0.00020167644616651402,720,720,0,False,,2ebd5a46a509772b,0.9301836559693926,0.2595978497630856,37.92227816701346,0,0,0,0,True,True,60,12,48,166,0.0,0.6506024096385542,25,0.1726222864914227,0.8432274598928511,0.2586097795697117,0.7278994825333776
arm5_distal_heavy,push_to_zone,latency_load,23005,v2_full,True,True,1.0,0.022888518478904576,0.022888518478904576,0.0006896121052412387,720,720,0,False,,2ebd5a46a509772b,0.8897916542846103,0.25330266794429784,34.915169840582934,0,0,0,0,True,True,55,7,48,197,0.0,0.7411167512690355,32,0.1920297520927095,1.116117619697574,0.2529529467914287,0.7371803554613838
arm5_distal_heavy,push_to_zone,latency_load,23006,v2_full,True,True,1.0,0.0061193270266189995,0.0061193270266189995,0.0004920214313192272,720,720,0,False,,2ebd5a46a509772b,0.8646148262126652,0.25335936894032346,35.584402134256635,0,0,0,0,True,True,55,8,47,179,0.0,0.7094972067039106,33,0.1940604352564649,0.9722856177010325,0.2521767907640383,0.6994565156104522
arm5_distal_heavy,push_to_zone,latency_load,23007,v2_full,True,True,1.0,0.015321794999293158,0.015321794999293158,0.00017106945996287764,720,720,0,False,,2ebd5a46a509772b,0.9642746131939091,0.2607474176759962,36.41879283251702,0,0,0,0,True,True,59,7,52,182,0.0,0.7802197802197802,28,0.17384882536415233,0.9488357560819877,0.26060812959802065,0.7918316354093804
arm5_distal_heavy,push_to_zone,latency_load,23008,v2_full,True,True,1.0,0.009694027585057928,0.009694027585057928,6.044512534606979e-05,720,720,0,False,,2ebd5a46a509772b,0.944446596278741,0.26367306882757163,37.47845900187667,0,0,0,0,True,True,60,8,52,169,0.0,0.6923076923076923,26,0.18430230145064305,1.0597364510655989,0.2657842984084305,0.7789490593894279
arm5_distal_heavy,push_to_zone,latency_load,23009,v2_full,True,True,1.0,0.014842013515586516,0.014842013515586516,0.000333423413985873,720,720,0,False,,2ebd5a46a509772b,0.8750927613552797,0.2568045666693881,35.3553859688937,0,0,0,0,True,True,52,9,43,167,0.0,0.7065868263473054,25,0.1739255486679458,0.945386495519839,0.25708508899169885,0.7092317307265921
arm5_distal_heavy,push_to_zone,latency_load,23010,v2_full,True,True,1.0,0.01453939741063488,0.01453939741063488,0.00040407210973641635,720,720,0,False,,2ebd5a46a509772b,0.9391272295353872,0.2584570613947409,36.697706455741326,0,0,0,0,True,True,48,5,43,188,0.0,0.7074468085106383,28,0.19207791807326083,1.1166503711226665,0.2575936953729734,0.7670366290612836
arm5_distal_heavy,push_to_zone,latency_load,23011,v2_full,True,True,1.0,0.006737465254628545,0.006737465254628545,0.0009372322962251355,720,720,0,False,,2ebd5a46a509772b,1.046848232200632,0.2750305768882399,41.0837260700356,0,0,0,0,True,True,57,7,50,172,0.0,0.686046511627907,27,0.1882421821406123,1.0635392928728549,0.27709097130111915,0.864217640312614
arm5_distal_heavy,push_to_zone,latency_load,23012,v2_full,True,True,1.0,0.013512966107265028,0.013512966107265028,6.126348727948652e-05,720,720,0,False,,2ebd5a46a509772b,0.8819678601356351,0.2525034823329951,34.075673409707115,0,0,0,0,True,True,40,7,33,177,0.0,0.7005649717514124,31,0.19271986700290436,0.9862526413531881,0.25100481978795736,0.7144517521619163
arm5_distal_heavy,push_to_zone,latency_load,23013,v2_full,True,True,1.0,0.018835030224813705,0.018835030224813705,0.00011640009016650946,720,720,0,False,,2ebd5a46a509772b,0.899484129448672,0.2565451107920579,36.40977997399964,0,0,0,0,True,True,51,7,44,185,0.0,0.7351351351351352,32,0.184978483153848,1.0817265362242954,0.2566132195649117,0.733498072175657
arm5_distal_heavy,push_to_zone,latency_load,23014,v2_full,True,True,1.0,0.0064117413883158295,0.0064117413883158295,3.806807692965778e-05,720,720,0,False,,2ebd5a46a509772b,0.930349556489966,0.2599486770494738,38.9838075489195,0,0,0,0,True,True,53,10,43,185,0.0,0.7081081081081081,28,0.20002024023452725,1.1089507993410266,0.25983180096461783,0.7573989393094158
arm5_distal_heavy,push_to_zone,latency_load,23015,v2_full,True,True,1.0,0.01332912330504524,0.01332912330504524,2.6224499077355223e-05,720,720,0,False,,2ebd5a46a509772b,0.9421703259150851,0.26288343065307285,35.601808907097386,0,0,0,0,True,True,37,8,29,155,0.0,0.6709677419354839,25,0.17998098072617646,0.7905638333893291,0.2632920142716343,0.7570781555162811
arm5_distal_heavy,push_to_zone,latency_load,23016,v2_full,True,True,1.0,0.006078472282928333,0.006078472282928333,0.0002005174540761569,720,720,0,False,,2ebd5a46a509772b,0.9502011282925149,0.26278557888239046,37.87965862177989,0,0,0,0,True,True,60,9,51,169,0.0,0.7218934911242604,28,0.1941402794669747,0.9697492147093324,0.2633158455205918,0.7784683837626809
arm5_distal_heavy,push_to_zone,latency_load,23017,v2_full,True,True,1.0,0.011889963934778919,0.011889963934778919,0.0013337208932849439,720,720,0,False,,2ebd5a46a509772b,0.9365706552159667,0.25869836982278543,35.238265069059,0,0,0,0,True,True,52,9,43,179,0.0,0.7206703910614525,28,0.18966787311210648,1.0442272055121011,0.2581588936325081,0.757289075117157
arm5_distal_heavy,push_to_zone,latency_load,23018,v2_full,True,True,1.0,0.013219749807720166,0.013219749807720166,0.00023649749172650615,720,720,0,False,,2ebd5a46a509772b,0.8936790352357393,0.26066578650742567,38.289131849045305,0,0,0,0,True,True,62,9,53,180,0.0,0.6666666666666666,31,0.19646908202668395,0.9554537233750996,0.2618130259460465,0.7316875051539249
arm5_distal_heavy,push_to_zone,latency_load,23019,v2_full,True,True,1.0,0.007656347346597345,0.007656347346597345,4.025834772511006e-05,720,720,0,False,,2ebd5a46a509772b,0.9362417743555482,0.2635524655708973,38.56524562235463,0,0,0,0,True,True,40,7,33,168,0.0,0.6964285714285714,26,0.1822156521120301,1.0591764334004574,0.26443423235570435,0.7544931959969867
arm5_distal_heavy,push_to_zone,latency_load,23020,v2_full,True,True,1.0,0.01048460205409526,0.01048460205409526,0.00017697564437699204,720,720,0,False,,2ebd5a46a509772b,0.885298220567964,0.25770444900415224,35.999891182949696,0,0,0,0,True,True,53,13,40,174,0.0,0.7241379310344828,24,0.18316649398204005,0.8841865724767318,0.2582179632791297,0.7244164646347362
arm5_distal_heavy,push_to_zone,latency_load,23021,v2_full,True,True,1.0,0.017676401813976315,0.017676401813976315,0.001005486936925117,720,720,0,False,,2ebd5a46a509772b,0.9178291695728624,0.2599905846177322,34.980898357615054,0,0,0,0,True,True,35,6,29,180,0.0,0.7166666666666667,30,0.1830939397061498,0.9137141686573137,0.26004650222150855,0.7507046908961561
arm5_distal_heavy,push_to_zone,latency_load,23022,v2_full,True,True,1.0,0.01608072973369718,0.01608072973369718,0.0012665217550116494,720,720,0,False,,2ebd5a46a509772b,0.8546139402462825,0.2493982775874215,33.836936786756,0,0,0,0,True,True,46,6,40,194,0.0,0.7422680412371134,31,0.1987954683022886,0.867694051389098,0.2482018680443971,0.7248027795582384
arm5_distal_heavy,push_to_zone,latency_load,23023,v2_full,True,True,1.0,0.011318088776176252,0.011318088776176252,6.857885023199019e-05,720,720,0,False,,2ebd5a46a509772b,1.0398621134853951,0.2704083658122697,40.68958559183604,0,0,0,0,True,True,50,7,43,167,0.0,0.6526946107784432,23,0.17565402323107987,1.0081726271956268,0.2707794355753636,0.8407939750200368
arm5_distal_heavy,push_to_zone,latency_load,23024,v2_full,True,True,1.0,0.011547943594547269,0.011547943594547269,0.0004599174012257252,720,720,0,False,,2ebd5a46a509772b,0.912735188579666,0.25865992786358516,36.22310049572272,0,0,0,0,True,True,43,8,35,184,0.0,0.7010869565217391,29,0.1977953758369262,1.032570765831262,0.2582584245366801,0.7423148958908308
arm5_distal_heavy,push_to_zone,severe,23001,v2_full,False,False,0.0,0.24198874446791643,0.24198874446791643,2.715940721615333e-08,720,135,0,True,stage_timeout,2ebd5a46a509772b,0.7217374377833647,0.2793213078784025,60.00861048481514,0,0,0,0,False,False,7,7,0,0,0.0,0.0,0,0.0,0.0,nan,nan
arm5_distal_heavy,push_to_zone,severe,23002,v2_full,False,False,0.0,0.2404436542954395,0.2404436542954395,2.088923198600243e-08,720,135,0,True,stage_timeout,2ebd5a46a509772b,0.7003259196727472,0.272315711675011,60.457454633990174,0,0,0,0,False,False,16,13,3,0,0.0,0.0,0,0.0,0.0,nan,nan
arm5_distal_heavy,push_to_zone,severe,23003,v2_full,False,False,0.0,0.235501152811066,0.235501152811066,4.4338276526562026e-11,720,135,0,True,stage_timeout,2ebd5a46a509772b,0.7955343037539477,0.27657181310563694,81.08558654292356,0,0,0,0,False,False,0,0,0,0,0.0,0.0,0,0.0,0.0,nan,nan
arm5_distal_heavy,push_to_zone,severe,23004,v2_full,False,False,0.0,0.2314998120145349,0.2314998120145349,4.5389176976043986e-08,720,135,0,True,stage_timeout,2ebd5a46a509772b,0.8059928236346403,0.279632986189728,73.4060824846544,0,0,0,0,False,False,2,2,0,0,0.0,0.0,0,0.0,0.0,nan,nan
arm5_distal_heavy,push_to_zone,severe,23005,v2_full,False,False,0.0,0.24029338752542742,0.24029338752542742,3.983946656903625e-11,720,135,0,True,stage_timeout,2ebd5a46a509772b,0.7822083909020292,0.2760170708774789,74.51735994639978,0,0,0,0,False,False,1,1,0,0,0.0,0.0,0,0.0,0.0,nan,nan
arm5_distal_heavy,push_to_zone,severe,23006,v2_full,False,False,0.0,0.24188341690214135,0.24188341690214135,6.947671922200958e-08,720,135,0,True,stage_timeout,2ebd5a46a509772b,0.7533939011523665,0.27470878596737786,69.37344641206938,0,0,0,0,False,False,3,3,0,0,0.0,0.0,0,0.0,0.0,nan,nan
arm5_distal_heavy,push_to_zone,severe,23007,v2_full,False,False,0.0,0.26391159282796023,0.26391159282796023,7.722207972865154e-08,720,135,0,True,stage_timeout,2ebd5a46a509772b,0.8658304185762027,0.2835942807000164,77.25718739846856,0,0,0,0,False,False,2,2,0,0,0.0,0.0,0,0.0,0.0,nan,nan
arm5_distal_heavy,push_to_zone,severe,23008,v2_full,False,False,0.0,0.2695317788957415,0.2695317788957415,5.11220392328333e-08,720,135,0,True,stage_timeout,2ebd5a46a509772b,0.8361427712850715,0.282041495587509,79.41300976297498,0,0,0,0,False,False,1,1,0,0,0.0,0.0,0,0.0,0.0,nan,nan
arm5_distal_heavy,push_to_zone,severe,23009,v2_full,False,False,0.0,0.2542574323183862,0.2542574323183862,5.252419683149381e-08,720,135,0,True,stage_timeout,2ebd5a46a509772b,0.7629926860938596,0.277477184353766,75.0186204662012,0,0,0,0,False,False,2,2,0,0,0.0,0.0,0,0.0,0.0,nan,nan
arm5_distal_heavy,push_to_zone,severe,23010,v2_full,False,False,0.0,0.24134393090846024,0.24134393090846024,6.039499612263512e-08,720,135,0,True,stage_timeout,2ebd5a46a509772b,0.8197577410426238,0.2800120055711142,73.06944779179754,0,0,0,0,False,False,2,2,0,0,0.0,0.0,0,0.0,0.0,nan,nan
arm5_distal_heavy,push_to_zone,severe,23011,v2_full,False,False,0.0,0.25213959389161605,0.25213959389161605,1.305154954964052e-07,720,135,0,True,stage_timeout,2ebd5a46a509772b,0.898480212952059,0.28798589261692986,81.08954407504518,0,0,0,0,False,False,0,0,0,0,0.0,0.0,0,0.0,0.0,nan,nan
arm5_distal_heavy,push_to_zone,severe,23012,v2_full,False,False,0.0,0.2402495265035234,0.2402495265035234,2.2362573757681714e-08,720,135,0,True,stage_timeout,2ebd5a46a509772b,0.7619665234746149,0.27621010945990493,66.49410145002487,0,0,0,0,False,False,5,5,0,0,0.0,0.0,0,0.0,0.0,nan,nan
arm5_distal_heavy,push_to_zone,severe,23013,v2_full,False,False,0.0,0.2439553125496605,0.2439553125496605,2.0785544212770368e-07,720,135,0,True,stage_timeout,2ebd5a46a509772b,0.7933731851574723,0.2768476616530687,76.72268046836425,0,0,0,0,False,False,0,0,0,0,0.0,0.0,0,0.0,0.0,nan,nan
arm5_distal_heavy,push_to_zone,severe,23014,v2_full,False,False,0.0,0.2747723644933928,0.2747723644933928,2.6710156503096716e-11,720,135,0,True,stage_timeout,2ebd5a46a509772b,0.813067995854365,0.2787615989557604,74.78059795148548,0,0,0,0,False,False,2,2,0,0,0.0,0.0,0,0.0,0.0,nan,nan
arm5_distal_heavy,push_to_zone,severe,23015,v2_full,False,False,0.0,0.23269480625967187,0.23269480625967187,3.247459313208027e-11,720,135,0,True,stage_timeout,2ebd5a46a509772b,0.809522343870889,0.281331622859597,73.35962093780587,0,0,0,0,False,False,1,1,0,0,0.0,0.0,0,0.0,0.0,nan,nan
arm5_distal_heavy,push_to_zone,severe,23016,v2_full,False,False,0.0,0.24283052590690254,0.24283052590690254,6.166169198648017e-08,720,135,0,True,stage_timeout,2ebd5a46a509772b,0.8318132795943396,0.2812888493923388,77.89270401878913,0,0,0,0,False,False,1,1,0,0,0.0,0.0,0,0.0,0.0,nan,nan
arm5_distal_heavy,push_to_zone,severe,23017,v2_full,False,False,0.0,0.24018886195349748,0.24018886195349748,5.419721473798065e-11,720,135,0,True,stage_timeout,2ebd5a46a509772b,0.8094542078754037,0.28005179286833776,73.14905811572646,0,0,0,0,False,False,1,1,0,0,0.0,0.0,0,0.0,0.0,nan,nan
arm5_distal_heavy,push_to_zone,severe,23018,v2_full,False,False,0.0,0.2523391256192043,0.2523391256192043,1.3754985210489778e-07,720,135,0,True,stage_timeout,2ebd5a46a509772b,0.7567773957926796,0.27608819095091,70.68142309400028,0,0,0,0,False,False,2,2,0,0,0.0,0.0,0,0.0,0.0,nan,nan
arm5_distal_heavy,push_to_zone,severe,23019,v2_full,False,False,0.0,0.2621352555860778,0.2621352555860778,1.6742906619842544e-11,720,135,0,True,stage_timeout,2ebd5a46a509772b,0.8185425349987923,0.2823160528866481,74.2707481427532,0,0,0,0,False,False,1,1,0,0,0.0,0.0,0,0.0,0.0,nan,nan
arm5_distal_heavy,push_to_zone,severe,23020,v2_full,False,False,0.0,0.24516868503774442,0.24516868503774442,2.985949731140999e-09,720,135,0,True,stage_timeout,2ebd5a46a509772b,0.7697265177974839,0.2763996265062228,77.90164500268227,0,0,0,0,False,False,0,0,0,0,0.0,0.0,0,0.0,0.0,nan,nan
arm5_distal_heavy,push_to_zone,severe,23021,v2_full,False,False,0.0,0.2577730195972029,0.2577730195972029,3.405858555654155e-08,720,135,0,True,stage_timeout,2ebd5a46a509772b,0.8034181473621183,0.28063870628316917,73.22986691325822,0,0,0,0,False,False,2,2,0,0,0.0,0.0,0,0.0,0.0,nan,nan
arm5_distal_heavy,push_to_zone,severe,23022,v2_full,False,False,0.0,0.249253228592116,0.249253228592116,6.558293506093138e-11,720,135,0,True,stage_timeout,2ebd5a46a509772b,0.7635444137560592,0.2755706446917761,68.31807582094471,0,0,0,0,False,False,3,3,0,0,0.0,0.0,0,0.0,0.0,nan,nan
arm5_distal_heavy,push_to_zone,severe,23023,v2_full,False,False,0.0,0.25173324426418076,0.25173324426418076,0.09796686665908173,720,135,0,True,stage_timeout,2ebd5a46a509772b,0.8958049420216521,0.28777660777796255,78.19028751076686,0,0,0,0,False,False,1,1,0,0,0.0,0.0,0,0.0,0.0,nan,nan
arm5_distal_heavy,push_to_zone,severe,23024,v2_full,False,False,0.0,0.2601640766005349,0.2601640766005349,2.8938325639267513e-11,720,135,0,True,stage_timeout,2ebd5a46a509772b,0.790181384329494,0.2811279309430706,66.44613051746356,0,0,0,0,False,False,4,4,0,0,0.0,0.0,0,0.0,0.0,nan,nan
arm5_weak_actuator,push_to_zone,nominal,23001,v2_full,True,True,1.0,0.009143450355634209,0.009143450355634209,0.00046782186376595085,720,720,0,False,,2ebd5a46a509772b,0.43844220462589956,0.18771623641557386,17.772585101443102,0,0,0,0,True,True,39,5,34,183,0.0,0.7868852459016393,25,0.17453942311226092,0.8573306231694716,0.18586218072870034,0.16318173576464146
arm5_weak_actuator,push_to_zone,nominal,23002,v2_full,True,True,1.0,0.011500266011543345,0.011500266011543345,0.0006188557235572874,720,720,0,False,,2ebd5a46a509772b,0.3810170097706158,0.182919356560456,18.29420571227412,0,0,0,0,True,True,36,5,31,217,0.0,0.8571428571428571,22,0.17019425980623,0.8058835021850143,0.17941608543494217,0.08146446161397103
arm5_weak_actuator,push_to_zone,nominal,23003,v2_full,True,True,1.0,0.01161498685495236,0.01161498685495236,0.0003837387995734547,720,720,0,False,,2ebd5a46a509772b,0.33109722721549906,0.1779849084754569,20.040964341342228,0,0,0,0,True,True,15,0,15,150,0.0,0.9,13,0.14815064858501675,0.7740604398931732,0.16683162058673143,0.03546468179814566
arm5_weak_actuator,push_to_zone,nominal,23004,v2_full,True,True,1.0,0.007047841354389608,0.007047841354389608,0.0003135035362025785,720,720,0,False,,2ebd5a46a509772b,0.4363759277908299,0.18940364332459456,20.117318016024026,0,0,0,0,True,True,15,0,15,168,0.0,0.75,22,0.16876605325095168,0.9235381327464703,0.18414394998349917,0.12317215779861224
arm5_weak_actuator,push_to_zone,nominal,23005,v2_full,True,True,1.0,0.013004556129145719,0.013004556129145719,0.0005016424576065575,720,720,0,False,,2ebd5a46a509772b,0.45855216823598255,0.18991938456321683,19.048490773110363,0,0,0,0,True,True,32,5,27,198,0.0,0.8333333333333334,21,0.17322099298041818,0.8503938132225265,0.1884080988521167,0.18700252961626251
arm5_weak_actuator,push_to_zone,nominal,23006,v2_full,True,True,1.0,0.007217270423986953,0.007217270423986953,0.0004454286185036079,720,720,0,False,,2ebd5a46a509772b,0.4099495533453483,0.18632845119853841,18.783693403628124,0,0,0,0,True,True,25,2,23,195,0.0,0.8564102564102564,20,0.17104179118297075,0.8185768395292419,0.18428145466552295,0.12587094992041203
arm5_weak_actuator,push_to_zone,nominal,23007,v2_full,True,True,1.0,0.008412075875076244,0.008412075875076244,0.00034313255635127094,720,720,0,False,,2ebd5a46a509772b,0.4911100643165449,0.19232201860876855,20.620210367805658,0,0,0,0,True,True,28,3,25,164,0.0,0.7682926829268293,22,0.16789351673080935,0.9984401754862221,0.19160462928021968,0.2113448158917115
arm5_weak_actuator,push_to_zone,nominal,23008,v2_full,True,True,1.0,0.007896773672197047,0.007896773672197047,0.0003307279945079684,720,720,0,False,,2ebd5a46a509772b,0.47974614969940443,0.19575335514449207,20.777682371814723,0,0,0,0,True,True,29,3,26,164,0.0,0.7682926829268293,23,0.1698668225742409,0.9041484783355005,0.19527802043747655,0.22625580809345003
arm5_weak_actuator,push_to_zone,nominal,23009,v2_full,True,True,1.0,0.019576026447548536,0.019576026447548536,0.00035435409109283177,720,720,0,False,,2ebd5a46a509772b,0.4359266263725732,0.19063438542660197,18.1016441154271,0,0,0,0,True,True,15,0,15,171,0.0,0.847953216374269,18,0.15845542440112334,0.8627724621124913,0.18903569307067358,0.1935656110047499
arm5_weak_actuator,push_to_zone,nominal,23010,v2_full,True,True,1.0,0.015532589581938257,0.015532589581938257,0.0004970392921272278,720,720,0,False,,2ebd5a46a509772b,0.5096794109001594,0.19408806585565053,18.086202582162624,0,0,0,0,True,True,27,4,23,201,0.0,0.845771144278607,22,0.16990675177399378,0.8258993610468104,0.19326113875958054,0.26869158904002166
arm5_weak_actuator,push_to_zone,nominal,23011,v2_full,True,True,1.0,0.007506846418543363,0.007506846418543363,0.00024415142590181047,720,720,0,False,,2ebd5a46a509772b,0.5600059237281574,0.2053547379167729,22.02254920291984,0,0,0,0,True,True,24,2,22,143,0.0,0.6783216783216783,22,0.17162701103791103,0.8707433170179802,0.2059987637373155,0.32191467543283814
arm5_weak_actuator,push_to_zone,nominal,23012,v2_full,True,True,1.0,0.015009933781037548,0.015009933781037548,0.00046434268489173097,720,720,0,False,,2ebd5a46a509772b,0.49931088595250017,0.19385850949819292,17.243349358108116,0,0,0,0,True,True,26,4,22,195,0.0,0.8307692307692308,20,0.17210783223016013,0.8093951371828315,0.1929715282351433,0.25697487354227544
arm5_weak_actuator,push_to_zone,nominal,23013,v2_full,True,True,1.0,0.007893449784188296,0.007893449784188296,0.0004635585955362037,720,720,0,False,,2ebd5a46a509772b,0.4286219223785235,0.18701084926797518,19.78071898649696,0,0,0,0,True,True,32,4,28,195,0.0,0.8051282051282052,25,0.17002727069033033,0.9095000298619946,0.18519544895560985,0.15352000090560036
arm5_weak_actuator,push_to_zone,nominal,23014,v2_full,True,True,1.0,0.008056624902562651,0.008056624902562651,0.00046560175763329676,720,720,0,False,,2ebd5a46a509772b,0.43612113664897745,0.1884158372722167,20.495091336165316,0,0,0,0,True,True,36,5,31,193,0.0,0.8290155440414507,21,0.17123038672032706,0.9656730699011152,0.18694004481285187,0.15688476406216267
arm5_weak_actuator,push_to_zone,nominal,23015,v2_full,True,True,1.0,0.012448192237641464,0.012448192237641464,0.00037042438424649454,720,720,0,False,,2ebd5a46a509772b,0.5056565048695334,0.19838912292178443,18.754229913705608,0,0,0,0,True,True,19,1,18,189,0.0,0.873015873015873,18,0.17218865223707708,0.8590432877563781,0.19767066134570382,0.255476418986913
arm5_weak_actuator,push_to_zone,nominal,23016,v2_full,True,True,1.0,0.009648150723434189,0.009648150723434189,0.0003858204985510074,720,720,0,False,,2ebd5a46a509772b,0.4589777427821966,0.1929594862706465,21.237248871327118,0,0,0,0,True,True,39,5,34,170,0.0,0.7352941176470589,26,0.1728764779942443,0.941184308243511,0.192188052164549,0.18223127697612806
arm5_weak_actuator,push_to_zone,nominal,23017,v2_full,True,True,1.0,0.013869598591656802,0.013869598591656802,0.000464071697727535,720,720,0,False,,2ebd5a46a509772b,0.5139552083637473,0.19649500777975162,18.579811363526165,0,0,0,0,True,True,30,4,26,201,0.0,0.8159203980099502,24,0.17240354613635156,0.8279141993375948,0.19588082348276975,0.2533284862602465
arm5_weak_actuator,push_to_zone,nominal,23018,v2_full,True,True,1.0,0.00686828747811733,0.00686828747811733,0.00037405293368202296,720,720,0,False,,2ebd5a46a509772b,0.4753799654871895,0.19789521094982077,19.626970602954593,0,0,0,0,True,True,32,5,27,174,0.0,0.7586206896551724,26,0.17709650572179605,0.9653897485506754,0.19790376784501057,0.2500077181839955
arm5_weak_actuator,push_to_zone,nominal,23019,v2_full,True,True,1.0,0.00821223577086724,0.00821223577086724,0.0003577238923027987,720,720,0,False,,2ebd5a46a509772b,0.4409848469929041,0.19189695646799082,20.22561536542835,0,0,0,0,True,True,15,0,15,178,0.0,0.8033707865168539,21,0.16724291451493478,1.0033749698274963,0.19097399297194792,0.16869345451328988
arm5_weak_actuator,push_to_zone,nominal,23020,v2_full,True,True,1.0,0.012699382321938159,0.012699382321938159,0.0003736105192331911,720,720,0,False,,2ebd5a46a509772b,0.4550477418898473,0.19330566469191596,19.544650223674637,0,0,0,0,True,True,31,4,27,181,0.0,0.8011049723756906,24,0.17356041149449786,0.9188691762805211,0.1924388236997975,0.20316365363665367
arm5_weak_actuator,push_to_zone,nominal,23021,v2_full,True,True,1.0,0.008222262472014021,0.008222262472014021,0.0004247457119049574,720,720,0,False,,2ebd5a46a509772b,0.4932843349958804,0.1949467806238532,18.898783703410235,0,0,0,0,True,True,25,2,23,194,0.0,0.8247422680412371,22,0.17141596155733546,0.9187977146823266,0.19479033846482013,0.25610755292557785
arm5_weak_actuator,push_to_zone,nominal,23022,v2_full,True,True,1.0,0.006759655957568673,0.006759655957568673,0.0004951516898376389,720,720,0,False,,2ebd5a46a509772b,0.49016769156561724,0.19347583562040815,18.85554841697974,0,0,0,0,True,True,39,6,33,189,0.0,0.7619047619047619,25,0.18911151453657574,0.9407752371732138,0.19290530940875092,0.2729551946291222
arm5_weak_actuator,push_to_zone,nominal,23023,v2_full,True,True,1.0,0.008123120702877077,0.008123120702877077,0.00029982586457067935,720,720,0,False,,2ebd5a46a509772b,0.5475465927394239,0.2006158250113775,20.579796423709325,0,0,0,0,True,True,20,1,19,167,0.0,0.7425149700598802,23,0.17383735022158534,0.8286662957345791,0.2005913240130525,0.27627607105437146
arm5_weak_actuator,push_to_zone,nominal,23024,v2_full,True,True,1.0,0.008313079088149836,0.008313079088149836,0.00047089417859598356,720,720,0,False,,2ebd5a46a509772b,0.47271817521595727,0.1934543760257721,18.773100358185374,0,0,0,0,True,True,34,5,29,188,0.0,0.824468085106383,20,0.17147749471512266,0.8325817318051609,0.19289744715600582,0.2264091888792179
arm5_weak_actuator,push_to_zone,low_friction,23001,v2_full,True,True,1.0,0.013830686562738833,0.013830686562738833,0.0012014964405829421,720,720,0,False,,2ebd5a46a509772b,0.5005480427832016,0.19721043097562488,20.82292690457359,0,0,0,0,True,True,42,13,29,257,0.0,0.8871595330739299,23,0.18044566504572473,0.7279972749042815,0.1870594593601398,0.2164402031767101
arm5_weak_actuator,push_to_zone,low_friction,23002,v2_full,True,True,1.0,0.01743241291191845,0.01743241291191845,0.00068717842905243,720,720,0,False,,2ebd5a46a509772b,0.4632853164918447,0.19414975928333428,21.332281535353037,0,0,0,0,True,True,33,7,26,229,0.0,0.8122270742358079,25,0.17440099319879943,0.8025375854098595,0.18234839786783424,0.14290122163321684
arm5_weak_actuator,push_to_zone,low_friction,23003,v2_full,True,True,1.0,0.005659855201104176,0.005659855201104176,0.0004665187539238859,720,720,0,False,,2ebd5a46a509772b,0.45099857483491457,0.1946719065907545,23.484466508007163,0,0,0,0,True,True,33,6,27,220,0.0,0.8681818181818182,21,0.1674092767223468,0.7451342469146239,0.18259466585070175,0.10507465508981229
arm5_weak_actuator,push_to_zone,low_friction,23004,v2_full,True,True,1.0,0.01207784937170751,0.01207784937170751,0.00038728978218589377,720,720,0,False,,2ebd5a46a509772b,0.5249730678232067,0.20223349373864477,22.188476911792105,0,0,0,0,True,True,24,5,19,205,0.0,0.8390243902439024,15,0.17095573126450903,0.6185175865999314,0.18950740472629668,0.17124742580672958
arm5_weak_actuator,push_to_zone,low_friction,23005,v2_full,True,True,1.0,0.021108856014567263,0.021108856014567263,0.0007000009582213428,720,720,0,False,,2ebd5a46a509772b,0.5210488713904309,0.19975203865309255,21.975391662605126,0,0,0,0,True,True,34,8,26,255,0.0,0.8509803921568627,27,0.17733746534863107,0.8133101091735391,0.18977132370307231,0.2190386226480303
arm5_weak_actuator,push_to_zone,low_friction,23006,v2_full,True,True,1.0,0.010476259023075501,0.010476259023075501,0.0006713997654246368,720,720,0,False,,2ebd5a46a509772b,0.49292780316334284,0.19879296874616434,21.98200137802729,0,0,0,0,True,True,36,10,26,229,0.0,0.8384279475982532,22,0.17516318195547162,0.7611610562485329,0.18837147800408013,0.19373308089619812
arm5_weak_actuator,push_to_zone,low_friction,23007,v2_full,True,True,1.0,0.010880395611648672,0.010880395611648672,0.0003307714739770114,720,720,0,False,,2ebd5a46a509772b,0.5731315983306162,0.20565593937488008,23.35745958188311,0,0,0,0,True,True,28,5,23,192,0.0,0.828125,21,0.17069177619417172,0.8007288657756583,0.1943993248486605,0.24030660129289805
arm5_weak_actuator,push_to_zone,low_friction,23008,v2_full,True,True,1.0,0.02081857369772837,0.02081857369772837,0.00011694518895403979,720,720,0,False,,2ebd5a46a509772b,0.5265554457688721,0.20344361831461927,22.27674575581912,0,0,0,0,True,True,36,5,31,206,0.0,0.8398058252427184,21,0.1619378019066663,0.7438001524080958,0.1939773788440178,0.25383841390225204
arm5_weak_actuator,push_to_zone,low_friction,23009,v2_full,True,True,1.0,0.01130104888791841,0.01130104888791841,0.00042085509944554206,720,720,0,False,,2ebd5a46a509772b,0.503467220180319,0.20175116592281694,21.80243778091422,0,0,0,0,True,True,33,6,27,204,0.0,0.8578431372549019,20,0.1687601038347246,0.8561621938844362,0.19259818479887844,0.22769062666564466
arm5_weak_actuator,push_to_zone,low_friction,23010,v2_full,True,True,1.0,0.007719840246090962,0.007719840246090962,0.0004007462651848402,720,720,0,False,,2ebd5a46a509772b,0.5781075060004142,0.20615115803462367,22.1466906370118,0,0,0,0,True,True,43,8,35,226,0.0,0.8185840707964602,27,0.18322690079320575,0.8223186377981904,0.1970977313912065,0.30807513219792115
arm5_weak_actuator,push_to_zone,low_friction,23011,v2_full,True,True,1.0,0.005901946233179869,0.005901946233179869,0.0008620986551738213,720,720,0,False,,2ebd5a46a509772b,0.6026330779323743,0.21350182131154274,24.27460890471657,0,0,0,0,True,True,29,7,22,194,0.0,0.8144329896907216,23,0.17390008585194316,0.7839784526947812,0.2061371518480107,0.34613469158408217
arm5_weak_actuator,push_to_zone,low_friction,23012,v2_full,True,True,1.0,0.016856447897337555,0.016856447897337555,0.0010411652331217516,720,720,0,False,,2ebd5a46a509772b,0.550110112496367,0.20301217423228277,20.775239544301375,0,0,0,0,True,True,40,9,31,246,0.0,0.8536585365853658,24,0.18123674510041138,0.710752193714521,0.19416237582023932,0.2953908921149533
arm5_weak_actuator,push_to_zone,low_friction,23013,v2_full,True,True,1.0,0.01642630379166617,0.01642630379166617,0.0012107204365710122,720,720,0,False,,2ebd5a46a509772b,0.4877266091393775,0.19602032475755093,22.145040082267563,0,0,0,0,True,True,42,9,33,252,0.0,0.8849206349206349,21,0.17096946656703496,0.7449505271815108,0.18579976507894844,0.20119619552031542
arm5_weak_actuator,push_to_zone,low_friction,23014,v2_full,True,True,1.0,0.013430113444435433,0.013430113444435433,0.0007374316954436583,720,720,0,False,,2ebd5a46a509772b,0.5028692475728098,0.19860221947625317,22.939206744220574,0,0,0,0,True,True,35,11,24,254,0.0,0.8779527559055118,22,0.17920169617408874,0.7735944307619048,0.18875593424326984,0.20717866847379618
arm5_weak_actuator,push_to_zone,low_friction,23015,v2_full,True,True,1.0,0.005773249408454014,0.005773249408454014,0.0007753019806966309,720,720,0,False,,2ebd5a46a509772b,0.5709584068500781,0.20963696231900344,22.24000208646285,0,0,0,0,True,True,25,4,21,201,0.0,0.8258706467661692,20,0.17246053385111296,0.782566358843083,0.20107267511161,0.2867039183957276
arm5_weak_actuator,push_to_zone,low_friction,23016,v2_full,True,True,1.0,0.007328345994137622,0.007328345994137622,0.00040582546880776904,720,720,0,False,,2ebd5a46a509772b,0.5339054405860422,0.20440128511499028,23.84887297821899,0,0,0,0,True,True,28,6,22,212,0.0,0.839622641509434,20,0.18116338338532392,0.8628276057602677,0.1943785598331988,0.21653451280426594
arm5_weak_actuator,push_to_zone,low_friction,23017,v2_full,True,True,1.0,0.013232017155420423,0.013232017155420423,0.0013309231308982982,720,720,0,False,,2ebd5a46a509772b,0.5757594476147831,0.20691155172913006,21.206461924906456,0,0,0,0,True,True,31,8,23,214,0.0,0.8598130841121495,20,0.17392982647609775,0.7481449615101962,0.1966185697618792,0.27417565530224586
arm5_weak_actuator,push_to_zone,low_friction,23018,v2_full,True,True,1.0,0.009038123135337882,0.009038123135337882,0.0006296396709982952,720,720,0,False,,2ebd5a46a509772b,0.5072025670534237,0.20348141140598644,22.35316098424584,0,0,0,0,True,True,37,9,28,216,0.0,0.7962962962962963,25,0.18369988013820426,0.7866014890274455,0.1959667186127451,0.2840345570667817
arm5_weak_actuator,push_to_zone,low_friction,23019,v2_full,True,True,1.0,0.010399816782106133,0.010399816782106133,0.00047910023969044923,720,720,0,False,,2ebd5a46a509772b,0.5116396729304751,0.20275766410276655,22.695524833050182,0,0,0,0,True,True,27,5,22,211,0.0,0.8672985781990521,19,0.17018113762587958,0.7582248201589407,0.19245467075543962,0.21488552895025004
arm5_weak_actuator,push_to_zone,low_friction,23020,v2_full,True,True,1.0,0.01673332044048571,0.01673332044048571,0.0004535343958323293,720,720,0,False,,2ebd5a46a509772b,0.5053570162479599,0.20159665814329453,22.257705994002002,0,0,0,0,True,True,37,7,30,208,0.0,0.8461538461538461,24,0.16768082583651925,0.8555587964542043,0.19264820393901305,0.23227856123232504
arm5_weak_actuator,push_to_zone,low_friction,23021,v2_full,True,True,1.0,0.015236984314384725,0.015236984314384725,0.0009232030836052029,720,720,0,False,,2ebd5a46a509772b,0.5486115660274478,0.2052926599657869,21.730189982079022,0,0,0,0,True,True,40,9,31,227,0.0,0.8370044052863436,23,0.17791621300941748,0.7372573914323032,0.1973837000301188,0.30334145374047816
arm5_weak_actuator,push_to_zone,low_friction,23022,v2_full,True,True,1.0,0.011697969547258444,0.011697969547258444,0.00123343605068848,720,720,0,False,,2ebd5a46a509772b,0.5134339978713109,0.1974893300641798,21.175765642162993,0,0,0,0,True,True,34,11,23,252,0.0,0.8849206349206349,22,0.1799037780015577,0.7950569829506035,0.18804290452840877,0.2618411408443069
arm5_weak_actuator,push_to_zone,low_friction,23023,v2_full,True,True,1.0,0.022354698508634172,0.022354698508634172,0.0003621985389038953,720,720,0,False,,2ebd5a46a509772b,0.6212164293616445,0.2133039530576192,23.56179563774448,0,0,0,0,True,True,28,6,22,190,0.0,0.8,24,0.16554485446775336,0.8560671265250683,0.2036073855735722,0.3092480865769116
arm5_weak_actuator,push_to_zone,low_friction,23024,v2_full,True,True,1.0,0.006012404297023449,0.006012404297023449,0.00044073084675957523,720,720,0,False,,2ebd5a46a509772b,0.5448615175962259,0.205269109793203,22.23833129642584,0,0,0,0,True,True,37,9,28,197,0.0,0.8324873096446701,19,0.18058601360288265,0.7580589434910795,0.19579336165076117,0.26696674003958965
arm5_weak_actuator,push_to_zone,latency_load,23001,v2_full,True,True,1.0,0.010572444468594648,0.010572444468594648,0.002169198590447945,720,720,0,False,,2ebd5a46a509772b,0.51404759191731,0.1994465124700579,31.942866648886906,0,0,0,0,True,True,42,9,33,274,0.0,0.8868613138686131,21,0.17813525538888714,0.6094974879786479,0.18699667115237822,0.23433953782337769
arm5_weak_actuator,push_to_zone,latency_load,23002,v2_full,True,True,1.0,0.00915793326975939,0.00915793326975939,0.0014647570380044365,720,720,0,False,,2ebd5a46a509772b,0.46678054520200307,0.19429122071672827,31.766026155856856,0,0,0,0,True,True,44,12,32,288,0.0,0.8854166666666666,23,0.17777082447600304,0.6375310471536899,0.18180644406595983,0.17678023841924695
arm5_weak_actuator,push_to_zone,latency_load,23003,v2_full,True,True,1.0,0.012952990831626623,0.012952990831626623,0.0007864043084625339,720,720,0,False,,2ebd5a46a509772b,0.4741684070110921,0.19782847389509534,34.04080360109745,0,0,0,0,True,True,39,8,31,241,0.0,0.8962655601659751,19,0.16790241636644693,0.7370195342060674,0.18477561629256348,0.1593920303873162
arm5_weak_actuator,push_to_zone,latency_load,23004,v2_full,True,True,1.0,0.012648073046315773,0.012648073046315773,0.0006200189059642685,720,720,0,False,,2ebd5a46a509772b,0.5477286571638724,0.2058196296443862,33.50549460785861,0,0,0,0,True,True,33,11,22,245,0.0,0.8734693877551021,17,0.17435514225934018,0.6628282585973422,0.19281184307470553,0.21247364720995687
arm5_weak_actuator,push_to_zone,latency_load,23005,v2_full,True,True,1.0,0.008825326280169727,0.008825326280169727,0.0015267598005518517,720,720,0,False,,2ebd5a46a509772b,0.5357238019572845,0.2024090628953852,33.58790613841316,0,0,0,0,True,True,43,13,30,272,0.0,0.8382352941176471,26,0.19092213153600207,0.708745785071659,0.19130965464089886,0.261368381619997
arm5_weak_actuator,push_to_zone,latency_load,23006,v2_full,True,True,1.0,0.012705110977564835,0.012705110977564835,0.0014797998024967019,720,720,0,False,,2ebd5a46a509772b,0.49023985070273435,0.19811363923703446,32.99827694791179,0,0,0,0,True,True,57,11,46,272,0.0,0.9044117647058824,18,0.18067879281987367,0.6636120143899185,0.1869854469622125,0.2132052567308893
arm5_weak_actuator,push_to_zone,latency_load,23007,v2_full,True,True,1.0,0.015544205596669046,0.015544205596669046,0.0006245798273805379,720,720,0,False,,2ebd5a46a509772b,0.5733058932179746,0.2061643453795667,34.66636539893771,0,0,0,0,True,True,49,10,39,253,0.0,0.8853754940711462,21,0.1713207599094302,0.8042979346383402,0.1945328396389195,0.2662557981142717
arm5_weak_actuator,push_to_zone,latency_load,23008,v2_full,True,True,1.0,0.0107565130337335,0.0107565130337335,0.00014455432203732232,720,720,0,False,,2ebd5a46a509772b,0.5488164276833691,0.20756307711708843,35.739342052016084,0,0,0,0,True,True,32,11,21,233,0.0,0.8540772532188842,19,0.17424730907737743,0.7904092672448493,0.19749728243318945,0.27424793972057326
arm5_weak_actuator,push_to_zone,latency_load,23009,v2_full,True,True,1.0,0.013987599675262117,0.013987599675262117,0.0008721492733071349,720,720,0,False,,2ebd5a46a509772b,0.5051524171408963,0.20225689253670517,32.47270082416487,0,0,0,0,True,True,44,10,34,241,0.0,0.8879668049792531,18,0.17292814807687085,0.7162285524072809,0.19169255012255146,0.24393623275499987
arm5_weak_actuator,push_to_zone,latency_load,23010,v2_full,True,True,1.0,0.02113863902498677,0.02113863902498677,0.001482376348594355,720,720,0,False,,2ebd5a46a509772b,0.5569182271670692,0.20327013137947783,32.46531631918364,0,0,0,0,True,True,51,13,38,287,0.0,0.8606271777003485,28,0.17577312472257856,0.7323426110164057,0.19325327377151852,0.3164517000691296
arm5_weak_actuator,push_to_zone,latency_load,23011,v2_full,True,True,1.0,0.012967230301250904,0.012967230301250904,0.0013490353330892712,720,720,0,False,,2ebd5a46a509772b,0.6091158975865683,0.2150824531639303,37.0625337612867,0,0,0,0,True,True,40,11,29,225,0.0,0.8311111111111111,24,0.18192838968533517,0.8041360119999367,0.2072025223433289,0.36039301716976757
arm5_weak_actuator,push_to_zone,latency_load,23012,v2_full,True,True,1.0,0.0036217570092004782,0.0036217570092004782,0.0017179303562321014,720,720,0,False,,2ebd5a46a509772b,0.5592459726772447,0.20510027774429315,33.82427108529835,0,0,0,0,True,True,41,9,32,260,0.0,0.85,22,0.1878224332661274,0.7141462128658771,0.19473870981784183,0.3029349733285711
arm5_weak_actuator,push_to_zone,latency_load,23013,v2_full,True,True,1.0,0.018940091644934896,0.018940091644934896,0.0020982062457883008,720,720,0,False,,2ebd5a46a509772b,0.4964068909741308,0.19757183161737873,33.34298009264057,0,0,0,0,True,True,50,10,40,287,0.0,0.8641114982578397,23,0.178336223996603,0.7260734510222432,0.18688943633293872,0.2230511864479774
arm5_weak_actuator,push_to_zone,latency_load,23014,v2_full,True,True,1.0,0.010862859588587449,0.010862859588587449,0.0017505737335899274,720,720,0,False,,2ebd5a46a509772b,0.5199630092237983,0.20126953026631453,34.556405601614905,0,0,0,0,True,True,39,12,27,268,0.0,0.8992537313432836,18,0.17739408116354685,0.6761516924051479,0.1897937017207675,0.22784628433126874
arm5_weak_actuator,push_to_zone,latency_load,23015,v2_full,True,True,1.0,0.0096950472021297,0.0096950472021297,0.0021079132372844697,720,720,0,False,,2ebd5a46a509772b,0.5819506469893243,0.21188726353198625,32.941157469100304,0,0,0,0,True,True,31,7,24,223,0.0,0.8340807174887892,27,0.17663658176198072,0.6960092466895214,0.20141443260550462,0.2976667118980827
arm5_weak_actuator,push_to_zone,latency_load,23016,v2_full,True,True,1.0,0.013844582013542085,0.013844582013542085,0.0009650121816071108,720,720,0,False,,2ebd5a46a509772b,0.5407992992852617,0.20564891648860478,35.26996496889308,0,0,0,0,True,True,40,8,32,277,0.0,0.8447653429602888,25,0.18292876136300218,0.7987590218262829,0.19593401664022886,0.25771620324170197
arm5_weak_actuator,push_to_zone,latency_load,23017,v2_full,True,True,1.0,0.01585144082987513,0.01585144082987513,0.0019766677285798567,720,720,0,False,,2ebd5a46a509772b,0.5896777540193434,0.2098096806472013,33.06828943133654,0,0,0,0,True,True,35,9,26,260,0.0,0.8653846153846154,23,0.18272122425750134,0.7239385502748512,0.19896832297935033,0.3050272503955851
arm5_weak_actuator,push_to_zone,latency_load,23018,v2_full,True,True,1.0,0.018250287904601748,0.018250287904601748,0.001282911836490919,720,720,0,False,,2ebd5a46a509772b,0.4883244513477578,0.2004238775712934,33.1823162925969,0,0,0,0,True,True,49,13,36,271,0.0,0.8634686346863468,22,0.18954176228084404,0.6569895588346352,0.1923555323456742,0.30513882122129
arm5_weak_actuator,push_to_zone,latency_load,23019,v2_full,True,True,1.0,0.005116822273664441,0.005116822273664441,0.0006552337070433186,720,720,0,False,,2ebd5a46a509772b,0.5378650947560946,0.20719167088044607,35.79724811219189,0,0,0,0,True,True,29,8,21,246,0.0,0.8292682926829268,20,0.18160730448027002,0.7006618111095014,0.19629826932885186,0.2424091574382996
arm5_weak_actuator,push_to_zone,latency_load,23020,v2_full,True,True,1.0,0.011717504315486495,0.011717504315486495,0.000744797096116375,720,720,0,False,,2ebd5a46a509772b,0.5181395531680306,0.20401661557873085,33.56617983089765,0,0,0,0,True,True,38,12,26,249,0.0,0.8514056224899599,22,0.17873466486443257,0.7118205989069061,0.1940145119215756,0.2607045464539719
arm5_weak_actuator,push_to_zone,latency_load,23021,v2_full,True,True,1.0,0.00694158572489104,0.00694158572489104,0.0008996945851709313,720,720,0,False,,2ebd5a46a509772b,0.5618551300577912,0.2081063055992886,34.84693998429073,0,0,0,0,True,True,49,16,33,234,0.0,0.7948717948717948,29,0.18674100547130382,0.81298379679681,0.19858628443378173,0.3166665336315515
arm5_weak_actuator,push_to_zone,latency_load,23022,v2_full,True,True,1.0,0.004651920088506453,0.004651920088506453,0.0015228177254707916,720,720,0,False,,2ebd5a46a509772b,0.5442156596792316,0.20333114278719955,33.52760141559911,0,0,0,0,True,True,36,10,26,227,0.0,0.7973568281938326,26,0.198545194031301,0.7859240715788504,0.19210165053605935,0.3345990495947331
arm5_weak_actuator,push_to_zone,latency_load,23023,v2_full,True,True,1.0,0.014937993622966415,0.014937993622966415,0.0005667430376974274,720,720,0,False,,2ebd5a46a509772b,0.6275406396971532,0.21493331157470943,35.297857742128144,0,0,0,0,True,True,54,12,42,240,0.0,0.8166666666666667,25,0.1803975033638403,0.7367103245203879,0.20503038803588697,0.33267918991623313
arm5_weak_actuator,push_to_zone,latency_load,23024,v2_full,True,True,1.0,0.018410738336948368,0.018410738336948368,0.0015193999365307254,720,720,0,False,,2ebd5a46a509772b,0.5338472371788852,0.20383237071347288,33.62552758733788,0,0,0,0,True,True,57,11,46,282,0.0,0.8475177304964538,25,0.17648062566343176,0.7350504391718534,0.19463288437404774,0.29540876654272186
arm5_weak_actuator,push_to_zone,severe,23001,v2_full,False,False,0.0,0.21841401376681163,0.21841401376681163,1.4459174501708219e-08,720,135,0,True,stage_timeout,2ebd5a46a509772b,0.4489298859066495,0.22871742109343057,158.58398788356465,0,0,0,0,False,False,0,0,0,0,0.0,0.0,0,0.0,0.0,nan,nan
arm5_weak_actuator,push_to_zone,severe,23002,v2_full,False,False,0.0,0.20910300490965275,0.20910300490965275,4.58255212382406e-09,720,135,0,True,stage_timeout,2ebd5a46a509772b,0.4065052715009094,0.22310238814591374,159.18864780624136,0,0,0,0,False,False,0,0,0,0,0.0,0.0,0,0.0,0.0,nan,nan
arm5_weak_actuator,push_to_zone,severe,23003,v2_full,False,False,0.0,0.20682962861230764,0.20682962861230764,2.6639859572893226e-08,720,135,0,True,stage_timeout,2ebd5a46a509772b,0.4142247571837441,0.22243857856666968,162.3015925726736,0,0,0,0,False,False,0,0,0,0,0.0,0.0,0,0.0,0.0,nan,nan
arm5_weak_actuator,push_to_zone,severe,23004,v2_full,False,False,0.0,0.20434117447282513,0.20434117447282513,1.435786437620666e-07,720,135,0,True,stage_timeout,2ebd5a46a509772b,0.45482647862384784,0.22674941111106417,161.5607322241007,0,0,0,0,False,False,0,0,0,0,0.0,0.0,0,0.0,0.0,nan,nan
arm5_weak_actuator,push_to_zone,severe,23005,v2_full,False,False,0.0,0.20524698266830677,0.20524698266830677,7.979701969117972e-08,720,135,0,True,stage_timeout,2ebd5a46a509772b,0.46562260425775115,0.2286618120914476,158.3994407102477,0,0,0,0,False,False,0,0,0,0,0.0,0.0,0,0.0,0.0,nan,nan
arm5_weak_actuator,push_to_zone,severe,23006,v2_full,False,False,0.0,0.2046157484901129,0.2046157484901129,3.8199453054620586e-11,720,135,0,True,stage_timeout,2ebd5a46a509772b,0.44323256239057063,0.22783286323893034,157.28325159731264,0,0,0,0,False,False,0,0,0,0,0.0,0.0,0,0.0,0.0,nan,nan
arm5_weak_actuator,push_to_zone,severe,23007,v2_full,False,False,0.0,0.1973957550980339,0.1973957550980339,2.108664358641268e-11,720,135,0,True,stage_timeout,2ebd5a46a509772b,0.5057955639801377,0.23073608617823602,162.52164535628413,0,0,0,0,False,False,0,0,0,0,0.0,0.0,0,0.0,0.0,nan,nan
arm5_weak_actuator,push_to_zone,severe,23008,v2_full,False,False,0.0,0.18352064475542895,0.18352064475542895,5.5552522669415916e-08,720,135,0,True,stage_timeout,2ebd5a46a509772b,0.4923883150053001,0.23307347279558507,154.30456038364244,0,0,0,0,False,False,0,0,0,0,0.0,0.0,0,0.0,0.0,nan,nan
arm5_weak_actuator,push_to_zone,severe,23009,v2_full,False,False,0.0,0.18704132872013637,0.18704132872013637,3.9393173709300865e-09,720,135,0,True,stage_timeout,2ebd5a46a509772b,0.4684261893694912,0.23219297053951393,153.7427565764024,0,0,0,0,False,False,0,0,0,0,0.0,0.0,0,0.0,0.0,nan,nan
arm5_weak_actuator,push_to_zone,severe,23010,v2_full,False,False,0.0,0.21271575551936403,0.21271575551936403,6.872738880815474e-08,720,135,0,True,stage_timeout,2ebd5a46a509772b,0.5248969231865952,0.2359240194117969,157.4734774909356,0,0,0,0,False,False,0,0,0,0,0.0,0.0,0,0.0,0.0,nan,nan
arm5_weak_actuator,push_to_zone,severe,23011,v2_full,False,False,0.0,0.1521700452959662,0.1521700452959662,6.831978574060427e-08,720,135,0,True,stage_timeout,2ebd5a46a509772b,0.5575848342134386,0.24048519468915988,150.85433319241,0,0,0,0,False,False,0,0,0,0,0.0,0.0,0,0.0,0.0,nan,nan
arm5_weak_actuator,push_to_zone,severe,23012,v2_full,False,False,0.0,0.19426830398978007,0.19426830398978007,2.916039896235858e-11,720,135,0,True,stage_timeout,2ebd5a46a509772b,0.5029934846134787,0.23488247765529932,155.0933112094586,0,0,0,0,False,False,0,0,0,0,0.0,0.0,0,0.0,0.0,nan,nan
arm5_weak_actuator,push_to_zone,severe,23013,v2_full,False,False,0.0,0.2058308857246599,0.2058308857246599,5.0747587637140085e-08,720,135,0,True,stage_timeout,2ebd5a46a509772b,0.45185920235288046,0.2271617597613314,159.6315300268162,0,0,0,0,False,False,0,0,0,0,0.0,0.0,0,0.0,0.0,nan,nan
arm5_weak_actuator,push_to_zone,severe,23014,v2_full,False,False,0.0,0.19467485610182184,0.19467485610182184,1.705879615463547e-07,720,135,0,True,stage_timeout,2ebd5a46a509772b,0.4533260588218724,0.2268983137311197,159.329207282794,0,0,0,0,False,False,0,0,0,0,0.0,0.0,0,0.0,0.0,nan,nan
arm5_weak_actuator,push_to_zone,severe,23015,v2_full,False,False,0.0,0.19722215357484685,0.19722215357484685,4.814525854477324e-08,720,135,0,True,stage_timeout,2ebd5a46a509772b,0.5270963507189901,0.23960697686232646,152.67298518727065,0,0,0,0,False,False,0,0,0,0,0.0,0.0,0,0.0,0.0,nan,nan
arm5_weak_actuator,push_to_zone,severe,23016,v2_full,False,False,0.0,0.18087534268304506,0.18087534268304506,2.2894991035671474e-08,720,135,0,True,stage_timeout,2ebd5a46a509772b,0.4798542440432003,0.2313857667939656,156.0737865439384,0,0,0,0,False,False,0,0,0,0,0.0,0.0,0,0.0,0.0,nan,nan
arm5_weak_actuator,push_to_zone,severe,23017,v2_full,False,False,0.0,0.21825275033692823,0.21825275033692823,1.1893178252198998e-07,720,135,0,True,stage_timeout,2ebd5a46a509772b,0.518496379695069,0.236120872998965,156.91375290636324,0,0,0,0,False,False,0,0,0,0,0.0,0.0,0,0.0,0.0,nan,nan
arm5_weak_actuator,push_to_zone,severe,23018,v2_full,False,False,0.0,0.17664886346700956,0.17664886346700956,0.09571331197323968,720,135,0,True,stage_timeout,2ebd5a46a509772b,0.4674243200849575,0.23544074229030412,145.6247403392215,0,0,0,0,False,False,0,0,0,0,0.0,0.0,0,0.0,0.0,nan,nan
arm5_weak_actuator,push_to_zone,severe,23019,v2_full,False,False,0.0,0.19416551290154652,0.19416551290154652,5.9255976906346956e-08,720,135,0,True,stage_timeout,2ebd5a46a509772b,0.4661959392280375,0.23113957448029562,155.73281758850095,0,0,0,0,False,False,0,0,0,0,0.0,0.0,0,0.0,0.0,nan,nan
arm5_weak_actuator,push_to_zone,severe,23020,v2_full,False,False,0.0,0.19661792510158826,0.19661792510158826,1.2260772605725652e-08,720,135,0,True,stage_timeout,2ebd5a46a509772b,0.48175701488434486,0.23445737741786443,153.28857884518166,0,0,0,0,False,False,0,0,0,0,0.0,0.0,0,0.0,0.0,nan,nan
arm5_weak_actuator,push_to_zone,severe,23021,v2_full,False,False,0.0,0.2015822369906344,0.2015822369906344,2.4560829805065786e-08,720,135,0,True,stage_timeout,2ebd5a46a509772b,0.5292884480560986,0.23982557194898185,152.73641207876375,0,0,0,0,False,False,0,0,0,0,0.0,0.0,0,0.0,0.0,nan,nan
arm5_weak_actuator,push_to_zone,severe,23022,v2_full,False,False,0.0,0.22811753315182176,0.22811753315182176,1.445388258326338e-05,720,135,0,True,stage_timeout,2ebd5a46a509772b,0.48261251373277414,0.23237378837601388,154.09429326326108,0,0,0,0,False,False,0,0,0,0,0.0,0.0,0,0.0,0.0,nan,nan
arm5_weak_actuator,push_to_zone,severe,23023,v2_full,False,False,0.0,0.1836943363386034,0.1836943363386034,4.0476113672044144e-08,720,135,0,True,stage_timeout,2ebd5a46a509772b,0.5482575055112835,0.23774139123283916,159.05206191001193,0,0,0,0,False,False,0,0,0,0,0.0,0.0,0,0.0,0.0,nan,nan
arm5_weak_actuator,push_to_zone,severe,23024,v2_full,False,False,0.0,0.2130044853850276,0.2130044853850276,1.7747529247702335e-11,720,135,0,True,stage_timeout,2ebd5a46a509772b,0.4910567634323937,0.23446425373214022,153.96789104782403,0,0,0,0,False,False,0,0,0,0,0.0,0.0,0,0.0,0.0,nan,nan
arm5_posture_shifted,push_to_zone,nominal,23001,v2_full,True,True,1.0,0.007176675375164501,0.007176675375164501,0.00037975426572373495,720,720,0,False,,2ebd5a46a509772b,0.5805527113232514,0.20844678423081872,18.299319697954243,0,0,0,0,True,True,32,5,27,176,0.0,0.7045454545454546,24,0.2036764187132013,0.9561057919212302,0.2091229491122842,0.3524339704539381
arm5_posture_shifted,push_to_zone,nominal,23002,v2_full,True,True,1.0,0.009327673860895017,0.009327673860895017,0.0003584723460227423,720,720,0,False,,2ebd5a46a509772b,0.5505892469279865,0.20681095782178552,19.098303912921036,0,0,0,0,True,True,29,5,24,174,0.0,0.7183908045977011,25,0.19763203662196055,0.9073671367336339,0.20715946848193492,0.31375105297214745
arm5_posture_shifted,push_to_zone,nominal,23003,v2_full,True,True,1.0,0.026654359001909104,0.026654359001909104,0.00023033640532446582,720,720,0,False,,2ebd5a46a509772b,0.5921659957840548,0.21512093877822094,21.805886753955487,0,0,0,0,True,True,29,4,25,165,0.0,0.7090909090909091,23,0.18099622070554108,1.0157802181076332,0.21712008006080208,0.3214371447434581
arm5_posture_shifted,push_to_zone,nominal,23004,v2_full,True,True,1.0,0.017803110208598087,0.017803110208598087,0.00037805112209094056,720,720,0,False,,2ebd5a46a509772b,0.6123826131293972,0.21365019768997956,19.625013581464362,0,0,0,0,True,True,40,6,34,168,0.0,0.7261904761904762,26,0.18988769944800388,0.9418193985009479,0.21424952676168993,0.36179377568267856
arm5_posture_shifted,push_to_zone,nominal,23005,v2_full,True,True,1.0,0.016749991354826365,0.016749991354826365,0.0003856948606165051,720,720,0,False,,2ebd5a46a509772b,0.6071605505132767,0.21148972617994943,18.98042159278681,0,0,0,0,True,True,35,6,29,177,0.0,0.751412429378531,28,0.19596497437290455,0.9786490515988775,0.21188279756229278,0.37256064257802324
arm5_posture_shifted,push_to_zone,nominal,23006,v2_full,True,True,1.0,0.011611002711235543,0.011611002711235543,0.00038395934740272,720,720,0,False,,2ebd5a46a509772b,0.5724164510501475,0.20978346080802213,18.370345696824934,0,0,0,0,True,True,40,6,34,166,0.0,0.7530120481927711,24,0.19364434583313758,0.8489270907636113,0.2100864310224019,0.3458543508798697
arm5_posture_shifted,push_to_zone,nominal,23007,v2_full,True,True,1.0,0.018973582650708344,0.018973582650708344,0.00022099419272258858,720,720,0,False,,2ebd5a46a509772b,0.6742330475861231,0.2190927828774096,21.483266338918394,0,0,0,0,True,True,34,5,29,148,0.0,0.6418918918918919,26,0.181102191410829,0.838766059407431,0.2211685548203482,0.41822139100674605
arm5_posture_shifted,push_to_zone,nominal,23008,v2_full,True,True,1.0,0.0070151022727041185,0.0070151022727041185,0.00026102488011733605,720,720,0,False,,2ebd5a46a509772b,0.6527300649196643,0.22213575507368233,20.583520370844997,0,0,0,0,True,True,35,6,29,160,0.0,0.675,23,0.19964445894437213,0.8841164544601824,0.22279909544150572,0.41343778057629166
arm5_posture_shifted,push_to_zone,nominal,23009,v2_full,True,True,1.0,0.013872421781615999,0.013872421781615999,0.0002597925230217926,720,720,0,False,,2ebd5a46a509772b,0.608206274257443,0.21739108458590203,19.353211935527522,0,0,0,0,True,True,27,4,23,162,0.0,0.6296296296296297,24,0.19130771036786323,0.9353195382994635,0.21796244727981087,0.3667086918246656
arm5_posture_shifted,push_to_zone,nominal,23010,v2_full,True,True,1.0,0.007019944630417732,0.007019944630417732,0.0003255906215534439,720,720,0,False,,2ebd5a46a509772b,0.649895921410669,0.21564922453429258,18.582464693511696,0,0,0,0,True,True,28,4,24,166,0.0,0.7108433734939759,23,0.20317973125269817,0.8926743153405396,0.21696128403905263,0.4238831182340159
arm5_posture_shifted,push_to_zone,nominal,23011,v2_full,True,True,1.0,0.0075726830321559005,0.0075726830321559005,0.0002556729525265198,720,720,0,False,,2ebd5a46a509772b,0.748359622498354,0.23457729487946022,21.911783048878714,0,0,0,0,True,True,35,6,29,165,0.0,0.6303030303030303,29,0.21324824652408883,0.9384573856334641,0.23536872874729792,0.49375772972294296
arm5_posture_shifted,push_to_zone,nominal,23012,v2_full,True,True,1.0,0.00789396466184402,0.00789396466184402,0.00031845527408302704,720,720,0,False,,2ebd5a46a509772b,0.6204637652169027,0.2128546727690394,18.177573265873693,0,0,0,0,True,True,36,5,31,161,0.0,0.6894409937888198,21,0.2035530026761698,0.7782490664436491,0.21345665568294392,0.4035707752003188
arm5_posture_shifted,push_to_zone,nominal,23013,v2_full,True,True,1.0,0.012192621566160217,0.012192621566160217,0.00031082971476760897,720,720,0,False,,2ebd5a46a509772b,0.6100305539254807,0.213846788455101,20.206860749192554,0,0,0,0,True,True,37,8,29,164,0.0,0.6524390243902439,29,0.19648284467573154,0.8571720782612394,0.21452138439193494,0.3723182005952781
arm5_posture_shifted,push_to_zone,nominal,23014,v2_full,True,True,1.0,0.007139148950437415,0.007139148950437415,0.0003309212803093913,720,720,0,False,,2ebd5a46a509772b,0.6171315118097351,0.2146725293489706,21.24451551222697,0,0,0,0,True,True,37,6,31,174,0.0,0.7011494252873564,26,0.19911706894741513,1.0686363774217171,0.21566631529298724,0.36733781533567145
arm5_posture_shifted,push_to_zone,nominal,23015,v2_full,True,True,1.0,0.016889461583184096,0.016889461583184096,0.000343388866642508,720,720,0,False,,2ebd5a46a509772b,0.6534376517949725,0.22096421586244694,18.23924891576753,0,0,0,0,True,True,29,5,24,168,0.0,0.7380952380952381,23,0.1995103303774329,0.8834235335659946,0.2218585520058294,0.42663443866655326
arm5_posture_shifted,push_to_zone,nominal,23016,v2_full,True,True,1.0,0.011690345123454125,0.011690345123454125,0.00033204354546033333,720,720,0,False,,2ebd5a46a509772b,0.6345010051012308,0.2178868240590594,20.227737563604943,0,0,0,0,True,True,35,6,29,170,0.0,0.7588235294117647,28,0.19922569726025136,0.924604705609573,0.21860511640936126,0.3862694497963446
arm5_posture_shifted,push_to_zone,nominal,23017,v2_full,True,True,1.0,0.009133707531717444,0.009133707531717444,0.0002809343805813035,720,720,0,False,,2ebd5a46a509772b,0.6538884646248317,0.21704603705650924,18.64767588607758,0,0,0,0,True,True,27,4,23,163,0.0,0.6809815950920245,26,0.20141731144667657,0.7727439302039715,0.21780570563918925,0.4077362620838927
arm5_posture_shifted,push_to_zone,nominal,23018,v2_full,True,True,1.0,0.009300401645625634,0.009300401645625634,0.00042561454613774754,720,720,0,False,,2ebd5a46a509772b,0.622043422448936,0.2211267231418698,18.839590999524574,0,0,0,0,True,True,37,8,29,187,0.0,0.7486631016042781,25,0.2228055751709385,0.9547036865404822,0.22188756874992335,0.406803447550375
arm5_posture_shifted,push_to_zone,nominal,23019,v2_full,True,True,1.0,0.010490351678832662,0.010490351678832662,0.00032846021219350266,720,720,0,False,,2ebd5a46a509772b,0.6223337736412078,0.21855401137629663,19.2958367110502,0,0,0,0,True,True,36,6,30,161,0.0,0.7267080745341615,23,0.20084308418214233,0.7914572026597191,0.21918530468127284,0.39038210065368206
arm5_posture_shifted,push_to_zone,nominal,23020,v2_full,True,True,1.0,0.03172091643379257,0.03172091643379257,5.3458094344489105e-11,720,720,0,False,,2ebd5a46a509772b,0.6446580557816572,0.22245190061667172,21.25406436682319,0,0,0,0,True,True,29,5,24,167,0.0,0.6407185628742516,22,0.17853346900337788,0.9561845741417176,0.2232944570879477,0.38450774157361955
arm5_posture_shifted,push_to_zone,nominal,23021,v2_full,True,True,1.0,0.026100971183672557,0.026100971183672557,0.0001910449359711452,720,720,0,False,,2ebd5a46a509772b,0.6660738111586935,0.22214923066260395,20.035854863564612,0,0,0,0,True,True,28,5,23,153,0.0,0.6013071895424836,22,0.18651626521898126,0.9141868431205503,0.22496513166741838,0.43056323080823367
arm5_posture_shifted,push_to_zone,nominal,23022,v2_full,True,True,1.0,0.013002939830573934,0.013002939830573934,0.00047296327703474304,720,720,0,False,,2ebd5a46a509772b,0.6779241027097411,0.223226111370683,20.144972113387237,0,0,0,0,True,True,28,4,24,213,0.0,0.7089201877934272,33,0.2657797059663307,0.9653228039262585,0.22413904928552153,0.46959215244959696
arm5_posture_shifted,push_to_zone,nominal,23023,v2_full,True,True,1.0,0.009249376986099931,0.009249376986099931,0.0003116674485408812,720,720,0,False,,2ebd5a46a509772b,0.7154298420725747,0.22505356665077145,20.251215830861437,0,0,0,0,True,True,37,7,30,160,0.0,0.725,25,0.20079474935440503,0.9188906877304133,0.2263524183391978,0.47032995900263463
arm5_posture_shifted,push_to_zone,nominal,23024,v2_full,True,True,1.0,0.020559427959786467,0.020559427959786467,0.00028359525043053794,720,720,0,False,,2ebd5a46a509772b,0.6356054299774869,0.21780796210800557,19.986096213765297,0,0,0,0,True,True,31,6,25,168,0.0,0.6785714285714286,25,0.18883693229620105,1.0224766632242992,0.219786433411891,0.39886625088124994
arm5_posture_shifted,push_to_zone,low_friction,23001,v2_full,True,True,1.0,0.022835298419846342,0.022835298419846342,0.0006419345382424504,720,720,0,False,,2ebd5a46a509772b,0.6488504802544584,0.22026030110577657,20.610342333791465,0,0,0,0,True,True,33,9,24,184,0.0,0.7445652173913043,27,0.18790323476187143,0.8210297906092607,0.21222006896081538,0.4153533319619065
arm5_posture_shifted,push_to_zone,low_friction,23002,v2_full,True,True,1.0,0.017095109110085452,0.017095109110085452,0.0004403212719371741,720,720,0,False,,2ebd5a46a509772b,0.6196746127025996,0.2183170002044884,21.279702371847065,0,0,0,0,True,True,38,12,26,194,0.0,0.7577319587628866,29,0.20478595366864794,0.8744614981911644,0.21103566406566393,0.39191550254715724
arm5_posture_shifted,push_to_zone,low_friction,23003,v2_full,True,True,1.0,0.023349448451299357,0.023349448451299357,0.00044388050902728344,720,720,0,False,,2ebd5a46a509772b,0.6400130160847324,0.2234449106228499,22.801293307217172,0,0,0,0,True,True,42,11,31,164,0.0,0.7378048780487805,27,0.1780840290226475,0.801797508675382,0.21709372566061938,0.3940092219672202
arm5_posture_shifted,push_to_zone,low_friction,23004,v2_full,True,True,1.0,0.023386493968799233,0.023386493968799233,0.0004337382022314958,720,720,0,False,,2ebd5a46a509772b,0.6765799511064712,0.22468893518061417,21.320612020078663,0,0,0,0,True,True,32,8,24,220,0.0,0.8272727272727273,25,0.18369162782321447,0.7689517654996336,0.21809282895188872,0.4266625195706353
arm5_posture_shifted,push_to_zone,low_friction,23005,v2_full,True,True,1.0,0.024836130124654056,0.024836130124654056,0.0005295988741861209,720,720,0,False,,2ebd5a46a509772b,0.6843774932303797,0.22517098541768657,22.356170138033132,0,0,0,0,True,True,43,12,31,221,0.0,0.751131221719457,34,0.2368412577294935,0.965637688751576,0.2199926435154383,0.4806343048567121
arm5_posture_shifted,push_to_zone,low_friction,23006,v2_full,True,True,1.0,0.009468294976474867,0.009468294976474867,0.00031815316011213503,720,720,0,False,,2ebd5a46a509772b,0.6571595408765698,0.2240372745544595,22.3279422403736,0,0,0,0,True,True,34,10,24,172,0.0,0.7034883720930233,26,0.19645472811267617,0.8540244234831567,0.21727518494467435,0.4096955658549284
arm5_posture_shifted,push_to_zone,low_friction,23007,v2_full,True,True,1.0,0.016472378872332476,0.016472378872332476,0.00025331286836487524,720,720,0,False,,2ebd5a46a509772b,0.7177623252655492,0.22770858503779168,21.914508179019673,0,0,0,0,True,True,36,10,26,196,0.0,0.8061224489795918,21,0.18903507086074584,0.8620645439502601,0.2213334578478372,0.46724127835972595
arm5_posture_shifted,push_to_zone,low_friction,23008,v2_full,True,True,1.0,0.018174174181791566,0.018174174181791566,7.375648971883623e-05,720,720,0,False,,2ebd5a46a509772b,0.6934878553099368,0.23001339975505414,22.701689001472445,0,0,0,0,True,True,34,11,23,173,0.0,0.7398843930635838,26,0.18414250273869004,0.9937983273613293,0.22533040395388015,0.4555083025809079
arm5_posture_shifted,push_to_zone,low_friction,23009,v2_full,True,True,1.0,0.011244032217111056,0.011244032217111056,0.00020845799038394757,720,720,0,False,,2ebd5a46a509772b,0.6655449331956569,0.22774161942815396,22.16758582182863,0,0,0,0,True,True,38,10,28,169,0.0,0.6923076923076923,25,0.19089660141251466,0.888283116716162,0.2225216734976745,0.4309690186365023
arm5_posture_shifted,push_to_zone,low_friction,23010,v2_full,True,True,1.0,0.012872658783396477,0.012872658783396477,0.00027510060441188585,720,720,0,False,,2ebd5a46a509772b,0.7226822083741289,0.22883636903164664,21.659853904520467,0,0,0,0,True,True,30,7,23,182,0.0,0.7582417582417582,28,0.20378406984102285,0.8537413142551922,0.22235264420911025,0.4924019351347666
arm5_posture_shifted,push_to_zone,low_friction,23011,v2_full,True,True,1.0,0.006621851627034762,0.006621851627034762,0.0007783798856620904,720,720,0,False,,2ebd5a46a509772b,0.7818112291834072,0.24161153585677403,23.919099726184864,0,0,0,0,True,True,30,9,21,177,0.0,0.7175141242937854,25,0.22061606301193484,0.8220654930503372,0.23853198865163652,0.5494342015163642
arm5_posture_shifted,push_to_zone,low_friction,23012,v2_full,True,True,1.0,0.02791371568354866,0.02791371568354866,0.0007819582379012173,720,720,0,False,,2ebd5a46a509772b,0.6769020015019782,0.2233744620579587,20.316220681462234,0,0,0,0,True,True,29,7,22,211,0.0,0.7630331753554502,30,0.1984476687534137,0.8684602916516767,0.21744295591551355,0.4807090106479692
arm5_posture_shifted,push_to_zone,low_friction,23013,v2_full,True,True,1.0,0.020331514728577495,0.020331514728577495,0.0007734869167911707,720,720,0,False,,2ebd5a46a509772b,0.6638700993617612,0.22372704514411515,21.82763871947449,0,0,0,0,True,True,38,8,30,178,0.0,0.7415730337078652,25,0.1906859380171812,0.8702814760994129,0.2171118407401886,0.4260241924530579
arm5_posture_shifted,push_to_zone,low_friction,23014,v2_full,True,True,1.0,0.010635018499159517,0.010635018499159517,0.0005097891958686589,720,720,0,False,,2ebd5a46a509772b,0.6917145819059756,0.22801569542692565,24.118529953204312,0,0,0,0,True,True,35,14,21,215,0.0,0.7116279069767442,34,0.23200683127763477,1.07668447329789,0.22313332998648047,0.45717707988122847
arm5_posture_shifted,push_to_zone,low_friction,23015,v2_full,True,True,1.0,0.007079257216560348,0.007079257216560348,0.0006465278913575887,720,720,0,False,,2ebd5a46a509772b,0.7158777469082906,0.23220293274511367,22.266820571630905,0,0,0,0,True,True,37,11,26,175,0.0,0.7371428571428571,27,0.19441953116335417,0.9668742459662699,0.2270591927734456,0.4704105485854311
arm5_posture_shifted,push_to_zone,low_friction,23016,v2_full,True,True,1.0,0.024216655178974873,0.024216655178974873,0.0010086949694471377,720,720,0,False,,2ebd5a46a509772b,0.6901029063288164,0.22844962128416102,22.68752568336044,0,0,0,0,True,True,40,11,29,287,0.0,0.8118466898954704,35,0.25534751481755347,0.840813630156182,0.22484295582622935,0.4906618412013293
arm5_posture_shifted,push_to_zone,low_friction,23017,v2_full,True,True,1.0,0.017907366654500198,0.017907366654500198,0.0012144980466737593,720,720,0,False,,2ebd5a46a509772b,0.7164264600861094,0.22855425737896756,21.193014699200805,0,0,0,0,True,True,40,8,32,191,0.0,0.8010471204188482,27,0.193110766912308,1.0211299338949202,0.22250672779123287,0.4796032303087885
arm5_posture_shifted,push_to_zone,low_friction,23018,v2_full,True,True,1.0,0.019287149118726702,0.019287149118726702,0.0006484131614232211,720,720,0,False,,2ebd5a46a509772b,0.6663436273573495,0.22948147471830257,22.475411199746116,0,0,0,0,True,True,42,12,30,211,0.0,0.7156398104265402,36,0.23961663315988196,0.9116151722430528,0.2261067458377588,0.49800430588406686
arm5_posture_shifted,push_to_zone,low_friction,23019,v2_full,True,True,1.0,0.024997423998705522,0.024997423998705522,0.00034548119879308027,720,720,0,False,,2ebd5a46a509772b,0.6762494016810008,0.22818494618965668,22.200611909114844,0,0,0,0,True,True,39,9,30,192,0.0,0.7864583333333334,26,0.18115772482361042,0.9717558985603447,0.22269717944712264,0.44097335279618566
arm5_posture_shifted,push_to_zone,low_friction,23020,v2_full,True,True,1.0,0.020129328143079283,0.020129328143079283,0.0003048023356121457,720,720,0,False,,2ebd5a46a509772b,0.6585710506072013,0.22606218720593313,21.981587771261164,0,0,0,0,True,True,39,10,29,189,0.0,0.7936507936507936,25,0.18501656309203104,1.032719217715194,0.2206217891058082,0.43430982515963645
arm5_posture_shifted,push_to_zone,low_friction,23021,v2_full,True,True,1.0,0.029125821658804667,0.029125821658804667,0.0005915762242301557,720,720,0,False,,2ebd5a46a509772b,0.6860443255689321,0.22732054805173652,20.740161606787197,0,0,0,0,True,True,42,9,33,198,0.0,0.7474747474747475,29,0.18025300636924896,0.7736734996362923,0.22179711613670844,0.4769466349341638
arm5_posture_shifted,push_to_zone,low_friction,23022,v2_full,False,False,0.6666666666666666,0.07431349327058849,0.07431349327058849,0.11117864340155845,720,542,0,True,stage_timeout,2ebd5a46a509772b,0.6246594536292256,0.24096761566339028,22.23330106582653,0,0,0,0,True,False,49,14,35,330,0.0,0.8151515151515152,44,0.303261408633996,0.9862530979547299,0.2410724003644205,0.4349869605555168
arm5_posture_shifted,push_to_zone,low_friction,23023,v2_full,True,True,1.0,0.015661497361868428,0.015661497361868428,0.00020675000169479923,720,720,0,False,,2ebd5a46a509772b,0.7662763455578916,0.23484378301531153,22.87991473745971,0,0,0,0,True,True,51,10,41,167,0.0,0.7425149700598802,23,0.18733344125322218,0.8798639027863154,0.22950311817611238,0.5142715332791146
arm5_posture_shifted,push_to_zone,low_friction,23024,v2_full,True,True,1.0,0.007806862629456145,0.007806862629456145,0.00033448614192107396,720,720,0,False,,2ebd5a46a509772b,0.6945274636228058,0.22843979991561253,22.221796805665882,0,0,0,0,True,True,32,9,23,183,0.0,0.7431693989071039,27,0.2061809765367108,0.9192333132188122,0.22275420521813324,0.46107173880902774
arm5_posture_shifted,push_to_zone,latency_load,23001,v2_full,True,True,1.0,0.016945998577372248,0.016945998577372248,0.001612183189101667,720,720,0,False,,2ebd5a46a509772b,0.7399714070294694,0.2337927467994462,35.46929109794392,0,0,0,0,True,True,42,8,34,163,0.0,0.7116564417177914,24,0.18384940313940562,0.9025121081580553,0.2274917820848502,0.5596352411292824
arm5_posture_shifted,push_to_zone,latency_load,23002,v2_full,True,True,1.0,0.020182381702628035,0.020182381702628035,0.001161313126637963,720,720,0,False,,2ebd5a46a509772b,0.6840960753896597,0.2276400264114815,34.4809221901419,0,0,0,0,True,True,62,13,49,253,0.0,0.7786561264822134,34,0.24923855996642028,0.863115312170713,0.2233504447722288,0.5542345523951302
arm5_posture_shifted,push_to_zone,latency_load,23003,v2_full,True,True,1.0,0.009768989745940518,0.009768989745940518,0.00044926646221615666,720,720,0,False,,2ebd5a46a509772b,0.7550170745597979,0.2405345413820731,38.276484502917,0,0,0,0,True,True,53,12,41,213,0.0,0.704225352112676,37,0.2381908882982383,1.0856611523555306,0.23881748573668748,0.5513772048971761
arm5_posture_shifted,push_to_zone,latency_load,23004,v2_full,True,True,1.0,0.006164379611637827,0.006164379611637827,0.00020574257380183645,720,720,0,False,,2ebd5a46a509772b,0.8071827019494462,0.24375302398584045,38.24844426945838,0,0,0,0,True,True,46,9,37,195,0.0,0.6512820512820513,30,0.2255300463200003,1.028594430624185,0.24013540317713208,0.5937211001860798
arm5_posture_shifted,push_to_zone,latency_load,23005,v2_full,True,True,1.0,0.010683939120649156,0.010683939120649156,3.7128100795817596e-05,720,720,0,False,,2ebd5a46a509772b,0.7746539034422377,0.23819222831527812,36.697695414863105,0,0,0,0,True,True,43,14,29,199,0.0,0.7336683417085427,35,0.23100603632580208,0.9520635484410234,0.2336345238151005,0.6091973319030437
arm5_posture_shifted,push_to_zone,latency_load,23006,v2_full,True,True,1.0,0.00903790673360821,0.00903790673360821,0.0005968342417613309,720,720,0,False,,2ebd5a46a509772b,0.7523942932507715,0.2380195512725142,36.92130790042644,0,0,0,0,True,True,42,11,31,185,0.0,0.6918918918918919,27,0.20835748928198003,0.9316057835363976,0.23383285408749818,0.5592950501948519
arm5_posture_shifted,push_to_zone,latency_load,23007,v2_full,True,True,1.0,0.01646032475993729,0.01646032475993729,0.0006972912010646762,720,720,0,False,,2ebd5a46a509772b,0.8340528239985958,0.2454941619296332,37.84083339964741,0,0,0,0,True,True,48,7,41,282,0.0,0.7553191489361702,42,0.3079641220928742,0.8698781145252457,0.24368175600127998,0.6097552390530767
arm5_posture_shifted,push_to_zone,latency_load,23008,v2_full,True,True,1.0,0.016863230241999632,0.016863230241999632,8.60660156230703e-05,720,720,0,False,,2ebd5a46a509772b,0.7958093591004873,0.2451261699588056,36.06538548866842,0,0,0,0,True,True,35,9,26,193,0.0,0.7253886010362695,31,0.2193515299982586,0.9741594477039776,0.24308228495921322,0.5970806170006471
arm5_posture_shifted,push_to_zone,latency_load,23009,v2_full,False,False,0.3333333333333333,0.31718019593502117,0.31718019593502117,0.01468116078717786,720,213,0,True,stage_timeout,2ebd5a46a509772b,0.5783970163000038,0.2781763162524837,31.340193091299916,0,0,0,0,False,False,54,13,41,0,0.0,0.0,0,0.0,0.0,nan,nan
arm5_posture_shifted,push_to_zone,latency_load,23010,v2_full,False,False,0.3333333333333333,0.3317927441409947,0.3317927441409947,0.010519659731203763,720,215,0,True,stage_timeout,2ebd5a46a509772b,0.6552207920152862,0.2847633010564731,32.40430687371239,0,0,0,0,False,False,49,10,39,0,0.0,0.0,0,0.0,0.0,nan,nan
arm5_posture_shifted,push_to_zone,latency_load,23011,v2_full,True,True,1.0,0.010443449147659278,0.010443449147659278,0.0012421649464098808,720,720,0,False,,2ebd5a46a509772b,0.8410119364752542,0.24984125706941734,37.58880387370839,0,0,0,0,True,True,62,15,47,200,0.0,0.725,35,0.22744737114079938,0.9637093875965088,0.24863343010943686,0.6583072426963259
arm5_posture_shifted,push_to_zone,latency_load,23012,v2_full,True,True,1.0,0.00709896092803672,0.00709896092803672,0.0015428370557663237,720,720,0,False,,2ebd5a46a509772b,0.7816246452434492,0.23951741066627777,36.377995903592165,0,0,0,0,True,True,47,11,36,248,0.0,0.7016129032258065,37,0.28991602182159415,0.947624552056865,0.2366027195008176,0.6032713662783182
arm5_posture_shifted,push_to_zone,latency_load,23013,v2_full,True,True,1.0,0.022010084300179783,0.022010084300179783,0.0019504040606667277,720,720,0,False,,2ebd5a46a509772b,0.7418934797126342,0.23569304242407882,35.66284451479752,0,0,0,0,True,True,66,20,46,265,0.0,0.7320754716981132,39,0.26907718079917153,0.8603374317361734,0.232889499235692,0.5880425549789674
arm5_posture_shifted,push_to_zone,latency_load,23014,v2_full,True,True,1.0,0.019874123527888244,0.019874123527888244,4.130253904987428e-05,720,720,0,False,,2ebd5a46a509772b,0.7591654069006633,0.23722442617928982,36.67145249563281,0,0,0,0,True,True,36,12,24,178,0.0,0.7696629213483146,26,0.174729980876293,1.0160200395579384,0.23174288233215198,0.5436507453976707
arm5_posture_shifted,push_to_zone,latency_load,23015,v2_full,True,True,1.0,0.012658845276468437,0.012658845276468437,0.0025770025169370063,720,720,0,False,,2ebd5a46a509772b,0.8018505607615452,0.24470814997582122,36.41704565329646,0,0,0,0,True,True,70,15,55,191,0.0,0.7172774869109948,28,0.2025682794815813,1.0538144112604035,0.24214798670944382,0.6106010697567594
arm5_posture_shifted,push_to_zone,latency_load,23016,v2_full,True,True,1.0,0.007675297526683035,0.007675297526683035,0.00013200490602249706,720,720,0,False,,2ebd5a46a509772b,0.7939906755786934,0.24270624753404657,37.861461308281946,0,0,0,0,True,True,40,9,31,159,0.0,0.710691823899371,22,0.17133143751845037,0.9035364111543073,0.23825219339377332,0.5944822075040133
arm5_posture_shifted,push_to_zone,latency_load,23017,v2_full,True,True,1.0,0.008163534491455663,0.008163534491455663,0.00025600517409504265,720,720,0,False,,2ebd5a46a509772b,0.8302405354219298,0.2451692590283264,38.15523687197628,0,0,0,0,True,True,45,11,34,175,0.0,0.6228571428571429,27,0.20742469621748172,0.7721342728410996,0.23989277374021817,0.6102843471002481
arm5_posture_shifted,push_to_zone,latency_load,23018,v2_full,True,True,1.0,0.014878348435311174,0.014878348435311174,0.0016432869639371067,720,720,0,False,,2ebd5a46a509772b,0.7334442277229627,0.23858522104891264,35.64329634672351,0,0,0,0,True,True,31,7,24,169,0.0,0.7810650887573964,25,0.1746718115137269,1.041359748795304,0.23594600955515682,0.5590171720448271
arm5_posture_shifted,push_to_zone,latency_load,23019,v2_full,False,False,0.3333333333333333,0.33183157582034206,0.33183157582034206,0.02173612270973994,720,215,0,True,stage_timeout,2ebd5a46a509772b,0.568274162842294,0.27649097156764074,32.31199287268283,0,0,0,0,False,False,51,13,38,0,0.0,0.0,0,0.0,0.0,nan,nan
arm5_posture_shifted,push_to_zone,latency_load,23020,v2_full,False,False,0.3333333333333333,0.326016357940984,0.326016357940984,0.01500129394645406,720,212,0,True,stage_timeout,2ebd5a46a509772b,0.5905088199260295,0.27915529079696627,31.644692076556094,0,0,0,0,False,False,53,10,43,0,0.0,0.0,0,0.0,0.0,nan,nan
arm5_posture_shifted,push_to_zone,latency_load,23021,v2_full,True,True,1.0,0.01780251768122103,0.01780251768122103,0.0005517278290005966,720,720,0,False,,2ebd5a46a509772b,0.799848034285418,0.24483900287843263,36.190710854624726,0,0,0,0,True,True,54,15,39,222,0.0,0.7252252252252253,33,0.25412991560594983,1.0157450214043737,0.24349098045611134,0.6266818919559412
arm5_posture_shifted,push_to_zone,latency_load,23022,v2_full,True,True,1.0,0.007490489027939338,0.007490489027939338,0.0012726134205746393,720,720,0,False,,2ebd5a46a509772b,0.7537138490969553,0.2359218629411839,38.19979768981388,0,0,0,0,True,True,47,12,35,227,0.0,0.762114537444934,33,0.250331656695666,1.067373140957862,0.2324507765812367,0.6288344247709512
arm5_posture_shifted,push_to_zone,latency_load,23023,v2_full,True,True,1.0,0.01905842998886538,0.01905842998886538,0.0003933788189599287,720,720,0,False,,2ebd5a46a509772b,0.8635367556276898,0.2490574689216027,35.785740346022884,0,0,0,0,True,True,58,11,47,227,0.0,0.7048458149779736,38,0.24936860335370764,0.8794667863644584,0.24687828422561944,0.6432226715663796
arm5_posture_shifted,push_to_zone,latency_load,23024,v2_full,True,True,1.0,0.011950025151491423,0.011950025151491423,0.0012208016541792716,720,720,0,False,,2ebd5a46a509772b,0.8004243851955484,0.24454257128505072,37.450730746916115,0,0,0,0,True,True,54,8,46,272,0.0,0.7720588235294118,41,0.3041559516343841,1.098727383538562,0.2432954334883546,0.6350332681013215
arm5_posture_shifted,push_to_zone,severe,23001,v2_full,False,False,0.0,0.23942380666058974,0.23942380666058974,0.14604943347587163,720,135,0,True,stage_timeout,2ebd5a46a509772b,0.7481497518075222,0.2859018579366178,149.5025540347485,0,0,0,0,False,False,0,0,0,0,0.0,0.0,0,0.0,0.0,nan,nan
arm5_posture_shifted,push_to_zone,severe,23002,v2_full,False,False,0.0,0.3528703460597606,0.3528703460597606,0.13942933480558298,720,135,0,True,stage_timeout,2ebd5a46a509772b,0.7311484866609521,0.28357851989419613,148.98009715015493,0,0,0,0,False,False,0,0,0,0,0.0,0.0,0,0.0,0.0,nan,nan
arm5_posture_shifted,push_to_zone,severe,23003,v2_full,False,False,0.0,0.2595857168548908,0.2595857168548908,6.873958663997831e-08,720,135,0,True,stage_timeout,2ebd5a46a509772b,0.7604233584728397,0.28241265613456185,150.8374931039755,0,0,0,0,False,False,0,0,0,0,0.0,0.0,0,0.0,0.0,nan,nan
arm5_posture_shifted,push_to_zone,severe,23004,v2_full,False,False,0.0,0.7021538750131789,0.7021538750131789,0.5832569460439266,720,135,0,True,stage_timeout,2ebd5a46a509772b,0.7873932597655999,0.28465153881866273,150.58975405688795,0,0,0,0,False,False,0,0,0,0,0.0,0.0,0,0.0,0.0,nan,nan
arm5_posture_shifted,push_to_zone,severe,23005,v2_full,False,False,0.0,0.281441879920414,0.281441879920414,0.0978756590888747,720,135,0,True,stage_timeout,2ebd5a46a509772b,0.7628241767340862,0.28446984058379765,151.00324017498414,0,0,0,0,False,False,0,0,0,0,0.0,0.0,0,0.0,0.0,nan,nan
arm5_posture_shifted,push_to_zone,severe,23006,v2_full,False,False,0.0,0.498433768769181,0.498433768769181,0.33207666700748145,720,135,0,True,stage_timeout,2ebd5a46a509772b,0.7454149236144731,0.28388644020898496,148.85676915258955,0,0,0,0,False,False,0,0,0,0,0.0,0.0,0,0.0,0.0,nan,nan
arm5_posture_shifted,push_to_zone,severe,23007,v2_full,False,False,0.0,0.7257743296042622,0.7257743296042622,0.5948757010531304,720,135,0,True,stage_timeout,2ebd5a46a509772b,0.8189628381672818,0.2849952750374011,154.12018689218084,0,0,0,0,False,False,0,0,0,0,0.0,0.0,0,0.0,0.0,nan,nan
arm5_posture_shifted,push_to_zone,severe,23008,v2_full,False,False,0.0,0.6408622345576915,0.6408622345576915,0.5075545506683383,720,135,0,True,stage_timeout,2ebd5a46a509772b,0.7656592698437739,0.2814543684223982,148.16416238655617,0,0,0,0,False,False,0,0,0,0,0.0,0.0,0,0.0,0.0,nan,nan
arm5_posture_shifted,push_to_zone,severe,23009,v2_full,False,False,0.0,0.2589584787254182,0.2589584787254182,0.0911614685398776,720,135,0,True,stage_timeout,2ebd5a46a509772b,0.7361959337160338,0.28143287565083824,148.35993633134575,0,0,0,0,False,False,0,0,0,0,0.0,0.0,0,0.0,0.0,nan,nan
arm5_posture_shifted,push_to_zone,severe,23010,v2_full,False,False,0.0,0.3331950170982819,0.3331950170982819,0.17689779569998487,720,135,0,True,stage_timeout,2ebd5a46a509772b,0.7910437208096122,0.2860356627563467,152.27598497764495,0,0,0,0,False,False,0,0,0,0,0.0,0.0,0,0.0,0.0,nan,nan
arm5_posture_shifted,push_to_zone,severe,23011,v2_full,False,False,0.0,0.39619001816495547,0.39619001816495547,0.3195248551125326,720,135,0,True,stage_timeout,2ebd5a46a509772b,0.8025728923612014,0.28034077385105366,147.9714982043177,0,0,0,0,False,False,0,0,0,0,0.0,0.0,0,0.0,0.0,nan,nan
arm5_posture_shifted,push_to_zone,severe,23012,v2_full,False,False,0.0,0.20960799901405308,0.20960799901405308,0.15286983641305327,720,135,0,True,stage_timeout,2ebd5a46a509772b,0.7617445969487426,0.2845306668035261,150.44296195046192,0,0,0,0,False,False,0,0,0,0,0.0,0.0,0,0.0,0.0,nan,nan
arm5_posture_shifted,push_to_zone,severe,23013,v2_full,False,False,0.0,0.6525037088725951,0.6525037088725951,0.5095089882373995,720,135,0,True,stage_timeout,2ebd5a46a509772b,0.761341987845765,0.28415176964192707,152.25752159158264,0,0,0,0,False,False,0,0,0,0,0.0,0.0,0,0.0,0.0,nan,nan
arm5_posture_shifted,push_to_zone,severe,23014,v2_full,False,False,0.0,0.5272184345801737,0.5272184345801737,0.3324208450107879,720,135,0,True,stage_timeout,2ebd5a46a509772b,0.7605935002070554,0.2830012410648057,150.12483989704623,0,0,0,0,False,False,0,0,0,0,0.0,0.0,0,0.0,0.0,nan,nan
arm5_posture_shifted,push_to_zone,severe,23015,v2_full,False,False,0.0,0.28736293651415246,0.28736293651415246,0.21179603659724097,720,135,0,True,stage_timeout,2ebd5a46a509772b,0.7717013351322644,0.28340274587620007,146.59781996077416,0,0,0,0,False,False,0,0,0,0,0.0,0.0,0,0.0,0.0,nan,nan
arm5_posture_shifted,push_to_zone,severe,23016,v2_full,False,False,0.0,0.23532693602466803,0.23532693602466803,6.502340608919814e-08,720,135,0,True,stage_timeout,2ebd5a46a509772b,0.7711354846290268,0.2828883978888232,148.42532655731165,0,0,0,0,False,False,0,0,0,0,0.0,0.0,0,0.0,0.0,nan,nan
arm5_posture_shifted,push_to_zone,severe,23017,v2_full,False,False,0.0,0.2616107085485091,0.2616107085485091,0.1597182905900921,720,135,0,True,stage_timeout,2ebd5a46a509772b,0.7965434333505157,0.2863540816319493,150.52492372555042,0,0,0,0,False,False,0,0,0,0,0.0,0.0,0,0.0,0.0,nan,nan
arm5_posture_shifted,push_to_zone,severe,23018,v2_full,False,False,0.0,0.2844948594410863,0.2844948594410863,3.023943107188459e-08,720,135,0,True,stage_timeout,2ebd5a46a509772b,0.7056562950807717,0.27905036269373024,141.73172306255785,0,0,0,0,False,False,0,0,0,0,0.0,0.0,0,0.0,0.0,nan,nan
arm5_posture_shifted,push_to_zone,severe,23019,v2_full,False,False,0.0,0.6393792242621669,0.6393792242621669,0.49340596857757457,720,135,0,True,stage_timeout,2ebd5a46a509772b,0.7618045839500454,0.28215297623730706,146.35366151260217,0,0,0,0,False,False,0,0,0,0,0.0,0.0,0,0.0,0.0,nan,nan
arm5_posture_shifted,push_to_zone,severe,23020,v2_full,False,False,0.0,0.6394214500651698,0.6394214500651698,0.48720318514158445,720,135,0,True,stage_timeout,2ebd5a46a509772b,0.7335815620374975,0.28111581636764155,146.6863291932112,0,0,0,0,False,False,0,0,0,0,0.0,0.0,0,0.0,0.0,nan,nan
arm5_posture_shifted,push_to_zone,severe,23021,v2_full,False,False,0.0,0.565046781935052,0.565046781935052,0.4700725663196266,720,135,0,True,stage_timeout,2ebd5a46a509772b,0.7656033453388589,0.2863078723102773,149.8819846336902,0,0,0,0,False,False,0,0,0,0,0.0,0.0,0,0.0,0.0,nan,nan
arm5_posture_shifted,push_to_zone,severe,23022,v2_full,False,False,0.0,0.2775020521765382,0.2775020521765382,0.1288279118378515,720,135,0,True,stage_timeout,2ebd5a46a509772b,0.7430037893366777,0.28415169597499873,149.63071005729506,0,0,0,0,False,False,0,0,0,0,0.0,0.0,0,0.0,0.0,nan,nan
arm5_posture_shifted,push_to_zone,severe,23023,v2_full,False,False,0.0,0.6892412565492039,0.6892412565492039,0.5555652871822032,720,135,0,True,stage_timeout,2ebd5a46a509772b,0.834068978549785,0.28576875949072866,151.77677038208472,0,0,0,0,False,False,0,0,0,0,0.0,0.0,0,0.0,0.0,nan,nan
arm5_posture_shifted,push_to_zone,severe,23024,v2_full,False,False,0.0,0.27306308168257404,0.27306308168257404,0.14078859010767553,720,135,0,True,stage_timeout,2ebd5a46a509772b,0.7589161786390886,0.2837331971148337,147.43527361592947,0,0,0,0,False,False,0,0,0,0,0.0,0.0,0,0.0,0.0,nan,nan
arm5_reference,push_to_zone,nominal,23001,v2_no_mass,True,True,1.0,0.01398815560670806,0.01398815560670806,0.0003328474571680959,720,720,0,False,,2ebd5a46a509772b,0.6202135627534817,0.2132486370700185,17.364463906785446,0,0,0,0,True,True,29,4,25,167,0.0,0.7724550898203593,24,0.19556038969564446,0.9545040306381338,0.213930614103811,0.40981782360312247
arm5_reference,push_to_zone,nominal,23002,v2_no_mass,True,True,1.0,0.014432207154378372,0.014432207154378372,0.00036591648267375924,720,720,0,False,,2ebd5a46a509772b,0.5814331858605493,0.21031213946688934,17.60211842682737,0,0,0,0,True,True,30,4,26,168,0.0,0.7261904761904762,27,0.19403208068368435,0.9726065332433174,0.210917097615811,0.37090825777735903
arm5_reference,push_to_zone,nominal,23003,v2_no_mass,True,True,1.0,0.00811963385749143,0.00811963385749143,0.00026368700707763305,720,720,0,False,,2ebd5a46a509772b,0.6132326843882638,0.21656765649459597,20.39296846285581,0,0,0,0,True,True,31,4,27,152,0.0,0.756578947368421,24,0.18171459774527823,1.0029153609517627,0.21759533538731296,0.3776127385682546
arm5_reference,push_to_zone,nominal,23004,v2_no_mass,True,True,1.0,0.012523944334259686,0.012523944334259686,0.00024068932768961629,720,720,0,False,,2ebd5a46a509772b,0.6569319114945462,0.21895698266594255,18.85816510775042,0,0,0,0,True,True,28,4,24,149,0.0,0.6778523489932886,23,0.1811201187400538,0.8511097069894096,0.21974009071614228,0.41731641749334436
arm5_reference,push_to_zone,nominal,23005,v2_no_mass,True,True,1.0,0.01034638851541053,0.01034638851541053,0.00034056148870088447,720,720,0,False,,2ebd5a46a509772b,0.6792883291394953,0.22093471191796688,18.320901214189078,0,0,0,0,True,True,36,6,30,169,0.0,0.6923076923076923,24,0.20483451633393834,0.8921448220776175,0.22198586062026573,0.47152080535401675
arm5_reference,push_to_zone,nominal,23006,v2_no_mass,True,True,1.0,0.015223596804655558,0.015223596804655558,0.0003348563034865799,720,720,0,False,,2ebd5a46a509772b,0.6151849718538744,0.21474357322016996,17.526181551389048,0,0,0,0,True,True,43,6,37,154,0.0,0.7922077922077922,21,0.1786562428647991,0.8696281372274158,0.21550472299828496,0.40204823174049187
arm5_reference,push_to_zone,nominal,23007,v2_no_mass,True,True,1.0,0.03831012003694805,0.03831012003694805,8.1833903540187e-12,720,720,0,False,,2ebd5a46a509772b,0.7419128109729884,0.22778066800018532,21.18126613905047,0,0,0,0,True,True,32,4,28,147,0.0,0.6122448979591837,23,0.1516637207927818,1.0250399678755266,0.22913120992838737,0.49614698454685113
arm5_reference,push_to_zone,nominal,23008,v2_no_mass,True,True,1.0,0.007074362564491052,0.007074362564491052,0.00022344085174230222,720,720,0,False,,2ebd5a46a509772b,0.7183082477707412,0.23030690449331848,19.65851972248425,0,0,0,0,True,True,24,3,21,158,0.0,0.6582278481012658,26,0.18664149272903335,1.0243748005994744,0.23113316879722032,0.49235919815259077
arm5_reference,push_to_zone,nominal,23009,v2_no_mass,True,True,1.0,0.010154686220182915,0.010154686220182915,0.00020224136450221135,720,720,0,False,,2ebd5a46a509772b,0.6768561137686957,0.22630339918140122,19.643538637366095,0,0,0,0,True,True,26,4,22,148,0.0,0.6486486486486487,26,0.1764118846432923,1.0028478529655624,0.22785826999629544,0.444201432141726
arm5_reference,push_to_zone,nominal,23010,v2_no_mass,True,True,1.0,0.014073017557311369,0.014073017557311369,0.00027130869261271425,720,720,0,False,,2ebd5a46a509772b,0.7084807738292973,0.22273780758194162,17.401239321744672,0,0,0,0,True,True,33,5,28,153,0.0,0.7254901960784313,22,0.18549584977855813,0.9827162808680311,0.22394160352687117,0.4957635283584936
arm5_reference,push_to_zone,nominal,23011,v2_no_mass,True,True,1.0,0.007381789077012433,0.007381789077012433,0.0002267262114680944,720,720,0,False,,2ebd5a46a509772b,0.8440023752097945,0.2474995669432825,20.79339310381149,0,0,0,0,True,True,36,6,30,148,0.0,0.6148648648648649,24,0.20552086112272722,0.7215920846401316,0.24832266533051212,0.6042811440514435
arm5_reference,push_to_zone,nominal,23012,v2_no_mass,True,True,1.0,0.012347370502868726,0.012347370502868726,0.0003166109967925579,720,720,0,False,,2ebd5a46a509772b,0.6871502860921961,0.22157709107676354,17.231027857116572,0,0,0,0,True,True,30,5,25,167,0.0,0.7365269461077845,26,0.1960179931672072,0.9779823887396553,0.2225545969800782,0.48513002523481186
arm5_reference,push_to_zone,nominal,23013,v2_no_mass,True,True,1.0,0.013284295969908742,0.013284295969908742,0.00027493488914802345,720,720,0,False,,2ebd5a46a509772b,0.6682614286351574,0.22095998019285365,19.05929384045806,0,0,0,0,True,True,29,4,25,161,0.0,0.7142857142857143,25,0.1947377814822553,0.8719385215567909,0.22159464827893896,0.44687029843685444
arm5_reference,push_to_zone,nominal,23014,v2_no_mass,True,True,1.0,0.011851937986122388,0.011851937986122388,0.00032179751113175055,720,720,0,False,,2ebd5a46a509772b,0.6952354937709777,0.2249914180154636,20.047591228294017,0,0,0,0,True,True,36,7,29,166,0.0,0.7108433734939759,26,0.2022548808659264,0.9702954361576344,0.2261838933262842,0.48170310063845845
arm5_reference,push_to_zone,nominal,23015,v2_no_mass,True,True,1.0,0.010575030154240002,0.010575030154240002,0.00024538940273968946,720,720,0,False,,2ebd5a46a509772b,0.7163414778826733,0.2289236075538994,17.930805273102315,0,0,0,0,True,True,33,5,28,149,0.0,0.7181208053691275,22,0.182757974239353,0.9316216546754762,0.23007710355379987,0.5025088316273925
arm5_reference,push_to_zone,nominal,23016,v2_no_mass,True,True,1.0,0.014885978569079517,0.014885978569079517,0.00025200178088342017,720,720,0,False,,2ebd5a46a509772b,0.7180855790912095,0.22921871035751368,20.505702070134344,0,0,0,0,True,True,38,6,32,152,0.0,0.6644736842105263,26,0.1903492246320327,0.8674425216488147,0.23084054220982206,0.4910014217740546
arm5_reference,push_to_zone,nominal,23017,v2_no_mass,True,True,1.0,0.017315190004560378,0.017315190004560378,0.00016347006061090473,720,720,0,False,,2ebd5a46a509772b,0.7473246592939313,0.22997166829942395,20.08976070279772,0,0,0,0,True,True,30,5,25,159,0.0,0.6540880503144654,24,0.18779492299968295,0.9228927862556483,0.23109053779190716,0.5109665994091879
arm5_reference,push_to_zone,nominal,23018,v2_no_mass,True,True,1.0,0.00756726322454718,0.00756726322454718,0.00024679534613070283,720,720,0,False,,2ebd5a46a509772b,0.7098078046682601,0.23306101266928286,19.324054952351606,0,0,0,0,True,True,28,5,23,161,0.0,0.6894409937888198,26,0.20728146554627386,0.9006366081705051,0.23369727187179595,0.5033177572337486
arm5_reference,push_to_zone,nominal,23019,v2_no_mass,True,True,1.0,0.01805615819346176,0.01805615819346176,0.00028789228234439096,720,720,0,False,,2ebd5a46a509772b,0.6888372771209426,0.22717979968651109,18.893487352049966,0,0,0,0,True,True,32,6,26,156,0.0,0.6987179487179487,22,0.18380263042887648,0.9348962311429713,0.228233967483245,0.4716361081643443
arm5_reference,push_to_zone,nominal,23020,v2_no_mass,True,True,1.0,0.009768160178752417,0.009768160178752417,0.00025722880440536027,720,720,0,False,,2ebd5a46a509772b,0.6896080712808761,0.22781406191864847,18.99410618104396,0,0,0,0,True,True,27,4,23,156,0.0,0.6602564102564102,24,0.19431936628763394,0.8999250860215355,0.22856993282712587,0.4841104810817787
arm5_reference,push_to_zone,nominal,23021,v2_no_mass,True,True,1.0,0.01229324661616277,0.01229324661616277,0.0002416826110577694,720,720,0,False,,2ebd5a46a509772b,0.7073524359493413,0.22673801868873936,17.938801538378872,0,0,0,0,True,True,26,4,22,153,0.0,0.6993464052287581,21,0.18408813133995813,0.9322861983076901,0.22765579430727576,0.4927882498243932
arm5_reference,push_to_zone,nominal,23022,v2_no_mass,True,True,1.0,0.007635409911954442,0.007635409911954442,0.00028419314996334824,720,720,0,False,,2ebd5a46a509772b,0.6745945519953094,0.22037028739900616,18.34469366978619,0,0,0,0,True,True,27,4,23,163,0.0,0.6809815950920245,24,0.20529395485241148,0.8878388955145349,0.22123309746970327,0.4901648780202499
arm5_reference,push_to_zone,nominal,23023,v2_no_mass,True,True,1.0,0.008086671191284145,0.008086671191284145,0.0002090882392787745,720,720,0,False,,2ebd5a46a509772b,0.7842889176547745,0.23404067692367939,19.48360898814118,0,0,0,0,True,True,34,4,30,142,0.0,0.6549295774647887,24,0.18281506977035256,0.8441696491997154,0.23531129299893244,0.552600955559905
arm5_reference,push_to_zone,nominal,23024,v2_no_mass,True,True,1.0,0.01058001617521475,0.01058001617521475,0.00029178164793797597,720,720,0,False,,2ebd5a46a509772b,0.6895319624837675,0.2247183238538934,18.000851797887414,0,0,0,0,True,True,28,4,24,165,0.0,0.7636363636363637,22,0.2010795626684464,0.9243659729683443,0.22558743697728906,0.47028245776995004
arm5_reference,push_to_zone,low_friction,23001,v2_no_mass,True,True,1.0,0.020395829654429806,0.020395829654429806,0.0006717308377087123,720,720,0,False,,2ebd5a46a509772b,0.6908324515830406,0.225900767175259,20.128488879547596,0,0,0,0,True,True,35,10,25,186,0.0,0.7741935483870968,29,0.19226944183962288,1.0133587367236,0.22012296818492627,0.48847856451412497
arm5_reference,push_to_zone,low_friction,23002,v2_no_mass,True,True,1.0,0.015679806889231606,0.015679806889231606,0.0003564268156127648,720,720,0,False,,2ebd5a46a509772b,0.6532413876996075,0.22254227403105165,20.325867480439335,0,0,0,0,True,True,36,8,28,176,0.0,0.7670454545454546,27,0.19037532008475258,0.9114253040506936,0.2169194390016009,0.4401222932757669
arm5_reference,push_to_zone,low_friction,23003,v2_no_mass,True,True,1.0,0.013896905138638706,0.013896905138638706,0.00031486799943051435,720,720,0,False,,2ebd5a46a509772b,0.7047330634332263,0.23166596242689458,22.304937665722026,0,0,0,0,True,True,40,9,31,162,0.0,0.7469135802469136,24,0.18504853202064372,0.8864435909758565,0.22776590077382866,0.4966888181174447
arm5_reference,push_to_zone,low_friction,23004,v2_no_mass,True,True,1.0,0.018294293592084735,0.018294293592084735,0.00024684683645760034,720,720,0,False,,2ebd5a46a509772b,0.7477727929908449,0.2341865434936578,21.27045679171324,0,0,0,0,True,True,37,9,28,167,0.0,0.7425149700598802,24,0.18429337809945245,0.8468781938041522,0.22904670415033423,0.522360333242244
arm5_reference,push_to_zone,low_friction,23005,v2_no_mass,True,True,1.0,0.02760049640408052,0.02760049640408052,0.00038888588612391963,720,720,0,False,,2ebd5a46a509772b,0.7238366500420774,0.22920783680750786,20.491063966116005,0,0,0,0,True,True,29,6,23,209,0.0,0.8421052631578947,23,0.18149499108932196,0.9195706606378244,0.22497237393242117,0.5283655864229515
arm5_reference,push_to_zone,low_friction,23006,v2_no_mass,True,True,1.0,0.01647269300165798,0.01647269300165798,0.00033332153169278553,720,720,0,False,,2ebd5a46a509772b,0.7036339333087103,0.22991201994888227,20.806653648097598,0,0,0,0,True,True,42,9,33,176,0.0,0.7784090909090909,26,0.18715106499981285,0.9546914326755089,0.22517812137592333,0.4988983019810971
arm5_reference,push_to_zone,low_friction,23007,v2_no_mass,True,True,1.0,0.009759750848372625,0.009759750848372625,6.349069253391187e-05,720,720,0,False,,2ebd5a46a509772b,0.8077634709440149,0.2394408446174005,23.30487452933746,0,0,0,0,True,True,36,10,26,157,0.0,0.7197452229299363,25,0.18487558885912025,0.9316333258720858,0.23556336836999922,0.5816543210567509
arm5_reference,push_to_zone,low_friction,23008,v2_no_mass,True,True,1.0,0.010100801913703066,0.010100801913703066,4.2036385316899754e-05,720,720,0,False,,2ebd5a46a509772b,0.7854618486893075,0.24199519597860716,23.24025976283862,0,0,0,0,True,True,37,8,29,169,0.0,0.6982248520710059,25,0.18654442905635402,1.0582018651826866,0.2397821519857586,0.5794700978932843
arm5_reference,push_to_zone,low_friction,23009,v2_no_mass,True,True,1.0,0.02078840484464303,0.02078840484464303,0.00019472299109444028,720,720,0,False,,2ebd5a46a509772b,0.7249214073813643,0.23524627251334856,20.5914658726675,0,0,0,0,True,True,44,8,36,159,0.0,0.7169811320754716,23,0.17673160127564436,0.8174117570669842,0.2318502022234182,0.5247913145998413
arm5_reference,push_to_zone,low_friction,23010,v2_no_mass,True,True,1.0,0.02316402951948076,0.02316402951948076,0.00026290449501269577,720,720,0,False,,2ebd5a46a509772b,0.7829834852341278,0.2362342148892498,20.905984601705146,0,0,0,0,True,True,36,10,26,173,0.0,0.7456647398843931,24,0.18389270508108974,0.9322174992204627,0.23198428558561832,0.582691408257491
arm5_reference,push_to_zone,low_friction,23011,v2_no_mass,True,True,1.0,0.006810949764960496,0.006810949764960496,0.0006988469854083529,720,720,0,False,,2ebd5a46a509772b,0.865975474430128,0.25199857012462273,23.16025145849739,0,0,0,0,True,True,35,10,25,154,0.0,0.7012987012987013,22,0.19778357657690065,0.7504905264310539,0.25055690152912324,0.6615584219787727
arm5_reference,push_to_zone,low_friction,23012,v2_no_mass,True,True,1.0,0.01215206602835417,0.01215206602835417,0.0008209788449912646,720,720,0,False,,2ebd5a46a509772b,0.7447256208904944,0.23229184844476544,19.791834557034758,0,0,0,0,True,True,31,7,24,161,0.0,0.7329192546583851,23,0.1925905838831247,0.8158255656124956,0.2275398796028915,0.5396550628939099
arm5_reference,push_to_zone,low_friction,23013,v2_no_mass,True,True,1.0,0.006752703330998467,0.006752703330998467,0.00092251573947395,720,720,0,False,,2ebd5a46a509772b,0.7293403683838342,0.23195863139402337,22.218317850207587,0,0,0,0,True,True,36,9,27,169,0.0,0.7514792899408284,24,0.1939164461022439,1.0063722773621715,0.22812555393320544,0.5257449951855744
arm5_reference,push_to_zone,low_friction,23014,v2_no_mass,True,True,1.0,0.018919681302052238,0.018919681302052238,0.0005740768777202519,720,720,0,False,,2ebd5a46a509772b,0.7435386471681453,0.23360923594192023,22.455240113449314,0,0,0,0,True,True,39,12,27,181,0.0,0.7679558011049724,28,0.1894308783926552,1.1021380339666176,0.2299047915820254,0.5355628288856127
arm5_reference,push_to_zone,low_friction,23015,v2_no_mass,True,True,1.0,0.009006032798434472,0.009006032798434472,0.0005808633642617227,720,720,0,False,,2ebd5a46a509772b,0.7926347308469315,0.24230818521493974,21.646780517139167,0,0,0,0,True,True,31,7,24,166,0.0,0.7228915662650602,27,0.19318797836859453,0.9358075111222278,0.23905715096454652,0.5762044012256413
arm5_reference,push_to_zone,low_friction,23016,v2_no_mass,True,True,1.0,0.017027382948237316,0.017027382948237316,0.0002885494279533219,720,720,0,False,,2ebd5a46a509772b,0.7655816265267177,0.2375352455552275,21.82833173220904,0,0,0,0,True,True,37,11,26,168,0.0,0.7380952380952381,26,0.18833160358870835,0.8613222245009557,0.23395448818345393,0.5581385829422301
arm5_reference,push_to_zone,low_friction,23017,v2_no_mass,True,True,1.0,0.014414972643418766,0.014414972643418766,0.0011369825257576559,720,720,0,False,,2ebd5a46a509772b,0.7956426990358478,0.23907526388008707,21.311299786923566,0,0,0,0,True,True,38,11,27,169,0.0,0.7337278106508875,27,0.1909270351726487,0.9196472392039357,0.2350008967137181,0.5770122324315397
arm5_reference,push_to_zone,low_friction,23018,v2_no_mass,True,True,1.0,0.016423466451005203,0.016423466451005203,0.0004519495160263734,720,720,0,False,,2ebd5a46a509772b,0.7235017055431627,0.23634574571254283,21.557464989680902,0,0,0,0,True,True,47,11,36,183,0.0,0.7704918032786885,28,0.1941981086883149,1.0666367856300085,0.2345689610067697,0.5581944678060267
arm5_reference,push_to_zone,low_friction,23019,v2_no_mass,True,True,1.0,0.01314612392132031,0.01314612392132031,0.00021989689818322782,720,720,0,False,,2ebd5a46a509772b,0.7555510875990388,0.2386140989876795,22.233639513373625,0,0,0,0,True,True,31,9,22,171,0.0,0.7543859649122807,27,0.18809376462654848,1.0830857309124058,0.23587054887361938,0.5484322579128702
arm5_reference,push_to_zone,low_friction,23020,v2_no_mass,True,True,1.0,0.006980821547960579,0.006980821547960579,0.00013148265899346108,720,720,0,False,,2ebd5a46a509772b,0.7396574518486143,0.2369790992444827,22.1615392279317,0,0,0,0,True,True,37,9,28,164,0.0,0.7012195121951219,24,0.1937051565964641,0.9238545693385725,0.23438853334750834,0.5413264221444196
arm5_reference,push_to_zone,low_friction,23021,v2_no_mass,True,True,1.0,0.006859880328758509,0.006859880328758509,0.0006017768453473602,720,720,0,False,,2ebd5a46a509772b,0.7775293543587267,0.23981571909694294,22.523950323070572,0,0,0,0,True,True,38,10,28,164,0.0,0.725609756097561,28,0.1973393288948028,0.8488032532005039,0.2366641045201765,0.5781197920624197
arm5_reference,push_to_zone,low_friction,23022,v2_no_mass,True,True,1.0,0.008723211994765008,0.008723211994765008,0.0008619775811038965,720,720,0,False,,2ebd5a46a509772b,0.7331950212060176,0.23143202742330277,21.8706888545245,0,0,0,0,True,True,32,9,23,181,0.0,0.7071823204419889,27,0.20569783189483437,0.9587864367270015,0.22754341780412674,0.5489445181343502
arm5_reference,push_to_zone,low_friction,23023,v2_no_mass,True,True,1.0,0.009014486413746498,0.009014486413746498,8.536800710457394e-05,720,720,0,False,,2ebd5a46a509772b,0.8628133674926419,0.2474943471894467,23.213866074457915,0,0,0,0,True,True,42,9,33,158,0.0,0.6645569620253164,24,0.19243708366749007,0.8938566047000142,0.2442809143277187,0.6447926597467291
arm5_reference,push_to_zone,low_friction,23024,v2_no_mass,True,True,1.0,0.015909759460299894,0.015909759460299894,0.00039095101620968605,720,720,0,False,,2ebd5a46a509772b,0.7437810526932735,0.23455723194945158,20.923220962192016,0,0,0,0,True,True,38,10,28,179,0.0,0.7821229050279329,27,0.18923091285725943,1.0837846285622659,0.2311484523625703,0.5507302125324278
arm5_reference,push_to_zone,latency_load,23001,v2_no_mass,False,False,0.3333333333333333,0.42915678722650175,0.42915678722650175,0.039956585869407805,720,225,0,True,stage_timeout,2ebd5a46a509772b,0.3467271615413634,0.19600064908940876,31.403362391431905,0,0,0,0,False,False,43,13,30,0,0.0,0.0,0,0.0,0.0,nan,nan
arm5_reference,push_to_zone,latency_load,23002,v2_no_mass,True,True,1.0,0.0052233570290783305,0.0052233570290783305,0.0005968387921114063,720,720,0,False,,2ebd5a46a509772b,0.7717353846831099,0.24058800367181074,35.636873169275276,0,0,0,0,True,True,43,12,31,208,0.0,0.7115384615384616,29,0.22956704182635942,0.9894592665012684,0.23730201222555672,0.6153758765690798
arm5_reference,push_to_zone,latency_load,23003,v2_no_mass,True,True,1.0,0.021333388621687308,0.021333388621687308,0.0003033914005460432,720,720,0,False,,2ebd5a46a509772b,0.8328728296178087,0.24977312711687039,36.14052236753548,0,0,0,0,True,True,39,10,29,182,0.0,0.7087912087912088,28,0.20044808525341298,1.0201176086925665,0.24997362726826006,0.6624337023514868
arm5_reference,push_to_zone,latency_load,23004,v2_no_mass,True,True,1.0,0.00766122664483054,0.00766122664483054,0.00024386415912730703,720,720,0,False,,2ebd5a46a509772b,0.8573225827822373,0.2496053453407673,34.31246693620946,0,0,0,0,True,True,56,16,40,187,0.0,0.7058823529411765,31,0.22320773592152202,0.8736635630040056,0.24798862660707582,0.6739653614791323
arm5_reference,push_to_zone,latency_load,23005,v2_no_mass,True,True,1.0,0.024192665618141637,0.024192665618141637,0.001084007853585974,720,720,0,False,,2ebd5a46a509772b,0.8608735415531681,0.24991583094418346,35.004593330314,0,0,0,0,True,True,38,5,33,274,0.0,0.7554744525547445,40,0.2937289957443201,0.9286434463102269,0.2496871498628117,0.7105821062445221
arm5_reference,push_to_zone,latency_load,23006,v2_no_mass,True,True,1.0,0.016179421220466825,0.016179421220466825,0.0005951895863065696,720,720,0,False,,2ebd5a46a509772b,0.8134236024749448,0.24606496825642762,34.08199549608165,0,0,0,0,True,True,43,9,34,182,0.0,0.7307692307692307,26,0.20771928917994495,0.9574413917048598,0.24447812401109995,0.6425465841704203
arm5_reference,push_to_zone,latency_load,23007,v2_no_mass,True,True,1.0,0.02196619675645711,0.02196619675645711,0.00022892496340262952,720,720,0,False,,2ebd5a46a509772b,0.8983269212176868,0.2520788300425753,34.4762093812644,0,0,0,0,True,True,47,12,35,213,0.0,0.7605633802816901,29,0.20985992712201046,0.8737225459722708,0.2511849086343403,0.7291590672786912
arm5_reference,push_to_zone,latency_load,23008,v2_no_mass,True,True,1.0,0.005730759843212504,0.005730759843212504,8.511923906566368e-05,720,720,0,False,,2ebd5a46a509772b,0.8792558620041351,0.2549652944566733,35.01377718446754,0,0,0,0,True,True,72,15,57,189,0.0,0.6878306878306878,28,0.22963361459362236,0.8150784314359718,0.2558718948872519,0.712196074535794
arm5_reference,push_to_zone,latency_load,23009,v2_no_mass,True,True,1.0,0.026473112419960115,0.026473112419960115,4.6928689057872036e-11,720,720,0,False,,2ebd5a46a509772b,0.8941536213255039,0.25978535596507324,47.33789853295959,0,0,0,0,True,True,51,13,38,155,0.025806451612903226,0.5032258064516129,21,0.17039880473207644,0.7957262656341957,0.25701700860840576,0.6761473050440241
arm5_reference,push_to_zone,latency_load,23010,v2_no_mass,True,True,1.0,0.018092155493739034,0.018092155493739034,0.0008387218834051898,720,720,0,False,,2ebd5a46a509772b,0.881107914863152,0.2507187152823693,34.87575043977215,0,0,0,0,True,True,55,9,46,221,0.0,0.746606334841629,32,0.24110334377718928,1.0463110241874491,0.25003345443937514,0.7403951424894979
arm5_reference,push_to_zone,latency_load,23011,v2_no_mass,True,True,1.0,0.021089448865083953,0.021089448865083953,0.0009865872010029965,720,720,0,False,,2ebd5a46a509772b,0.957573385198293,0.2640384876995009,35.51875301940824,0,0,0,0,True,True,50,8,42,154,0.0,0.6688311688311688,24,0.18005136883955597,0.8403773969634745,0.26637393083136013,0.8021692643951801
arm5_reference,push_to_zone,latency_load,23012,v2_no_mass,True,True,1.0,0.011888794567200371,0.011888794567200371,3.203042063901766e-05,720,720,0,False,,2ebd5a46a509772b,0.8532733603533877,0.24873558229579557,35.7470182477932,0,0,0,0,True,True,34,12,22,176,0.0,0.6988636363636364,28,0.20908546262283054,0.9767574514211043,0.24676975909110435,0.7075750593583758
arm5_reference,push_to_zone,latency_load,23013,v2_no_mass,True,True,1.0,0.02599329856707929,0.02599329856707929,2.8087372918111366e-05,720,720,0,False,,2ebd5a46a509772b,0.8624881511828033,0.2514854747635925,37.37927163827343,0,0,0,0,True,True,48,11,37,186,0.0,0.6290322580645161,26,0.2038323110111243,0.963925262437643,0.24910337305972985,0.6881116291401721
arm5_reference,push_to_zone,latency_load,23014,v2_no_mass,False,False,0.3333333333333333,0.313386556391991,0.313386556391991,0.0166159046228681,720,214,0,True,stage_timeout,2ebd5a46a509772b,0.7083897692979155,0.28632518965124776,31.772940711066685,0,0,0,0,False,False,56,7,49,0,0.0,0.0,0,0.0,0.0,nan,nan
arm5_reference,push_to_zone,latency_load,23015,v2_no_mass,True,True,1.0,0.013265090532522254,0.013265090532522254,1.1578351508410151e-05,720,720,0,False,,2ebd5a46a509772b,0.8970191164864678,0.25696370367772764,35.86645194833944,0,0,0,0,True,True,57,11,46,169,0.0,0.6804733727810651,24,0.2013615935653888,0.9020829489178407,0.25659965280190494,0.7039538655493867
arm5_reference,push_to_zone,latency_load,23016,v2_no_mass,True,True,1.0,0.018658878242974387,0.018658878242974387,0.0006968000148846199,720,720,0,False,,2ebd5a46a509772b,0.8937299214054322,0.2557398672185206,36.05006177170589,0,0,0,0,True,True,49,8,41,257,0.0,0.7315175097276264,41,0.28474423994025466,1.022780536039715,0.25605775819600946,0.7257639085376475
arm5_reference,push_to_zone,latency_load,23017,v2_no_mass,True,True,1.0,0.007042232540947914,0.007042232540947914,0.0003243091217018897,720,720,0,False,,2ebd5a46a509772b,0.9092571324899297,0.25521105469472394,36.17283623212698,0,0,0,0,True,True,50,12,38,184,0.0,0.6902173913043478,26,0.2205960084031046,0.9326535462549287,0.25323122493269973,0.7299137622323686
arm5_reference,push_to_zone,latency_load,23018,v2_no_mass,False,False,0.3333333333333333,0.3259290715156763,0.3259290715156763,0.015301465544044672,720,215,0,True,stage_timeout,2ebd5a46a509772b,0.6636493930715064,0.2785765914891834,31.490588015801734,0,0,0,0,False,False,48,11,37,0,0.0,0.0,0,0.0,0.0,nan,nan
arm5_reference,push_to_zone,latency_load,23019,v2_no_mass,True,True,1.0,0.006038345704150175,0.006038345704150175,3.801666566273908e-05,720,720,0,False,,2ebd5a46a509772b,0.8748193511742477,0.25527198166282766,35.911232989127484,0,0,0,0,True,True,44,11,33,173,0.0,0.6763005780346821,28,0.19968865118562187,0.9309037079951196,0.2554386436278901,0.6865080630537408
arm5_reference,push_to_zone,latency_load,23020,v2_no_mass,True,True,1.0,0.006404538973891851,0.006404538973891851,0.00019233525419140633,720,720,0,False,,2ebd5a46a509772b,0.8340165275507303,0.25056588833473603,34.92704692639571,0,0,0,0,True,True,54,12,42,176,0.0,0.6761363636363636,25,0.20730665261797596,1.0236192968328535,0.25106121904885276,0.6765364333311568
arm5_reference,push_to_zone,latency_load,23021,v2_no_mass,True,True,1.0,0.029848440368893288,0.029848440368893288,0.0011983325014331965,720,720,0,False,,2ebd5a46a509772b,0.8380534204507466,0.24896443662980625,34.24281125211084,0,0,0,0,True,True,58,15,43,261,0.0,0.7816091954022989,29,0.22637607619591588,0.8818239587489258,0.24941731738726458,0.7090665263164166
arm5_reference,push_to_zone,latency_load,23022,v2_no_mass,True,True,1.0,0.0059585093239802435,0.0059585093239802435,0.0018646952338349809,720,720,0,False,,2ebd5a46a509772b,0.8333549168303618,0.24661855078668202,36.14704971210277,0,0,0,0,True,True,47,9,38,190,0.0,0.6789473684210526,30,0.2219784712463845,0.907585619347551,0.24474229230879463,0.703410810843013
arm5_reference,push_to_zone,latency_load,23023,v2_no_mass,True,True,1.0,0.02235792008263674,0.02235792008263674,0.00014412462253866656,720,720,0,False,,2ebd5a46a509772b,0.953723763867464,0.25957443636605326,34.9688184141296,0,0,0,0,True,True,52,8,44,186,0.0,0.7634408602150538,29,0.1978638031711485,1.0642083922620156,0.2598069532141804,0.7661864556899927
arm5_reference,push_to_zone,latency_load,23024,v2_no_mass,True,True,1.0,0.00743904920701315,0.00743904920701315,0.0006152632846770358,720,720,0,False,,2ebd5a46a509772b,0.8775173734972777,0.25413521068577555,36.8789358206654,0,0,0,0,True,True,42,6,36,223,0.0,0.7443946188340808,35,0.25285049001591237,0.9961933148352977,0.25366812943471745,0.7105661518672877
arm5_reference,push_to_zone,severe,23001,v2_no_mass,False,False,0.0,0.19608567980304753,0.19608567980304753,3.5443283909622096e-11,720,135,0,True,stage_timeout,2ebd5a46a509772b,0.7864291552308194,0.2844236802567871,136.70616359020897,0,0,0,0,False,False,0,0,0,0,0.0,0.0,0,0.0,0.0,nan,nan
arm5_reference,push_to_zone,severe,23002,v2_no_mass,False,False,0.0,0.20338002486828877,0.20338002486828877,4.889157745928703e-08,720,135,0,True,stage_timeout,2ebd5a46a509772b,0.7642265234540546,0.28200315824804933,136.80164285499424,0,0,0,0,False,False,0,0,0,0,0.0,0.0,0,0.0,0.0,nan,nan
arm5_reference,push_to_zone,severe,23003,v2_no_mass,False,False,0.0,0.2517098986403912,0.2517098986403912,5.136945447307281e-11,720,135,0,True,stage_timeout,2ebd5a46a509772b,0.8215871463863489,0.28427588498447276,141.30734296763038,0,0,0,0,False,False,0,0,0,0,0.0,0.0,0,0.0,0.0,nan,nan
arm5_reference,push_to_zone,severe,23004,v2_no_mass,False,False,0.0,0.241407748073096,0.241407748073096,8.760694274874964e-08,720,135,0,True,stage_timeout,2ebd5a46a509772b,0.8368886273788751,0.28488946936462395,140.02043902701004,0,0,0,0,False,False,0,0,0,0,0.0,0.0,0,0.0,0.0,nan,nan
arm5_reference,push_to_zone,severe,23005,v2_no_mass,False,False,0.0,0.25518471379387836,0.25518471379387836,9.015403835245676e-08,720,135,0,True,stage_timeout,2ebd5a46a509772b,0.8169276833228074,0.2858393236292228,139.722850512875,0,0,0,0,False,False,0,0,0,0,0.0,0.0,0,0.0,0.0,nan,nan
arm5_reference,push_to_zone,severe,23006,v2_no_mass,False,False,0.0,0.2315460862750827,0.2315460862750827,3.059175844989642e-07,720,135,0,True,stage_timeout,2ebd5a46a509772b,0.7880707773999158,0.28458542801662634,137.74696435775272,0,0,0,0,False,False,0,0,0,0,0.0,0.0,0,0.0,0.0,nan,nan
arm5_reference,push_to_zone,severe,23007,v2_no_mass,False,False,0.0,0.23395226555159,0.23395226555159,5.5096029712273785e-11,720,135,0,True,stage_timeout,2ebd5a46a509772b,0.8905050730376389,0.28659932102388047,145.01840011848654,0,0,0,0,False,False,0,0,0,0,0.0,0.0,0,0.0,0.0,nan,nan
arm5_reference,push_to_zone,severe,23008,v2_no_mass,False,False,0.0,0.26949333745410436,0.26949333745410436,2.0589287070522177e-07,720,135,0,True,stage_timeout,2ebd5a46a509772b,0.8337474942313712,0.284486252871375,139.3552864774209,0,0,0,0,False,False,0,0,0,0,0.0,0.0,0,0.0,0.0,nan,nan
arm5_reference,push_to_zone,severe,23009,v2_no_mass,False,False,0.0,0.22595258050963182,0.22595258050963182,3.3102026349547205e-11,720,135,0,True,stage_timeout,2ebd5a46a509772b,0.7805075645066086,0.28180450610633906,136.19570553838545,0,0,0,0,False,False,0,0,0,0,0.0,0.0,0,0.0,0.0,nan,nan
arm5_reference,push_to_zone,severe,23010,v2_no_mass,False,False,0.0,0.22243883460127822,0.22243883460127822,1.3658202124256154e-07,720,135,0,True,stage_timeout,2ebd5a46a509772b,0.8453822268721587,0.28655084328476493,141.4117880022027,0,0,0,0,False,False,0,0,0,0,0.0,0.0,0,0.0,0.0,nan,nan
arm5_reference,push_to_zone,severe,23011,v2_no_mass,False,False,0.0,0.27791631390959176,0.27791631390959176,0.15084352623883066,720,135,0,True,stage_timeout,2ebd5a46a509772b,0.8703754026880022,0.28200464348538434,140.0271149839555,0,0,0,0,False,False,0,0,0,0,0.0,0.0,0,0.0,0.0,nan,nan
arm5_reference,push_to_zone,severe,23012,v2_no_mass,False,False,0.0,0.22482668102232686,0.22482668102232686,0.08267007842140653,720,135,0,True,stage_timeout,2ebd5a46a509772b,0.7995436272016292,0.28426661052078744,138.15120859631745,0,0,0,0,False,False,0,0,0,0,0.0,0.0,0,0.0,0.0,nan,nan
arm5_reference,push_to_zone,severe,23013,v2_no_mass,False,False,0.0,0.23903764357087812,0.23903764357087812,3.954746343623538e-11,720,135,0,True,stage_timeout,2ebd5a46a509772b,0.8193893869401982,0.2859174291713134,141.97476306076123,0,0,0,0,False,False,0,0,0,0,0.0,0.0,0,0.0,0.0,nan,nan
arm5_reference,push_to_zone,severe,23014,v2_no_mass,False,False,0.0,0.2034010220584128,0.2034010220584128,0.14612977842996933,720,135,0,True,stage_timeout,2ebd5a46a509772b,0.825695290291173,0.28557609835850084,140.99383873112365,0,0,0,0,False,False,0,0,0,0,0.0,0.0,0,0.0,0.0,nan,nan
arm5_reference,push_to_zone,severe,23015,v2_no_mass,False,False,0.0,0.2290367123394645,0.2290367123394645,3.807411223498406e-11,720,135,0,True,stage_timeout,2ebd5a46a509772b,0.8180480209355605,0.28362710182551437,136.58214449392128,0,0,0,0,False,False,0,0,0,0,0.0,0.0,0,0.0,0.0,nan,nan
arm5_reference,push_to_zone,severe,23016,v2_no_mass,False,False,0.0,0.19454723654912198,0.19454723654912198,0.14472305637134997,720,135,0,True,stage_timeout,2ebd5a46a509772b,0.8366849837781536,0.2850660023749717,139.43739665681693,0,0,0,0,False,False,0,0,0,0,0.0,0.0,0,0.0,0.0,nan,nan
arm5_reference,push_to_zone,severe,23017,v2_no_mass,False,False,0.0,0.22235040049654048,0.22235040049654048,1.0479654562314688e-08,720,135,0,True,stage_timeout,2ebd5a46a509772b,0.8461306413217349,0.2862812571433156,139.4634833105603,0,0,0,0,False,False,0,0,0,0,0.0,0.0,0,0.0,0.0,nan,nan
arm5_reference,push_to_zone,severe,23018,v2_no_mass,False,False,0.0,0.2130571147620249,0.2130571147620249,0.13456290011654973,720,135,0,True,stage_timeout,2ebd5a46a509772b,0.7497398835694997,0.28032220677347214,131.82457318856498,0,0,0,0,False,False,0,0,0,0,0.0,0.0,0,0.0,0.0,nan,nan
arm5_reference,push_to_zone,severe,23019,v2_no_mass,False,False,0.0,0.22396842738895417,0.22396842738895417,4.826229401436139e-08,720,135,0,True,stage_timeout,2ebd5a46a509772b,0.8207721651773103,0.28408233859435156,137.31724251716741,0,0,0,0,False,False,0,0,0,0,0.0,0.0,0,0.0,0.0,nan,nan
arm5_reference,push_to_zone,severe,23020,v2_no_mass,False,False,0.0,0.23680301771543585,0.23680301771543585,1.966421138066631e-11,720,135,0,True,stage_timeout,2ebd5a46a509772b,0.7812662239876262,0.28241107341132715,136.59084212377357,0,0,0,0,False,False,0,0,0,0,0.0,0.0,0,0.0,0.0,nan,nan
arm5_reference,push_to_zone,severe,23021,v2_no_mass,False,False,0.0,0.22756160574278006,0.22756160574278006,1.4727297370015021e-07,720,135,0,True,stage_timeout,2ebd5a46a509772b,0.8139295873025079,0.28758442829122427,139.05726441806675,0,0,0,0,False,False,0,0,0,0,0.0,0.0,0,0.0,0.0,nan,nan
arm5_reference,push_to_zone,severe,23022,v2_no_mass,False,False,0.0,0.2624825318265328,0.2624825318265328,6.406147595717475e-07,720,135,0,True,stage_timeout,2ebd5a46a509772b,0.7864626255917195,0.2850988533677338,137.63553404017432,0,0,0,0,False,False,0,0,0,0,0.0,0.0,0,0.0,0.0,nan,nan
arm5_reference,push_to_zone,severe,23023,v2_no_mass,False,False,0.0,0.27493068752875394,0.27493068752875394,6.017537196262294e-09,720,135,0,True,stage_timeout,2ebd5a46a509772b,0.9021104311003025,0.2877585568661475,142.58677482088743,0,0,0,0,False,False,0,0,0,0,0.0,0.0,0,0.0,0.0,nan,nan
arm5_reference,push_to_zone,severe,23024,v2_no_mass,False,False,0.0,0.22383916027710735,0.22383916027710735,1.8175994277833267e-08,720,135,0,True,stage_timeout,2ebd5a46a509772b,0.8039520421978108,0.2842440507038297,136.3416430024525,0,0,0,0,False,False,0,0,0,0,0.0,0.0,0,0.0,0.0,nan,nan
arm5_distal_heavy,push_to_zone,nominal,23001,v2_no_mass,True,True,1.0,0.01687923685153759,0.01687923685153759,0.00031431847996191175,720,720,0,False,,2ebd5a46a509772b,0.6961958601347216,0.22406234326612903,22.46811614506762,0,0,0,0,True,True,34,5,29,172,0.0,0.75,25,0.18489223623506074,0.8823373986084917,0.224380716594201,0.5030800179107833
arm5_distal_heavy,push_to_zone,nominal,23002,v2_no_mass,True,True,1.0,0.010851934432424604,0.010851934432424604,0.00027791434098662797,720,720,0,False,,2ebd5a46a509772b,0.6878024916092214,0.2258689070358905,26.443256740610256,0,0,0,0,True,True,30,5,25,165,0.0,0.6727272727272727,27,0.1829907016991682,1.0587395504992863,0.22712504407861173,0.4707430870358458
arm5_distal_heavy,push_to_zone,nominal,23003,v2_no_mass,True,True,1.0,0.02883335616159248,0.02883335616159248,7.80895359881322e-05,720,720,0,False,,2ebd5a46a509772b,0.770423922483428,0.23998138114589385,31.0697360810002,0,0,0,0,True,True,35,5,30,147,0.0,0.6462585034013606,25,0.15528292045578826,1.027174744515852,0.24163902792332922,0.5340427032524961
arm5_distal_heavy,push_to_zone,nominal,23004,v2_no_mass,True,True,1.0,0.011079734241594677,0.011079734241594677,0.0002539144184413358,720,720,0,False,,2ebd5a46a509772b,0.7769459474191742,0.23656279000870056,27.881546315732518,0,0,0,0,True,True,30,4,26,161,0.0,0.6770186335403726,26,0.1770593625605468,1.0701464270461205,0.23783896105867852,0.5442640357505808
arm5_distal_heavy,push_to_zone,nominal,23005,v2_no_mass,True,True,1.0,0.009424262793153374,0.009424262793153374,0.0002857858650680778,720,720,0,False,,2ebd5a46a509772b,0.7836961904320656,0.2362135634227517,26.206735580990514,0,0,0,0,True,True,30,5,25,173,0.0,0.6763005780346821,28,0.19914406233227486,1.0635048835333136,0.23685402258935923,0.5590760022436236
arm5_distal_heavy,push_to_zone,nominal,23006,v2_no_mass,True,True,1.0,0.007018574109964632,0.007018574109964632,0.0002632187486856275,720,720,0,False,,2ebd5a46a509772b,0.7507647268664326,0.2351049884853108,26.941603779331455,0,0,0,0,True,True,34,5,29,168,0.0,0.7023809523809523,29,0.19415776064919885,0.9597773325676073,0.23509190539780125,0.5313913575860281
arm5_distal_heavy,push_to_zone,nominal,23007,v2_no_mass,True,True,1.0,0.007843410389465592,0.007843410389465592,0.0002437134870253821,720,720,0,False,,2ebd5a46a509772b,0.8598482337596767,0.24486591054101953,28.624921817015768,0,0,0,0,True,True,28,4,24,160,0.0,0.6375,25,0.1868379613750335,1.0711834538992353,0.24597429192380058,0.6352896948889049
arm5_distal_heavy,push_to_zone,nominal,23008,v2_no_mass,False,False,0.6666666666666666,0.04034227081265409,0.04034227081265409,0.14073915634540604,720,473,0,True,stage_timeout,2ebd5a46a509772b,0.8805268686974645,0.25442145351264767,30.471806260680513,0,0,0,0,True,True,33,5,28,330,0.0,0.2515151515151515,24,0.1591152309276191,0.3778336543476564,0.2524642763315549,0.6208502754068714
arm5_distal_heavy,push_to_zone,nominal,23009,v2_no_mass,True,True,1.0,0.010726161983413116,0.010726161983413116,0.0002100295775107279,720,720,0,False,,2ebd5a46a509772b,0.770207472026629,0.2399569760516829,25.5263731528112,0,0,0,0,True,True,28,4,24,150,0.0,0.6533333333333333,24,0.17645426476628942,0.9217388680150921,0.2402080703002257,0.5558984553295754
arm5_distal_heavy,push_to_zone,nominal,23010,v2_no_mass,True,True,1.0,0.0208018035411057,0.0208018035411057,0.00021261050697082446,720,720,0,False,,2ebd5a46a509772b,0.8379517420343787,0.24203411109576664,26.835345340427146,0,0,0,0,True,True,34,5,29,159,0.0,0.610062893081761,24,0.1834726105354476,1.024844235944686,0.24408997748292016,0.6242821643064813
arm5_distal_heavy,push_to_zone,nominal,23011,v2_no_mass,True,True,1.0,0.011406592203898284,0.011406592203898284,0.0002464851050423164,720,720,0,False,,2ebd5a46a509772b,0.9799433680804988,0.26664963606232855,29.294840224779833,0,0,0,0,True,True,33,5,28,172,0.0,0.622093023255814,28,0.1988315305226689,1.0324345839823916,0.26591856270834063,0.7319260558683287
arm5_distal_heavy,push_to_zone,nominal,23012,v2_no_mass,True,True,1.0,0.007128569458570152,0.007128569458570152,0.00024231623369600871,720,720,0,False,,2ebd5a46a509772b,0.7766427835664529,0.23454962130032816,24.088420919085703,0,0,0,0,True,True,25,4,21,159,0.0,0.6352201257861635,24,0.19214444957167184,0.9830934364134829,0.23561875421530767,0.5735888845325365
arm5_distal_heavy,push_to_zone,nominal,23013,v2_no_mass,True,True,1.0,0.007025531695257723,0.007025531695257723,0.0002559443719325211,720,720,0,False,,2ebd5a46a509772b,0.7876298836419617,0.2387459155693181,28.31985614231545,0,0,0,0,True,True,33,5,28,163,0.0,0.6993865030674846,26,0.1905467706016926,1.0004329499936073,0.23919496355410033,0.5699846452418482
arm5_distal_heavy,push_to_zone,nominal,23014,v2_no_mass,True,True,1.0,0.014493809366066025,0.014493809366066025,0.00023521725129406202,720,720,0,False,,2ebd5a46a509772b,0.8024301955580073,0.24052443311733052,28.30133065212129,0,0,0,0,True,True,32,5,27,164,0.0,0.6890243902439024,29,0.18574137146744202,0.9789009492646633,0.24151562267708573,0.5637752060948835
arm5_distal_heavy,push_to_zone,nominal,23015,v2_no_mass,True,True,1.0,0.008774921450366445,0.008774921450366445,0.0002591977725040036,720,720,0,False,,2ebd5a46a509772b,0.8360413148022365,0.24660701707623245,25.58308735660087,0,0,0,0,True,True,34,5,29,165,0.0,0.7151515151515152,28,0.1889953287105124,1.0025563175049121,0.24692688985733488,0.6107760392692994
arm5_distal_heavy,push_to_zone,nominal,23016,v2_no_mass,True,True,1.0,0.0070417125379159265,0.0070417125379159265,0.000242890974910003,720,720,0,False,,2ebd5a46a509772b,0.8358859737154276,0.246239666032468,28.852177542502254,0,0,0,0,True,True,35,5,30,160,0.0,0.65,28,0.19553878893766144,0.9368705349023603,0.24664024413034882,0.6112327884725466
arm5_distal_heavy,push_to_zone,nominal,23017,v2_no_mass,True,True,1.0,0.019731980200530012,0.019731980200530012,0.00021618612606281372,720,720,0,False,,2ebd5a46a509772b,0.8303189740282604,0.2417964264339513,26.559762772851037,0,0,0,0,True,True,26,4,22,161,0.0,0.6459627329192547,26,0.17961036343632117,1.0321506190705887,0.24329709641213035,0.6040060504407556
arm5_distal_heavy,push_to_zone,nominal,23018,v2_no_mass,True,True,1.0,0.021512012110008534,0.021512012110008534,0.0001863001355061671,720,720,0,False,,2ebd5a46a509772b,0.8207344061566402,0.249408118622321,27.304226024014007,0,0,0,0,True,True,31,5,26,166,0.0,0.6144578313253012,24,0.18642910492976625,0.9808718271105316,0.24904242595106504,0.5875351885824767
arm5_distal_heavy,push_to_zone,nominal,23019,v2_no_mass,True,True,1.0,0.030010939045241807,0.030010939045241807,1.7240576815605325e-11,720,720,0,False,,2ebd5a46a509772b,0.8359533251863063,0.24893014343314893,30.517592993575704,0,0,0,0,True,True,29,4,25,157,0.0,0.6369426751592356,25,0.16072892390237634,0.957630517486117,0.24988970443456227,0.5911628896634378
arm5_distal_heavy,push_to_zone,nominal,23020,v2_no_mass,True,True,1.0,0.008337517334154082,0.008337517334154082,0.0001884456928118437,720,720,0,False,,2ebd5a46a509772b,0.8098853307500917,0.24568658469746263,28.44215415217902,0,0,0,0,True,True,26,4,22,157,0.0,0.6242038216560509,24,0.1867999378911475,0.93428196834487,0.24608777557743028,0.5832763540091976
arm5_distal_heavy,push_to_zone,nominal,23021,v2_no_mass,True,True,1.0,0.009255256339431087,0.009255256339431087,0.00026604287059852537,720,720,0,False,,2ebd5a46a509772b,0.827998948941155,0.24486432171457034,25.05370728901272,0,0,0,0,True,True,33,5,28,173,0.0,0.6647398843930635,28,0.19362254631660816,1.018047320518651,0.2450106235528113,0.6133635146748135
arm5_distal_heavy,push_to_zone,nominal,23022,v2_no_mass,True,True,1.0,0.007054827969703778,0.007054827969703778,0.0003106107793085182,720,720,0,False,,2ebd5a46a509772b,0.7624231198230307,0.2332853798564966,24.301559215972794,0,0,0,0,True,True,35,6,29,181,0.0,0.7403314917127072,32,0.20324800231933726,1.048049273309449,0.2338524762168669,0.567505703913076
arm5_distal_heavy,push_to_zone,nominal,23023,v2_no_mass,True,True,1.0,0.01640389937077697,0.01640389937077697,0.00016468423946071735,720,720,0,False,,2ebd5a46a509772b,0.9338032149514912,0.25552733369649144,30.094373409757655,0,0,0,0,True,True,28,5,23,154,0.0,0.5714285714285714,24,0.18485867922723548,0.880805793893759,0.2558879691651642,0.68798051814312
arm5_distal_heavy,push_to_zone,nominal,23024,v2_no_mass,True,True,1.0,0.02421918543013542,0.02421918543013542,1.460949359285447e-11,720,720,0,False,,2ebd5a46a509772b,0.8367709418644327,0.24642530020683895,29.324623275382432,0,0,0,0,True,True,32,5,27,163,0.006134969325153374,0.558282208588957,29,0.1766265882723313,0.8740496090596106,0.24737660312895793,0.5855755659393549
arm5_distal_heavy,push_to_zone,low_friction,23001,v2_no_mass,True,True,1.0,0.006003457082731891,0.006003457082731891,0.000665032910257765,720,720,0,False,,2ebd5a46a509772b,0.7619863846434534,0.23650923782583244,26.74943105724242,0,0,0,0,True,True,35,8,27,185,0.0,0.7081081081081081,26,0.1925396115705821,1.0604976170241842,0.2318165954248672,0.5494731820254035
arm5_distal_heavy,push_to_zone,low_friction,23002,v2_no_mass,True,True,1.0,0.02255204848003324,0.02255204848003324,0.00038576630215442903,720,720,0,False,,2ebd5a46a509772b,0.7175918280909928,0.2322539045168974,25.44813476284926,0,0,0,0,True,True,34,8,26,193,0.0,0.7979274611398963,28,0.17836889271530806,0.902918613336668,0.227801549174818,0.5195905836319512
arm5_distal_heavy,push_to_zone,low_friction,23003,v2_no_mass,True,True,1.0,0.010795225130304597,0.010795225130304597,0.0001701770581372391,720,720,0,False,,2ebd5a46a509772b,0.835108812191347,0.2510301465707021,31.999688343548893,0,0,0,0,True,True,32,9,23,147,0.0,0.6054421768707483,24,0.17877954429020443,0.7437065458693043,0.24927515225336425,0.6195032194514174
arm5_distal_heavy,push_to_zone,low_friction,23004,v2_no_mass,True,True,1.0,0.007390576111184899,0.007390576111184899,8.011715540042635e-05,720,720,0,False,,2ebd5a46a509772b,0.8535764629609559,0.2495161718126693,30.962494847730582,0,0,0,0,True,True,31,9,22,158,0.0,0.5949367088607594,23,0.1823723177882592,0.9077116901502278,0.24651237543674548,0.6224438670589096
arm5_distal_heavy,push_to_zone,low_friction,23005,v2_no_mass,True,True,1.0,0.014232108837439328,0.014232108837439328,0.0004005438895188342,720,720,0,False,,2ebd5a46a509772b,0.8307369075731885,0.24519097424712433,27.83137028770529,0,0,0,0,True,True,37,9,28,183,0.0,0.6885245901639344,28,0.20473599409601662,0.9476463475905755,0.24222579378057,0.6317101143607342
arm5_distal_heavy,push_to_zone,low_friction,23006,v2_no_mass,True,True,1.0,0.012816635821818079,0.012816635821818079,0.0002394356831715866,720,720,0,False,,2ebd5a46a509772b,0.8076701740945968,0.2454999109178414,30.0673477330771,0,0,0,0,True,True,33,8,25,167,0.0,0.592814371257485,32,0.18284474123844394,0.9368894547831305,0.24223392974308494,0.5925766766387541
arm5_distal_heavy,push_to_zone,low_friction,23007,v2_no_mass,True,True,1.0,0.020450292510441528,0.020450292510441528,2.0177550398673398e-06,720,720,0,False,,2ebd5a46a509772b,0.9300444823831533,0.2568269667256658,32.944723597953455,0,0,0,0,True,True,29,8,21,164,0.0,0.6280487804878049,28,0.17752846877074446,0.9422890309150245,0.25492921593186374,0.6916750113242958
arm5_distal_heavy,push_to_zone,low_friction,23008,v2_no_mass,True,True,1.0,0.011319456053671134,0.011319456053671134,4.8065241334258175e-05,720,720,0,False,,2ebd5a46a509772b,0.8826585378076157,0.25602306658676993,30.220518122372003,0,0,0,0,True,True,37,9,28,175,0.0,0.72,30,0.1861993115464768,1.0443219773356456,0.2546939379424179,0.6855094587100363
arm5_distal_heavy,push_to_zone,low_friction,23009,v2_no_mass,True,True,1.0,0.01882010686844748,0.01882010686844748,0.00011329445738549825,720,720,0,False,,2ebd5a46a509772b,0.836786267330635,0.2518138289442371,30.07208680107383,0,0,0,0,True,True,30,6,24,145,0.0,0.5517241379310345,21,0.16905795942643803,0.5321861344539329,0.24859373181758537,0.6159260559481701
arm5_distal_heavy,push_to_zone,low_friction,23010,v2_no_mass,True,True,1.0,0.007718133299693228,0.007718133299693228,0.0001057882896797613,720,720,0,False,,2ebd5a46a509772b,0.8658385552829471,0.24831911398534015,28.198286515773283,0,0,0,0,True,True,37,10,27,182,0.0,0.7252747252747253,26,0.1997020999497462,1.0207654545792735,0.24526648637048773,0.6674353408574065
arm5_distal_heavy,push_to_zone,low_friction,23011,v2_no_mass,True,True,1.0,0.0069775005756883245,0.0069775005756883245,0.0008087287576026794,720,720,0,False,,2ebd5a46a509772b,0.9562852766108458,0.26423167153870103,29.58732923588277,0,0,0,0,True,True,55,9,46,160,0.0,0.725,25,0.18673323818941667,0.9575422212440525,0.26446095867060976,0.7695098080771872
arm5_distal_heavy,push_to_zone,low_friction,23012,v2_no_mass,True,True,1.0,0.011975163440587338,0.011975163440587338,0.0006086350709181602,720,720,0,False,,2ebd5a46a509772b,0.8119800642237318,0.24216647867461608,25.18646082598767,0,0,0,0,True,True,33,8,25,179,0.0,0.7486033519553073,28,0.19183603729081727,0.9490216531333582,0.2386599494443924,0.6095067820916173
arm5_distal_heavy,push_to_zone,low_friction,23013,v2_no_mass,True,True,1.0,0.01178110716777088,0.01178110716777088,0.0004861203427194583,720,720,0,False,,2ebd5a46a509772b,0.8368158938677928,0.24808383788591962,30.70226900650115,0,0,0,0,True,True,34,8,26,176,0.0,0.6590909090909091,30,0.18629013458686647,1.0201500147336078,0.24509723676309528,0.6250990566798915
arm5_distal_heavy,push_to_zone,low_friction,23014,v2_no_mass,True,True,1.0,0.01917999267006515,0.01917999267006515,1.0958036130654882e-05,720,720,0,False,,2ebd5a46a509772b,0.8758076452023975,0.25307210676282677,32.762423365983686,0,0,0,0,True,True,36,9,27,181,0.0,0.5966850828729282,29,0.19311173590477365,1.014762859674829,0.25017063202416917,0.6510919128315114
arm5_distal_heavy,push_to_zone,low_friction,23015,v2_no_mass,True,True,1.0,0.014157335663648216,0.014157335663648216,0.0006728363547786826,720,720,0,False,,2ebd5a46a509772b,0.8842297737545395,0.2553752655051139,29.524328010900554,0,0,0,0,True,True,29,6,23,158,0.0,0.5822784810126582,22,0.17962879731532774,0.8766615575455576,0.2534406012422189,0.6648474770015995
arm5_distal_heavy,push_to_zone,low_friction,23016,v2_no_mass,True,True,1.0,0.007087240639586306,0.007087240639586306,0.00018393836774167367,720,720,0,False,,2ebd5a46a509772b,0.8754040367388061,0.25341208170812574,29.41338214443106,0,0,0,0,True,True,39,9,30,168,0.0,0.6785714285714286,29,0.20030568118491177,0.8322991670398404,0.2514938973624628,0.6698854082568704
arm5_distal_heavy,push_to_zone,low_friction,23017,v2_no_mass,True,True,1.0,0.014938922536797171,0.014938922536797171,0.0008666009647254679,720,720,0,False,,2ebd5a46a509772b,0.8613530893082182,0.24839918171599887,26.402184772886933,0,0,0,0,True,True,30,9,21,180,0.0,0.7444444444444445,26,0.18934291200930575,1.0264525287777326,0.24567618921270518,0.652203962713108
arm5_distal_heavy,push_to_zone,low_friction,23018,v2_no_mass,True,True,1.0,0.00891432319734435,0.00891432319734435,0.0003651469249246792,720,720,0,False,,2ebd5a46a509772b,0.8149889142092728,0.24995781820074217,27.230663281258114,0,0,0,0,True,True,50,11,39,186,0.0,0.7043010752688172,27,0.2100483941542231,0.9742891438702429,0.24876170577700216,0.6544911258243906
arm5_distal_heavy,push_to_zone,low_friction,23019,v2_no_mass,True,True,1.0,0.012735823333854045,0.012735823333854045,0.00012599951754912848,720,720,0,False,,2ebd5a46a509772b,0.8545562420826056,0.25300205836366096,29.248009692245798,0,0,0,0,True,True,32,6,26,166,0.0,0.6927710843373494,26,0.1833024416688669,0.9560377771428276,0.2513642626133892,0.6538055836126766
arm5_distal_heavy,push_to_zone,low_friction,23020,v2_no_mass,True,True,1.0,0.006785075765267745,0.006785075765267745,0.00011838095511879235,720,720,0,False,,2ebd5a46a509772b,0.8330086077463985,0.250796223931558,29.509364396508136,0,0,0,0,True,True,32,10,22,176,0.0,0.6647727272727273,29,0.19622899916836647,1.0062345037201221,0.24853003899656984,0.6291557267635639
arm5_distal_heavy,push_to_zone,low_friction,23021,v2_no_mass,True,True,1.0,0.006240186968443741,0.006240186968443741,0.0006191994881870193,720,720,0,False,,2ebd5a46a509772b,0.8516272550243389,0.2506657211442718,27.84146389965446,0,0,0,0,True,True,30,7,23,173,0.0,0.653179190751445,30,0.18735305390910795,0.9629185905739793,0.24838787276433458,0.6626103635693488
arm5_distal_heavy,push_to_zone,low_friction,23022,v2_no_mass,True,True,1.0,0.006493751911482557,0.006493751911482557,0.0008525875485323516,720,720,0,False,,2ebd5a46a509772b,0.8066976494418752,0.24241025258467624,27.742245795339006,0,0,0,0,True,True,30,8,22,196,0.0,0.7448979591836735,30,0.20807925001521296,1.1200976691426732,0.23935140433108287,0.6336213081601061
arm5_distal_heavy,push_to_zone,low_friction,23023,v2_no_mass,True,True,1.0,0.006432415730430912,0.006432415730430912,0.000106337486903686,720,720,0,False,,2ebd5a46a509772b,0.9523588449184337,0.2597034300254281,30.634491695219467,0,0,0,0,True,True,46,9,37,169,0.0,0.7159763313609467,27,0.18986087246816363,1.05882412430149,0.25846553248833337,0.737091892568912
arm5_distal_heavy,push_to_zone,low_friction,23024,v2_no_mass,True,True,1.0,0.00619168189303182,0.00619168189303182,5.6934595589120666e-05,720,720,0,False,,2ebd5a46a509772b,0.8287805614328985,0.2470000013432986,27.519608765351567,0,0,0,0,True,True,34,11,23,175,0.0,0.6914285714285714,31,0.19100346405743535,1.004207975257523,0.24435705459130116,0.6229985726819609
arm5_distal_heavy,push_to_zone,latency_load,23001,v2_no_mass,True,True,1.0,0.0055769379573361744,0.0055769379573361744,0.0011711962430910382,720,720,0,False,,2ebd5a46a509772b,0.8464307850374078,0.24925982446788658,35.80877937448237,0,0,0,0,True,True,40,8,32,174,0.0,0.6609195402298851,28,0.20148926850191215,0.9627256262082983,0.24639383629223796,0.6635187644232623
arm5_distal_heavy,push_to_zone,latency_load,23002,v2_no_mass,True,True,1.0,0.016100313348939778,0.016100313348939778,0.000437164366657935,720,720,0,False,,2ebd5a46a509772b,0.8094841729968851,0.2461236452631418,34.77076502215877,0,0,0,0,True,True,41,9,32,199,0.0,0.7487437185929648,33,0.1984425149017525,0.9985933946749633,0.24356460943068417,0.6348212672381734
arm5_distal_heavy,push_to_zone,latency_load,23003,v2_no_mass,True,True,1.0,0.008816557796080248,0.008816557796080248,1.2425014448665485e-05,720,720,0,False,,2ebd5a46a509772b,0.9187221368538994,0.26169953113180333,42.81402554159496,0,0,0,0,True,True,56,11,45,160,0.0,0.6625,22,0.1755566377861879,1.1061827572634089,0.261665426341992,0.7362737977962461
arm5_distal_heavy,push_to_zone,latency_load,23004,v2_no_mass,True,True,1.0,0.01745700258417734,0.01745700258417734,0.00019534071227582516,720,720,0,False,,2ebd5a46a509772b,0.9270932944487595,0.2591779471198132,38.228713729774306,0,0,0,0,True,True,60,12,48,171,0.0,0.6666666666666666,30,0.1764797494219124,0.9510288994633861,0.25826139745170934,0.727895643940085
arm5_distal_heavy,push_to_zone,latency_load,23005,v2_no_mass,True,True,1.0,0.018207289065553283,0.018207289065553283,4.013002982428216e-05,720,720,0,False,,2ebd5a46a509772b,0.9002366140374765,0.2547780689303567,35.063209847594266,0,0,0,0,True,True,55,7,48,184,0.0,0.6793478260869565,33,0.1968033145719826,0.9714926872496917,0.25389259394311053,0.7371756908036193
arm5_distal_heavy,push_to_zone,latency_load,23006,v2_no_mass,True,True,1.0,0.009062784446918005,0.009062784446918005,0.00045010233698933056,720,720,0,False,,2ebd5a46a509772b,0.8736683641212002,0.2546613384455597,37.258404872686974,0,0,0,0,True,True,55,8,47,183,0.0,0.6939890710382514,29,0.1898783494439833,1.0670256261908557,0.2534283153445033,0.6994505880082755
arm5_distal_heavy,push_to_zone,latency_load,23007,v2_no_mass,True,True,1.0,0.006734982749545248,0.006734982749545248,7.689981870072115e-05,720,720,0,False,,2ebd5a46a509772b,0.9775604313067554,0.2625373358765078,38.75808908271747,0,0,0,0,True,True,59,7,52,163,0.0,0.6932515337423313,25,0.18214753217590837,1.04417523601872,0.26215566411712077,0.7918274846104261
arm5_distal_heavy,push_to_zone,latency_load,23008,v2_no_mass,True,True,1.0,0.01974031190052971,0.01974031190052971,6.302024108028193e-05,720,720,0,False,,2ebd5a46a509772b,0.9405092277224982,0.26311864502950433,36.678117674463984,0,0,0,0,True,True,60,8,52,170,0.0,0.7058823529411765,28,0.17424491783122684,0.9181219051004157,0.2649287130158235,0.7789490593894279
arm5_distal_heavy,push_to_zone,latency_load,23009,v2_no_mass,True,True,1.0,0.009883068603230339,0.009883068603230339,0.00029768839707338985,720,720,0,False,,2ebd5a46a509772b,0.8833906524027446,0.2579915549604151,37.38356447721739,0,0,0,0,True,True,52,9,43,164,0.0,0.7012195121951219,25,0.17950474758695695,0.935660287971407,0.258279370558831,0.7092286483829771
arm5_distal_heavy,push_to_zone,latency_load,23010,v2_no_mass,True,True,1.0,0.014650357300656319,0.014650357300656319,0.0004057975014283587,720,720,0,False,,2ebd5a46a509772b,0.9399314929304676,0.25856548966056364,35.97768802363714,0,0,0,0,True,True,48,5,43,175,0.0,0.68,28,0.19182497416041544,1.0023034357738616,0.2580295898216179,0.7670366290612836
arm5_distal_heavy,push_to_zone,latency_load,23011,v2_no_mass,True,True,1.0,0.007283513516414513,0.007283513516414513,0.0008982051266380427,720,720,0,False,,2ebd5a46a509772b,1.0339409926684004,0.2734259340693886,39.37111594107253,0,0,0,0,True,True,57,7,50,168,0.0,0.6666666666666666,25,0.18640462205787606,0.9701642765940888,0.27590768404369953,0.864217640312614
arm5_distal_heavy,push_to_zone,latency_load,23012,v2_no_mass,True,True,1.0,0.011700315949372363,0.011700315949372363,5.467399116494834e-05,720,720,0,False,,2ebd5a46a509772b,0.8880218699249884,0.2533808006402058,35.22401035259092,0,0,0,0,True,True,40,7,33,187,0.0,0.6844919786096256,32,0.19589575301101025,1.0287182198218312,0.25176560014684723,0.7144474736325943
arm5_distal_heavy,push_to_zone,latency_load,23013,v2_no_mass,True,True,1.0,0.006022111196979805,0.006022111196979805,6.696868198477692e-05,720,720,0,False,,2ebd5a46a509772b,0.9055687987937571,0.25739413583524245,37.835504175846395,0,0,0,0,True,True,51,7,44,176,0.0,0.6704545454545454,27,0.19728292401922748,0.9788103124279727,0.25701391292107156,0.733498072175657
arm5_distal_heavy,push_to_zone,latency_load,23014,v2_no_mass,True,True,1.0,0.01709255088677818,0.01709255088677818,4.476204240452532e-05,720,720,0,False,,2ebd5a46a509772b,0.9325327958279708,0.2602537831627881,39.70709100851593,0,0,0,0,True,True,53,10,43,194,0.0,0.7010309278350515,30,0.19125651358645565,1.02874332309184,0.2599964677378392,0.7573962022312659
arm5_distal_heavy,push_to_zone,latency_load,23015,v2_no_mass,True,True,1.0,0.011797121388264992,0.011797121388264992,2.4661001838438093e-05,720,720,0,False,,2ebd5a46a509772b,0.9441905865609366,0.26315928807811123,36.905593425949505,0,0,0,0,True,True,37,8,29,171,0.0,0.672514619883041,26,0.1826676260469085,1.0707905188609785,0.2636920157234158,0.7570781555162811
arm5_distal_heavy,push_to_zone,latency_load,23016,v2_no_mass,True,True,1.0,0.01565945901530044,0.01565945901530044,0.0002699951874039402,720,720,0,False,,2ebd5a46a509772b,0.9452990340186134,0.2621056846922543,36.94945375592935,0,0,0,0,True,True,60,9,51,172,0.0,0.7034883720930233,25,0.18562541951978392,0.8823096281318502,0.26239180854419314,0.7784632487871135
arm5_distal_heavy,push_to_zone,latency_load,23017,v2_no_mass,True,True,1.0,0.00770623946653638,0.00770623946653638,0.0017780495286692534,720,720,0,False,,2ebd5a46a509772b,0.9455336932376719,0.2599080249759832,36.9330641556459,0,0,0,0,True,True,52,9,43,175,0.0,0.6514285714285715,27,0.19460675093969937,0.9687388396067167,0.2587209710656315,0.7572838052023685
arm5_distal_heavy,push_to_zone,latency_load,23018,v2_no_mass,True,True,1.0,0.021137079958897135,0.021137079958897135,0.00018926416836062573,720,720,0,False,,2ebd5a46a509772b,0.8882017269070865,0.2598632312051472,38.37124317108491,0,0,0,0,True,True,62,9,53,180,0.0,0.6277777777777778,28,0.18839104126856293,0.937556089056237,0.2600560619366774,0.7316875051539249
arm5_distal_heavy,push_to_zone,latency_load,23019,v2_no_mass,True,True,1.0,0.010810176471836035,0.010810176471836035,3.9623167394817906e-05,720,720,0,False,,2ebd5a46a509772b,0.9379754016343678,0.263777935643304,39.32319327747157,0,0,0,0,True,True,40,7,33,162,0.0,0.6728395061728395,22,0.17812837489133046,0.9153173603056526,0.2642036668906064,0.7544931959969867
arm5_distal_heavy,push_to_zone,latency_load,23020,v2_no_mass,True,True,1.0,0.0098964559703507,0.0098964559703507,0.00016166054242543223,720,720,0,False,,2ebd5a46a509772b,0.8880376781096364,0.25809311514015126,36.25885784017442,0,0,0,0,True,True,53,13,40,167,0.0,0.6826347305389222,26,0.18395872516413264,0.9573281636301166,0.25897186623826873,0.7244117373297421
arm5_distal_heavy,push_to_zone,latency_load,23021,v2_no_mass,True,True,1.0,0.011424835494762994,0.011424835494762994,0.001018487977589547,720,720,0,False,,2ebd5a46a509772b,0.9255189695857786,0.26108687307279616,36.30535146686659,0,0,0,0,True,True,35,6,29,176,0.0,0.7159090909090909,27,0.18969217289060852,0.9939140500525709,0.2611993731826155,0.7506992535581389
arm5_distal_heavy,push_to_zone,latency_load,23022,v2_no_mass,True,True,1.0,0.024825458256922256,0.024825458256922256,0.001234157756727694,720,720,0,False,,2ebd5a46a509772b,0.8526835504438144,0.24910720069011716,33.623543843553605,0,0,0,0,True,True,46,6,40,198,0.0,0.7525252525252525,33,0.1919331996870088,0.9036917437000033,0.2480111429172809,0.7247974655619749
arm5_distal_heavy,push_to_zone,latency_load,23023,v2_no_mass,True,True,1.0,0.008123053468372964,0.008123053468372964,0.00022668752252463057,720,720,0,False,,2ebd5a46a509772b,1.04074488325787,0.27049250646391093,41.82727085328946,0,0,0,0,True,True,50,7,43,159,0.0,0.6477987421383647,24,0.17823239199456012,0.9240050479963318,0.27040117657129303,0.8407902972779335
arm5_distal_heavy,push_to_zone,latency_load,23024,v2_no_mass,True,True,1.0,0.009982453583873013,0.009982453583873013,0.0003870388747456875,720,720,0,False,,2ebd5a46a509772b,0.9216170547325526,0.25986806317593386,37.637754327201165,0,0,0,0,True,True,43,8,35,177,0.0,0.6214689265536724,28,0.19672355953457074,0.9587289434843697,0.25911706566012255,0.7423148958908308
arm5_distal_heavy,push_to_zone,severe,23001,v2_no_mass,False,False,0.0,0.24198874446791643,0.24198874446791643,2.715940721615333e-08,720,135,0,True,stage_timeout,2ebd5a46a509772b,0.7217374377833647,0.2793213078784025,60.00861048481514,0,0,0,0,False,False,7,7,0,0,0.0,0.0,0,0.0,0.0,nan,nan
arm5_distal_heavy,push_to_zone,severe,23002,v2_no_mass,False,False,0.0,0.2404436542954395,0.2404436542954395,2.088923198600243e-08,720,135,0,True,stage_timeout,2ebd5a46a509772b,0.7003259196727472,0.272315711675011,60.457454633990174,0,0,0,0,False,False,16,13,3,0,0.0,0.0,0,0.0,0.0,nan,nan
arm5_distal_heavy,push_to_zone,severe,23003,v2_no_mass,False,False,0.0,0.235501152811066,0.235501152811066,4.4338276526562026e-11,720,135,0,True,stage_timeout,2ebd5a46a509772b,0.7955343037539477,0.27657181310563694,81.08558654292356,0,0,0,0,False,False,0,0,0,0,0.0,0.0,0,0.0,0.0,nan,nan
arm5_distal_heavy,push_to_zone,severe,23004,v2_no_mass,False,False,0.0,0.2314998120145349,0.2314998120145349,4.5389176976043986e-08,720,135,0,True,stage_timeout,2ebd5a46a509772b,0.8059928236346403,0.279632986189728,73.4060824846544,0,0,0,0,False,False,2,2,0,0,0.0,0.0,0,0.0,0.0,nan,nan
arm5_distal_heavy,push_to_zone,severe,23005,v2_no_mass,False,False,0.0,0.24029338752542742,0.24029338752542742,3.983946656903625e-11,720,135,0,True,stage_timeout,2ebd5a46a509772b,0.7822083909020292,0.2760170708774789,74.51735994639978,0,0,0,0,False,False,1,1,0,0,0.0,0.0,0,0.0,0.0,nan,nan
arm5_distal_heavy,push_to_zone,severe,23006,v2_no_mass,False,False,0.0,0.24188341690214135,0.24188341690214135,6.947671922200958e-08,720,135,0,True,stage_timeout,2ebd5a46a509772b,0.7533939011523665,0.27470878596737786,69.37344641206938,0,0,0,0,False,False,3,3,0,0,0.0,0.0,0,0.0,0.0,nan,nan
arm5_distal_heavy,push_to_zone,severe,23007,v2_no_mass,False,False,0.0,0.26391159282796023,0.26391159282796023,7.722207972865154e-08,720,135,0,True,stage_timeout,2ebd5a46a509772b,0.8658304185762027,0.2835942807000164,77.25718739846856,0,0,0,0,False,False,2,2,0,0,0.0,0.0,0,0.0,0.0,nan,nan
arm5_distal_heavy,push_to_zone,severe,23008,v2_no_mass,False,False,0.0,0.2695317788957415,0.2695317788957415,5.11220392328333e-08,720,135,0,True,stage_timeout,2ebd5a46a509772b,0.8361427712850715,0.282041495587509,79.41300976297498,0,0,0,0,False,False,1,1,0,0,0.0,0.0,0,0.0,0.0,nan,nan
arm5_distal_heavy,push_to_zone,severe,23009,v2_no_mass,False,False,0.0,0.2542574323183862,0.2542574323183862,5.252419683149381e-08,720,135,0,True,stage_timeout,2ebd5a46a509772b,0.7629926860938596,0.277477184353766,75.0186204662012,0,0,0,0,False,False,2,2,0,0,0.0,0.0,0,0.0,0.0,nan,nan
arm5_distal_heavy,push_to_zone,severe,23010,v2_no_mass,False,False,0.0,0.24134393090846024,0.24134393090846024,6.039499612263512e-08,720,135,0,True,stage_timeout,2ebd5a46a509772b,0.8197577410426238,0.2800120055711142,73.06944779179754,0,0,0,0,False,False,2,2,0,0,0.0,0.0,0,0.0,0.0,nan,nan
arm5_distal_heavy,push_to_zone,severe,23011,v2_no_mass,False,False,0.0,0.25213959389161605,0.25213959389161605,1.305154954964052e-07,720,135,0,True,stage_timeout,2ebd5a46a509772b,0.898480212952059,0.28798589261692986,81.08954407504518,0,0,0,0,False,False,0,0,0,0,0.0,0.0,0,0.0,0.0,nan,nan
arm5_distal_heavy,push_to_zone,severe,23012,v2_no_mass,False,False,0.0,0.2402495265035234,0.2402495265035234,2.2362573757681714e-08,720,135,0,True,stage_timeout,2ebd5a46a509772b,0.7619665234746149,0.27621010945990493,66.49410145002487,0,0,0,0,False,False,5,5,0,0,0.0,0.0,0,0.0,0.0,nan,nan
arm5_distal_heavy,push_to_zone,severe,23013,v2_no_mass,False,False,0.0,0.2439553125496605,0.2439553125496605,2.0785544212770368e-07,720,135,0,True,stage_timeout,2ebd5a46a509772b,0.7933731851574723,0.2768476616530687,76.72268046836425,0,0,0,0,False,False,0,0,0,0,0.0,0.0,0,0.0,0.0,nan,nan
arm5_distal_heavy,push_to_zone,severe,23014,v2_no_mass,False,False,0.0,0.2747723644933928,0.2747723644933928,2.6710156503096716e-11,720,135,0,True,stage_timeout,2ebd5a46a509772b,0.813067995854365,0.2787615989557604,74.78059795148548,0,0,0,0,False,False,2,2,0,0,0.0,0.0,0,0.0,0.0,nan,nan
arm5_distal_heavy,push_to_zone,severe,23015,v2_no_mass,False,False,0.0,0.23269480625967187,0.23269480625967187,3.247459313208027e-11,720,135,0,True,stage_timeout,2ebd5a46a509772b,0.809522343870889,0.281331622859597,73.35962093780587,0,0,0,0,False,False,1,1,0,0,0.0,0.0,0,0.0,0.0,nan,nan
arm5_distal_heavy,push_to_zone,severe,23016,v2_no_mass,False,False,0.0,0.24283052590690254,0.24283052590690254,6.166169198648017e-08,720,135,0,True,stage_timeout,2ebd5a46a509772b,0.8318132795943396,0.2812888493923388,77.89270401878913,0,0,0,0,False,False,1,1,0,0,0.0,0.0,0,0.0,0.0,nan,nan
arm5_distal_heavy,push_to_zone,severe,23017,v2_no_mass,False,False,0.0,0.24018886195349748,0.24018886195349748,5.419721473798065e-11,720,135,0,True,stage_timeout,2ebd5a46a509772b,0.8094542078754037,0.28005179286833776,73.14905811572646,0,0,0,0,False,False,1,1,0,0,0.0,0.0,0,0.0,0.0,nan,nan
arm5_distal_heavy,push_to_zone,severe,23018,v2_no_mass,False,False,0.0,0.2523391256192043,0.2523391256192043,1.3754985210489778e-07,720,135,0,True,stage_timeout,2ebd5a46a509772b,0.7567773957926796,0.27608819095091,70.68142309400028,0,0,0,0,False,False,2,2,0,0,0.0,0.0,0,0.0,0.0,nan,nan
arm5_distal_heavy,push_to_zone,severe,23019,v2_no_mass,False,False,0.0,0.2621352555860778,0.2621352555860778,1.6742906619842544e-11,720,135,0,True,stage_timeout,2ebd5a46a509772b,0.8185425349987923,0.2823160528866481,74.2707481427532,0,0,0,0,False,False,1,1,0,0,0.0,0.0,0,0.0,0.0,nan,nan
arm5_distal_heavy,push_to_zone,severe,23020,v2_no_mass,False,False,0.0,0.24516868503774442,0.24516868503774442,2.985949731140999e-09,720,135,0,True,stage_timeout,2ebd5a46a509772b,0.7697265177974839,0.2763996265062228,77.90164500268227,0,0,0,0,False,False,0,0,0,0,0.0,0.0,0,0.0,0.0,nan,nan
arm5_distal_heavy,push_to_zone,severe,23021,v2_no_mass,False,False,0.0,0.2577730195972029,0.2577730195972029,3.405858555654155e-08,720,135,0,True,stage_timeout,2ebd5a46a509772b,0.8034181473621183,0.28063870628316917,73.22986691325822,0,0,0,0,False,False,2,2,0,0,0.0,0.0,0,0.0,0.0,nan,nan
arm5_distal_heavy,push_to_zone,severe,23022,v2_no_mass,False,False,0.0,0.249253228592116,0.249253228592116,6.558293506093138e-11,720,135,0,True,stage_timeout,2ebd5a46a509772b,0.7635444137560592,0.2755706446917761,68.31807582094471,0,0,0,0,False,False,3,3,0,0,0.0,0.0,0,0.0,0.0,nan,nan
arm5_distal_heavy,push_to_zone,severe,23023,v2_no_mass,False,False,0.0,0.25173324426418076,0.25173324426418076,0.09796686665908173,720,135,0,True,stage_timeout,2ebd5a46a509772b,0.8958049420216521,0.28777660777796255,78.19028751076686,0,0,0,0,False,False,1,1,0,0,0.0,0.0,0,0.0,0.0,nan,nan
arm5_distal_heavy,push_to_zone,severe,23024,v2_no_mass,False,False,0.0,0.2601640766005349,0.2601640766005349,2.8938325639267513e-11,720,135,0,True,stage_timeout,2ebd5a46a509772b,0.790181384329494,0.2811279309430706,66.44613051746356,0,0,0,0,False,False,4,4,0,0,0.0,0.0,0,0.0,0.0,nan,nan
arm5_weak_actuator,push_to_zone,nominal,23001,v2_no_mass,True,True,1.0,0.007150635150157284,0.007150635150157284,0.0004646268447211884,720,720,0,False,,2ebd5a46a509772b,0.4387925100635308,0.18777040369125078,17.923007770401078,0,0,0,0,True,True,39,5,34,183,0.0,0.8087431693989071,23,0.1727360243442714,0.9107751446724814,0.1859383091368702,0.16318173576464146
arm5_weak_actuator,push_to_zone,nominal,23002,v2_no_mass,True,True,1.0,0.007394918566569731,0.007394918566569731,0.00053993938195358,720,720,0,False,,2ebd5a46a509772b,0.38312578933226993,0.1832150197438693,18.583256464643377,0,0,0,0,True,True,36,5,31,197,0.0,0.8477157360406091,20,0.16859668585807172,0.952121597952189,0.18021492021001423,0.08146446161397103
arm5_weak_actuator,push_to_zone,nominal,23003,v2_no_mass,True,True,1.0,0.013216186627037605,0.013216186627037605,0.00036144414903102677,720,720,0,False,,2ebd5a46a509772b,0.33210313076927855,0.17812174100859962,19.86625395772272,0,0,0,0,True,True,15,0,15,153,0.0,0.8627450980392157,19,0.1505827814925098,0.6848608835386638,0.1668317455076814,0.03546468179814566
arm5_weak_actuator,push_to_zone,nominal,23004,v2_no_mass,True,True,1.0,0.00809019625710915,0.00809019625710915,0.00031497335924770094,720,720,0,False,,2ebd5a46a509772b,0.4388802496492237,0.18977817506724318,20.493868450725103,0,0,0,0,True,True,15,0,15,172,0.0,0.75,21,0.1675472134106216,0.969785683996675,0.18414394998349917,0.12317215779861224
arm5_weak_actuator,push_to_zone,nominal,23005,v2_no_mass,True,True,1.0,0.014903790638228864,0.014903790638228864,0.0004784525077954238,720,720,0,False,,2ebd5a46a509772b,0.45750054699360243,0.1897407821944449,19.05158158172483,0,0,0,0,True,True,32,5,27,200,0.0,0.82,26,0.17325298386319257,0.862585491022631,0.1883056178419211,0.18700252961626251
arm5_weak_actuator,push_to_zone,nominal,23006,v2_no_mass,True,True,1.0,0.011836366800850021,0.011836366800850021,0.00044754798917202946,720,720,0,False,,2ebd5a46a509772b,0.40991292938390034,0.18632429295665617,18.76618625652707,0,0,0,0,True,True,25,2,23,189,0.0,0.8571428571428571,18,0.1694842428256227,0.8142373807404425,0.18410733845211324,0.12587094992041203
arm5_weak_actuator,push_to_zone,nominal,23007,v2_no_mass,True,True,1.0,0.031247139698241975,0.031247139698241975,0.00021758310016758913,720,720,0,False,,2ebd5a46a509772b,0.4960146907407408,0.1931276198143889,21.875044275942834,0,0,0,0,True,True,28,3,25,152,0.006578947368421052,0.6842105263157895,24,0.14501518133769398,0.9036925351690379,0.19336903573755906,0.2113448158917115
arm5_weak_actuator,push_to_zone,nominal,23008,v2_no_mass,True,True,1.0,0.007796254608583064,0.007796254608583064,0.0003786842830058955,720,720,0,False,,2ebd5a46a509772b,0.4751381703508306,0.19501298450800153,20.50546739776029,0,0,0,0,True,True,29,3,26,179,0.0,0.8268156424581006,22,0.1706939264471499,0.8216716398822503,0.1945223236840149,0.22625580809345003
arm5_weak_actuator,push_to_zone,nominal,23009,v2_no_mass,True,True,1.0,0.011845882078458079,0.011845882078458079,0.0003368395555952788,720,720,0,False,,2ebd5a46a509772b,0.4360353096898444,0.19064016790098398,18.22868260641767,0,0,0,0,True,True,15,0,15,168,0.0,0.875,15,0.16251535123053823,0.8388336379372038,0.18904470400696066,0.1935656110047499
arm5_weak_actuator,push_to_zone,nominal,23010,v2_no_mass,True,True,1.0,0.01127151051172079,0.01127151051172079,0.000458404027574873,720,720,0,False,,2ebd5a46a509772b,0.5076199388153917,0.193724075202273,18.135242739784296,0,0,0,0,True,True,27,4,23,196,0.0,0.8418367346938775,22,0.1738245907959561,0.778683498044525,0.19292546481181616,0.26869158904002166
arm5_weak_actuator,push_to_zone,nominal,23011,v2_no_mass,True,True,1.0,0.007610781307828909,0.007610781307828909,0.000261335164303066,720,720,0,False,,2ebd5a46a509772b,0.5585971799962377,0.2051424494770531,21.840122908506597,0,0,0,0,True,True,24,2,22,146,0.0,0.6712328767123288,23,0.16965048990076667,0.8987722998511696,0.20597138888147282,0.32191467543283814
arm5_weak_actuator,push_to_zone,nominal,23012,v2_no_mass,True,True,1.0,0.012176603278729357,0.012176603278729357,0.0004471898415185706,720,720,0,False,,2ebd5a46a509772b,0.5043369197226508,0.19466839998917154,17.87173142804425,0,0,0,0,True,True,26,4,22,198,0.0,0.8131313131313131,26,0.17543016958159607,0.9325135215673482,0.19392119470916178,0.25697487354227544
arm5_weak_actuator,push_to_zone,nominal,23013,v2_no_mass,True,True,1.0,0.010392748409540001,0.010392748409540001,0.00045622467814440156,720,720,0,False,,2ebd5a46a509772b,0.4294545531866558,0.18714025696233821,19.731033196168447,0,0,0,0,True,True,32,4,28,192,0.0,0.8072916666666666,22,0.16996207300063526,0.8412312698996813,0.18521633668991788,0.15352000090560036
arm5_weak_actuator,push_to_zone,nominal,23014,v2_no_mass,True,True,1.0,0.009829894672826035,0.009829894672826035,0.00046624019898933454,720,720,0,False,,2ebd5a46a509772b,0.43514979898077355,0.18826179752996466,20.230576061761386,0,0,0,0,True,True,36,5,31,194,0.0,0.8556701030927835,20,0.17170772795439668,0.9606292923864108,0.18669032143434333,0.15688476406216267
arm5_weak_actuator,push_to_zone,nominal,23015,v2_no_mass,True,True,1.0,0.010853453265003428,0.010853453265003428,0.00034932942179565635,720,720,0,False,,2ebd5a46a509772b,0.5028481740895319,0.19790326486484278,18.598445818673223,0,0,0,0,True,True,19,1,18,178,0.0,0.8539325842696629,19,0.17224784769592907,0.9086205034560253,0.19762532578311404,0.255476418986913
arm5_weak_actuator,push_to_zone,nominal,23016,v2_no_mass,True,True,1.0,0.010390820902674803,0.010390820902674803,0.0003558823308280077,720,720,0,False,,2ebd5a46a509772b,0.45932304192502826,0.19297845212297712,21.182988392456114,0,0,0,0,True,True,39,5,34,166,0.0,0.7228915662650602,24,0.1684474740463684,0.84470045066198,0.19231972617950852,0.18223127697612806
arm5_weak_actuator,push_to_zone,nominal,23017,v2_no_mass,True,True,1.0,0.008156954875567154,0.008156954875567154,0.00039531636480773463,720,720,0,False,,2ebd5a46a509772b,0.5132450376661235,0.19633014066049997,18.680393854661375,0,0,0,0,True,True,30,4,26,181,0.0,0.7955801104972375,19,0.17560489054054063,0.8083644310783579,0.19595180925406824,0.2533284862602465
arm5_weak_actuator,push_to_zone,nominal,23018,v2_no_mass,True,True,1.0,0.029264693542354222,0.029264693542354222,0.0002658490885950067,720,720,0,False,,2ebd5a46a509772b,0.48105176895167023,0.19874505974342033,20.358269196843658,0,0,0,0,True,True,32,5,27,165,0.0,0.7090909090909091,27,0.15602897188019865,0.9321452408780171,0.19936419375161016,0.2500077181839955
arm5_weak_actuator,push_to_zone,nominal,23019,v2_no_mass,True,True,1.0,0.008287361784501113,0.008287361784501113,0.0003360498075347956,720,720,0,False,,2ebd5a46a509772b,0.4409992467828556,0.19188154243397954,20.36590313342957,0,0,0,0,True,True,15,0,15,179,0.0,0.7932960893854749,23,0.17072965129733095,0.9469806809257358,0.19105407191899104,0.16869345451328988
arm5_weak_actuator,push_to_zone,nominal,23020,v2_no_mass,True,True,1.0,0.006923398111900549,0.006923398111900549,0.0003479594369818204,720,720,0,False,,2ebd5a46a509772b,0.45680140222062393,0.19356766152491567,19.96644851355203,0,0,0,0,True,True,31,4,27,170,0.0,0.7411764705882353,27,0.1719946343463099,1.0031787178367273,0.19316649870521088,0.20316365363665367
arm5_weak_actuator,push_to_zone,nominal,23021,v2_no_mass,True,True,1.0,0.008411365458647043,0.008411365458647043,0.0004111395034790144,720,720,0,False,,2ebd5a46a509772b,0.4949092699000128,0.195221186440986,18.936543751628562,0,0,0,0,True,True,25,2,23,195,0.0,0.8256410256410256,23,0.17234748861889992,0.8806221732256638,0.19474130209449295,0.25610755292557785
arm5_weak_actuator,push_to_zone,nominal,23022,v2_no_mass,True,True,1.0,0.012001642800806948,0.012001642800806948,0.000506941787667976,720,720,0,False,,2ebd5a46a509772b,0.49108128314058686,0.1936360046480839,18.80430611882216,0,0,0,0,True,True,39,6,33,188,0.0,0.776595744680851,27,0.1884463265021982,0.9140198379065965,0.19318320637321992,0.2729551946291222
arm5_weak_actuator,push_to_zone,nominal,23023,v2_no_mass,True,True,1.0,0.007695082832853939,0.007695082832853939,0.0002892691546145341,720,720,0,False,,2ebd5a46a509772b,0.5500651117484985,0.20101167560067673,20.9694607560675,0,0,0,0,True,True,20,1,19,166,0.0,0.7108433734939759,27,0.17528106927409265,0.9522788885182331,0.20134875665563218,0.27627607105437146
arm5_weak_actuator,push_to_zone,nominal,23024,v2_no_mass,True,True,1.0,0.008312271751031379,0.008312271751031379,0.0004740212452226277,720,720,0,False,,2ebd5a46a509772b,0.47582097258063927,0.19395836904189925,18.907568294901125,0,0,0,0,True,True,34,5,29,194,0.0,0.8247422680412371,23,0.17308754522369413,0.8643198799369237,0.19316887364302787,0.2264091888792179
arm5_weak_actuator,push_to_zone,low_friction,23001,v2_no_mass,True,True,1.0,0.007766250258635872,0.007766250258635872,0.0010522792241860397,720,720,0,False,,2ebd5a46a509772b,0.5060453459444414,0.19803018486842655,20.985316120932378,0,0,0,0,True,True,42,13,29,234,0.0,0.8675213675213675,21,0.18389260222664094,0.7557224286555035,0.18762584775355232,0.2164402031767101
arm5_weak_actuator,push_to_zone,low_friction,23002,v2_no_mass,True,True,1.0,0.006835613493051353,0.006835613493051353,0.0008137092245646367,720,720,0,False,,2ebd5a46a509772b,0.45916018878464016,0.19352288222864747,21.602623922478365,0,0,0,0,True,True,33,7,26,248,0.0,0.8387096774193549,23,0.17779578684286443,0.8478068368105877,0.18244877289952965,0.14290122163321684
arm5_weak_actuator,push_to_zone,low_friction,23003,v2_no_mass,True,True,1.0,0.012909467860839623,0.012909467860839623,0.0005761912184548894,720,720,0,False,,2ebd5a46a509772b,0.44965628927024204,0.1944781737193156,23.66783706642776,0,0,0,0,True,True,33,6,27,229,0.0,0.8602620087336245,22,0.16746071149177735,0.8053121005705509,0.18275707709803105,0.10507465508981229
arm5_weak_actuator,push_to_zone,low_friction,23004,v2_no_mass,True,True,1.0,0.009503053994612085,0.009503053994612085,0.00039923416719913626,720,720,0,False,,2ebd5a46a509772b,0.5219674438367581,0.2017841679226496,22.28597336233858,0,0,0,0,True,True,24,5,19,214,0.0,0.8504672897196262,16,0.168755597190948,0.6810461167333529,0.18987493838565725,0.17124742580672958
arm5_weak_actuator,push_to_zone,low_friction,23005,v2_no_mass,True,True,1.0,0.012665574192664534,0.012665574192664534,0.0005981199167292787,720,720,0,False,,2ebd5a46a509772b,0.5239851628703929,0.20023134007897625,22.13387983853906,0,0,0,0,True,True,34,8,26,242,0.0,0.8347107438016529,26,0.18110792420484562,0.8080158570706344,0.1898595817541504,0.2190386226480303
arm5_weak_actuator,push_to_zone,low_friction,23006,v2_no_mass,True,True,1.0,0.012404747848135758,0.012404747848135758,0.0006273705963185435,720,720,0,False,,2ebd5a46a509772b,0.4937897238979634,0.1988991971191065,22.2286364569383,0,0,0,0,True,True,36,10,26,222,0.0,0.8108108108108109,24,0.1753131074319595,0.8229169634950009,0.18841290226295648,0.19373308089619812
arm5_weak_actuator,push_to_zone,low_friction,23007,v2_no_mass,True,True,1.0,0.012441684877343257,0.012441684877343257,0.00035475240509794375,720,720,0,False,,2ebd5a46a509772b,0.5702709104499148,0.20519982708247547,23.40431790334401,0,0,0,0,True,True,28,5,23,206,0.0,0.8252427184466019,23,0.17134576151255404,0.793997486036601,0.1940241681365683,0.24030660129289805
arm5_weak_actuator,push_to_zone,low_friction,23008,v2_no_mass,True,True,1.0,0.015972642961315193,0.015972642961315193,0.00010316314039467093,720,720,0,False,,2ebd5a46a509772b,0.5302058797939901,0.20405027165920717,22.84202508863205,0,0,0,0,True,True,36,5,31,194,0.0,0.8505154639175257,16,0.1657017123118941,0.7645980942119961,0.1945361472605136,0.25383841390225204
arm5_weak_actuator,push_to_zone,low_friction,23009,v2_no_mass,True,True,1.0,0.01445445036407882,0.01445445036407882,0.0004535307172157937,720,720,0,False,,2ebd5a46a509772b,0.5040091667596935,0.2018855603906547,21.78856289249678,0,0,0,0,True,True,33,6,27,223,0.0,0.8699551569506726,24,0.17041073638221557,0.8016108973008395,0.19260084296494612,0.22769062666564466
arm5_weak_actuator,push_to_zone,low_friction,23010,v2_no_mass,True,True,1.0,0.015723008865126415,0.015723008865126415,0.0004927390865336538,720,720,0,False,,2ebd5a46a509772b,0.5725214176873461,0.20520947968974607,21.613315906600985,0,0,0,0,True,True,43,8,35,230,0.0,0.8434782608695652,26,0.1773294861776553,0.7032587436476697,0.19608796518684485,0.30807513219792115
arm5_weak_actuator,push_to_zone,low_friction,23011,v2_no_mass,True,True,1.0,0.018716298938830762,0.018716298938830762,0.0008183387813116963,720,720,0,False,,2ebd5a46a509772b,0.6010740424712036,0.21326748302324125,24.344884194577798,0,0,0,0,True,True,29,7,22,203,0.0,0.7832512315270936,27,0.16854576272181587,0.837790498667912,0.20616689918151487,0.34613469158408217
arm5_weak_actuator,push_to_zone,low_friction,23012,v2_no_mass,True,True,1.0,0.009686891996000027,0.009686891996000027,0.0010139039207648004,720,720,0,False,,2ebd5a46a509772b,0.5523074951428089,0.20335879481003022,21.073512085920388,0,0,0,0,True,True,40,9,31,242,0.0,0.8305785123966942,22,0.1859440298184193,0.7623281738656366,0.19475483286872622,0.2953908921149533
arm5_weak_actuator,push_to_zone,low_friction,23013,v2_no_mass,True,True,1.0,0.014156110947985854,0.014156110947985854,0.0011023841261315044,720,720,0,False,,2ebd5a46a509772b,0.4917383322224089,0.1966502606957531,22.258605293055894,0,0,0,0,True,True,42,9,33,235,0.0,0.8893617021276595,18,0.17163921918392244,0.7147605773835166,0.18620675889229293,0.20119619552031542
arm5_weak_actuator,push_to_zone,low_friction,23014,v2_no_mass,True,True,1.0,0.01664255543620123,0.01664255543620123,0.0008644157990630144,720,720,0,False,,2ebd5a46a509772b,0.4978432572420979,0.19777590824538124,22.519866116861206,0,0,0,0,True,True,35,11,24,257,0.0,0.8715953307392996,24,0.17602251806031638,0.7494524749061796,0.18786273399890982,0.20717866847379618
arm5_weak_actuator,push_to_zone,low_friction,23015,v2_no_mass,True,True,1.0,0.015102387887153627,0.015102387887153627,0.0007288591962207801,720,720,0,False,,2ebd5a46a509772b,0.5697181761938879,0.20945280203529665,21.94507691690036,0,0,0,0,True,True,25,4,21,208,0.0,0.7884615384615384,22,0.17180891678396967,0.8135643753357752,0.20088464978490084,0.2867039183957276
arm5_weak_actuator,push_to_zone,low_friction,23016,v2_no_mass,True,True,1.0,0.0138556530898347,0.0138556530898347,0.000533774708919979,720,720,0,False,,2ebd5a46a509772b,0.5291809802853735,0.20367940542405757,23.54893846648251,0,0,0,0,True,True,28,6,22,229,0.0,0.8602620087336245,25,0.17710078224327805,0.9004523165065793,0.1941740644535019,0.21653451280426594
arm5_weak_actuator,push_to_zone,low_friction,23017,v2_no_mass,True,True,1.0,0.015908700791752533,0.015908700791752533,0.0013255611072293923,720,720,0,False,,2ebd5a46a509772b,0.5754119248336722,0.20687633167107303,21.259390907127017,0,0,0,0,True,True,31,8,23,219,0.0,0.8447488584474886,22,0.17223631931572042,0.770210701149916,0.196823684572371,0.27417565530224586
arm5_weak_actuator,push_to_zone,low_friction,23018,v2_no_mass,True,True,1.0,0.013034317392528586,0.013034317392528586,0.0006817102223657672,720,720,0,False,,2ebd5a46a509772b,0.5042793204118392,0.2029777428076294,22.039718102663684,0,0,0,0,True,True,37,9,28,221,0.0,0.8144796380090498,21,0.18011620690755512,0.6877739529726803,0.195339883142051,0.2840345570667817
arm5_weak_actuator,push_to_zone,low_friction,23019,v2_no_mass,True,True,1.0,0.009608943840780662,0.009608943840780662,0.0004925354348324631,720,720,0,False,,2ebd5a46a509772b,0.5152694488389149,0.20342730013456894,23.129020370445925,0,0,0,0,True,True,27,5,22,216,0.0,0.8333333333333334,20,0.17105560741645529,0.8326850093149758,0.1938214634046632,0.21488552895025004
arm5_weak_actuator,push_to_zone,low_friction,23020,v2_no_mass,True,True,1.0,0.01292873843751291,0.01292873843751291,0.0003987418965377066,720,720,0,False,,2ebd5a46a509772b,0.5065156465042246,0.20177342705796045,22.37940347838323,0,0,0,0,True,True,37,7,30,206,0.0,0.8446601941747572,24,0.17110213093660628,0.9208921363059863,0.1930326471446035,0.23227856123232504
arm5_weak_actuator,push_to_zone,low_friction,23021,v2_no_mass,True,True,1.0,0.018489215144452217,0.018489215144452217,0.0009631324879423109,720,720,0,False,,2ebd5a46a509772b,0.546855237127899,0.20503504951858348,21.759175461197128,0,0,0,0,True,True,40,9,31,239,0.0,0.8702928870292888,22,0.1760172604159298,0.799616243961011,0.1973643513580318,0.30334145374047816
arm5_weak_actuator,push_to_zone,low_friction,23022,v2_no_mass,True,True,1.0,0.011727835234612492,0.011727835234612492,0.0012649316706647372,720,720,0,False,,2ebd5a46a509772b,0.5129137139847524,0.19741886820240906,21.44828441007683,0,0,0,0,True,True,34,11,23,254,0.0,0.8818897637795275,23,0.17948851842560234,0.8446704468086333,0.18825367986510927,0.2618411408443069
arm5_weak_actuator,push_to_zone,low_friction,23023,v2_no_mass,True,True,1.0,0.012839610511858448,0.012839610511858448,0.000299495421709002,720,720,0,False,,2ebd5a46a509772b,0.6216003334374949,0.2133675736368804,23.472422518729125,0,0,0,0,True,True,28,6,22,189,0.0,0.798941798941799,24,0.17210514493008275,0.8355608860117975,0.20376883383145702,0.3092480865769116
arm5_weak_actuator,push_to_zone,low_friction,23024,v2_no_mass,True,True,1.0,0.014441486988583118,0.014441486988583118,0.0007118439155793575,720,720,0,False,,2ebd5a46a509772b,0.53223647758213,0.20320619271995385,21.367182379752784,0,0,0,0,True,True,37,9,28,225,0.0,0.8488888888888889,22,0.17537163145328832,0.6691258886456698,0.1937415683389498,0.26696674003958965
arm5_weak_actuator,push_to_zone,latency_load,23001,v2_no_mass,True,True,1.0,0.0060606489017128624,0.0060606489017128624,0.002068312488494628,720,720,0,False,,2ebd5a46a509772b,0.5212943363787685,0.2006316915704734,32.48668927016347,0,0,0,0,True,True,42,9,33,257,0.0,0.8754863813229572,20,0.181190456586142,0.6620770376385027,0.18799254496233145,0.23433953782337769
arm5_weak_actuator,push_to_zone,latency_load,23002,v2_no_mass,True,True,1.0,0.011589545045669496,0.011589545045669496,0.0014730765985864621,720,720,0,False,,2ebd5a46a509772b,0.46581194255850056,0.19409241827277798,31.312184530115132,0,0,0,0,True,True,44,12,32,285,0.0,0.8947368421052632,21,0.17562923563574603,0.6550260544773155,0.18109364520543936,0.17678023841924695
arm5_weak_actuator,push_to_zone,latency_load,23003,v2_no_mass,True,True,1.0,0.017248552570693815,0.017248552570693815,0.000860295800476678,720,720,0,False,,2ebd5a46a509772b,0.47344559010124154,0.19770746005053466,33.934157573489436,0,0,0,0,True,True,39,8,31,241,0.0,0.9087136929460581,18,0.16496240678093893,0.7452563892046002,0.1846270450458825,0.1593920303873162
arm5_weak_actuator,push_to_zone,latency_load,23004,v2_no_mass,True,True,1.0,0.026181340907313423,0.026181340907313423,0.0008073285168578964,720,720,0,False,,2ebd5a46a509772b,0.5478088417435565,0.20584023889483416,33.0342529051431,0,0,0,0,True,True,33,11,22,247,0.0,0.8582995951417004,24,0.16561351446698172,0.6740504010860722,0.19259264684551358,0.21247364720995687
arm5_weak_actuator,push_to_zone,latency_load,23005,v2_no_mass,True,True,1.0,0.016262205142226604,0.016262205142226604,0.0014649289601138618,720,720,0,False,,2ebd5a46a509772b,0.5359948405780068,0.2024189122128458,33.28538221935393,0,0,0,0,True,True,43,13,30,268,0.0,0.8544776119402985,20,0.187819302860465,0.6576234725068345,0.19108815910894378,0.261368381619997
arm5_weak_actuator,push_to_zone,latency_load,23006,v2_no_mass,True,True,1.0,0.015360490596826355,0.015360490596826355,0.0015419532290762935,720,720,0,False,,2ebd5a46a509772b,0.4892050747124892,0.1979623174405205,32.780169967329755,0,0,0,0,True,True,57,11,46,269,0.0,0.8810408921933085,18,0.17752435800963373,0.6756888240617357,0.18700257440960583,0.2132052567308893
arm5_weak_actuator,push_to_zone,latency_load,23007,v2_no_mass,True,True,1.0,0.017024357725494186,0.017024357725494186,0.0006253527491525784,720,720,0,False,,2ebd5a46a509772b,0.5740535759038186,0.20628520246215262,34.54362497847297,0,0,0,0,True,True,49,10,39,255,0.0,0.9098039215686274,19,0.1719054340079621,0.7290754310958388,0.19448597568347106,0.2662557981142717
arm5_weak_actuator,push_to_zone,latency_load,23008,v2_no_mass,True,True,1.0,0.01329556420164959,0.01329556420164959,0.00015738964623541267,720,720,0,False,,2ebd5a46a509772b,0.5472295845469217,0.20733279058074966,35.29819766974499,0,0,0,0,True,True,32,11,21,246,0.0,0.8577235772357723,23,0.17410127289584387,0.7749480135328949,0.19762671944508856,0.27424793972057326
arm5_weak_actuator,push_to_zone,latency_load,23009,v2_no_mass,True,True,1.0,0.014023802541580765,0.014023802541580765,0.0008699405298468936,720,720,0,False,,2ebd5a46a509772b,0.5051981374632848,0.20226351778540938,32.46520735465625,0,0,0,0,True,True,44,10,34,241,0.0,0.8879668049792531,18,0.17291441085968107,0.7159987601970768,0.19168568928193402,0.24393623275499987
arm5_weak_actuator,push_to_zone,latency_load,23010,v2_no_mass,True,True,1.0,0.012588343359194828,0.012588343359194828,0.0013386644035944877,720,720,0,False,,2ebd5a46a509772b,0.5624113499998806,0.2041532641494537,32.95523408847838,0,0,0,0,True,True,51,13,38,274,0.0,0.8905109489051095,20,0.1799246039476789,0.7123729479423409,0.19431440930326732,0.3164517000691296
arm5_weak_actuator,push_to_zone,latency_load,23011,v2_no_mass,True,True,1.0,0.004923456300589246,0.004923456300589246,0.0015399498706405508,720,720,0,False,,2ebd5a46a509772b,0.6088605741243849,0.21500972068439578,36.962986573649346,0,0,0,0,True,True,40,11,29,219,0.0,0.8082191780821918,24,0.18176945567807068,0.7491194623723246,0.20696499792868894,0.36039301716976757
arm5_weak_actuator,push_to_zone,latency_load,23012,v2_no_mass,True,True,1.0,0.011949270103868984,0.011949270103868984,0.0017125681250516028,720,720,0,False,,2ebd5a46a509772b,0.555950299116645,0.20463769467175252,33.697607058869586,0,0,0,0,True,True,41,9,32,273,0.0,0.8534798534798534,27,0.18814567028115942,0.6994244729436763,0.1946823118720203,0.3029349733285711
arm5_weak_actuator,push_to_zone,latency_load,23013,v2_no_mass,True,True,1.0,0.019759941366445846,0.019759941366445846,0.0019510034554940355,720,720,0,False,,2ebd5a46a509772b,0.5009613344160861,0.19831230969761393,33.358335508112816,0,0,0,0,True,True,50,10,40,275,0.0,0.8763636363636363,20,0.17918001715410167,0.7027513608632588,0.18720051890705783,0.2230511864479774
arm5_weak_actuator,push_to_zone,latency_load,23014,v2_no_mass,True,True,1.0,0.016571151171918316,0.016571151171918316,0.0016269306255352475,720,720,0,False,,2ebd5a46a509772b,0.5194048745297946,0.2011569096562863,34.64206248948642,0,0,0,0,True,True,39,12,27,271,0.0,0.8671586715867159,23,0.17514052945959172,0.7091481939074286,0.1895257016938426,0.22784628433126874
arm5_weak_actuator,push_to_zone,latency_load,23015,v2_no_mass,True,True,1.0,0.006686122239710866,0.006686122239710866,0.002121967812041972,720,720,0,False,,2ebd5a46a509772b,0.5815934604872046,0.21183908843341287,33.812028149095745,0,0,0,0,True,True,31,7,24,232,0.0,0.7974137931034483,24,0.17923894756245534,0.7408518117769396,0.20183262503899668,0.2976667118980827
arm5_weak_actuator,push_to_zone,latency_load,23016,v2_no_mass,True,True,1.0,0.012564867762911224,0.012564867762911224,0.000812286828885593,720,720,0,False,,2ebd5a46a509772b,0.5476571778860793,0.2066980114762094,35.382419863418164,0,0,0,0,True,True,40,8,32,263,0.0,0.8479087452471483,25,0.18508635591138659,0.7846074263958451,0.19615831990596663,0.25771620324170197
arm5_weak_actuator,push_to_zone,latency_load,23017,v2_no_mass,True,True,1.0,0.014761613373879566,0.014761613373879566,0.002265738429213594,720,720,0,False,,2ebd5a46a509772b,0.5875298168005361,0.20950563445946704,33.68190171429263,0,0,0,0,True,True,35,9,26,277,0.0,0.8844765342960289,20,0.18535460199504233,0.7103810106803983,0.19900807011372257,0.3050272503955851
arm5_weak_actuator,push_to_zone,latency_load,23018,v2_no_mass,True,True,1.0,0.011208106265789313,0.011208106265789313,0.001414539969879628,720,720,0,False,,2ebd5a46a509772b,0.4836031677905477,0.19970425095861402,33.25800624817803,0,0,0,0,True,True,49,13,36,292,0.0,0.8595890410958904,26,0.19410309441997275,0.6470849618942529,0.19213124633078954,0.30513882122129
arm5_weak_actuator,push_to_zone,latency_load,23019,v2_no_mass,True,True,1.0,0.008051720808838864,0.008051720808838864,0.000845652647905948,720,720,0,False,,2ebd5a46a509772b,0.5329054359263763,0.206427418396979,34.50009549668481,0,0,0,0,True,True,29,8,21,261,0.0,0.8697318007662835,19,0.18063885082038872,0.7409574658585941,0.19646182209293245,0.2424091574382996
arm5_weak_actuator,push_to_zone,latency_load,23020,v2_no_mass,True,True,1.0,0.015572062300106979,0.015572062300106979,0.0007492350888519169,720,720,0,False,,2ebd5a46a509772b,0.5204739464743109,0.20440959782739745,33.56205747154056,0,0,0,0,True,True,38,12,26,240,0.0,0.8458333333333333,23,0.17612705763089576,0.7341066823659762,0.19435553824977325,0.2607045464539719
arm5_weak_actuator,push_to_zone,latency_load,23021,v2_no_mass,True,True,1.0,0.008701362252196499,0.008701362252196499,0.0009437231365780712,720,720,0,False,,2ebd5a46a509772b,0.5693501056945651,0.2093428694445274,34.17686561301632,0,0,0,0,True,True,49,16,33,215,0.0,0.8,25,0.18607064166466492,0.8014269891389342,0.19969020259664522,0.31666647617587795
arm5_weak_actuator,push_to_zone,latency_load,23022,v2_no_mass,True,True,1.0,0.01477205812400741,0.01477205812400741,0.0015635737806563453,720,720,0,False,,2ebd5a46a509772b,0.5374765294909536,0.20224668437662188,33.14825673105941,0,0,0,0,True,True,36,10,26,248,0.0,0.8104838709677419,27,0.19672412769009395,0.7456447047087444,0.19140358353776846,0.3345990495947331
arm5_weak_actuator,push_to_zone,latency_load,23023,v2_no_mass,True,True,1.0,0.02012261614519633,0.02012261614519633,0.000610173385783077,720,720,0,False,,2ebd5a46a509772b,0.626605549997282,0.21477850306019353,35.11453012554217,0,0,0,0,True,True,54,12,42,232,0.0,0.8275862068965517,23,0.17534574073450687,0.7823020621061745,0.20488319758487455,0.332679138238416
arm5_weak_actuator,push_to_zone,latency_load,23024,v2_no_mass,True,True,1.0,0.01435667547579863,0.01435667547579863,0.0014108836508081638,720,720,0,False,,2ebd5a46a509772b,0.535665495100369,0.20408111122219488,33.222111950364265,0,0,0,0,True,True,57,11,46,274,0.0,0.8467153284671532,23,0.17962919541016098,0.7535475151063528,0.19463992862784313,0.29540876654272186
arm5_weak_actuator,push_to_zone,severe,23001,v2_no_mass,False,False,0.0,0.21841401376681163,0.21841401376681163,1.4459174501708219e-08,720,135,0,True,stage_timeout,2ebd5a46a509772b,0.4489298859066495,0.22871742109343057,158.58398788356465,0,0,0,0,False,False,0,0,0,0,0.0,0.0,0,0.0,0.0,nan,nan
arm5_weak_actuator,push_to_zone,severe,23002,v2_no_mass,False,False,0.0,0.20910300490965275,0.20910300490965275,4.58255212382406e-09,720,135,0,True,stage_timeout,2ebd5a46a509772b,0.4065052715009094,0.22310238814591374,159.18864780624136,0,0,0,0,False,False,0,0,0,0,0.0,0.0,0,0.0,0.0,nan,nan
arm5_weak_actuator,push_to_zone,severe,23003,v2_no_mass,False,False,0.0,0.20682962861230764,0.20682962861230764,2.6639859572893226e-08,720,135,0,True,stage_timeout,2ebd5a46a509772b,0.4142247571837441,0.22243857856666968,162.3015925726736,0,0,0,0,False,False,0,0,0,0,0.0,0.0,0,0.0,0.0,nan,nan
arm5_weak_actuator,push_to_zone,severe,23004,v2_no_mass,False,False,0.0,0.20434117447282513,0.20434117447282513,1.435786437620666e-07,720,135,0,True,stage_timeout,2ebd5a46a509772b,0.45482647862384784,0.22674941111106417,161.5607322241007,0,0,0,0,False,False,0,0,0,0,0.0,0.0,0,0.0,0.0,nan,nan
arm5_weak_actuator,push_to_zone,severe,23005,v2_no_mass,False,False,0.0,0.20524698266830677,0.20524698266830677,7.979701969117972e-08,720,135,0,True,stage_timeout,2ebd5a46a509772b,0.46562260425775115,0.2286618120914476,158.3994407102477,0,0,0,0,False,False,0,0,0,0,0.0,0.0,0,0.0,0.0,nan,nan
arm5_weak_actuator,push_to_zone,severe,23006,v2_no_mass,False,False,0.0,0.2046157484901129,0.2046157484901129,3.8199453054620586e-11,720,135,0,True,stage_timeout,2ebd5a46a509772b,0.44323256239057063,0.22783286323893034,157.28325159731264,0,0,0,0,False,False,0,0,0,0,0.0,0.0,0,0.0,0.0,nan,nan
arm5_weak_actuator,push_to_zone,severe,23007,v2_no_mass,False,False,0.0,0.1973957550980339,0.1973957550980339,2.108664358641268e-11,720,135,0,True,stage_timeout,2ebd5a46a509772b,0.5057955639801377,0.23073608617823602,162.52164535628413,0,0,0,0,False,False,0,0,0,0,0.0,0.0,0,0.0,0.0,nan,nan
arm5_weak_actuator,push_to_zone,severe,23008,v2_no_mass,False,False,0.0,0.18352064475542895,0.18352064475542895,5.5552522669415916e-08,720,135,0,True,stage_timeout,2ebd5a46a509772b,0.4923883150053001,0.23307347279558507,154.30456038364244,0,0,0,0,False,False,0,0,0,0,0.0,0.0,0,0.0,0.0,nan,nan
arm5_weak_actuator,push_to_zone,severe,23009,v2_no_mass,False,False,0.0,0.18704132872013637,0.18704132872013637,3.9393173709300865e-09,720,135,0,True,stage_timeout,2ebd5a46a509772b,0.4684261893694912,0.23219297053951393,153.7427565764024,0,0,0,0,False,False,0,0,0,0,0.0,0.0,0,0.0,0.0,nan,nan
arm5_weak_actuator,push_to_zone,severe,23010,v2_no_mass,False,False,0.0,0.21271575551936403,0.21271575551936403,6.872738880815474e-08,720,135,0,True,stage_timeout,2ebd5a46a509772b,0.5248969231865952,0.2359240194117969,157.4734774909356,0,0,0,0,False,False,0,0,0,0,0.0,0.0,0,0.0,0.0,nan,nan
arm5_weak_actuator,push_to_zone,severe,23011,v2_no_mass,False,False,0.0,0.1521700452959662,0.1521700452959662,6.831978574060427e-08,720,135,0,True,stage_timeout,2ebd5a46a509772b,0.5575848342134386,0.24048519468915988,150.85433319241,0,0,0,0,False,False,0,0,0,0,0.0,0.0,0,0.0,0.0,nan,nan
arm5_weak_actuator,push_to_zone,severe,23012,v2_no_mass,False,False,0.0,0.19426830398978007,0.19426830398978007,2.916039896235858e-11,720,135,0,True,stage_timeout,2ebd5a46a509772b,0.5029934846134787,0.23488247765529932,155.0933112094586,0,0,0,0,False,False,0,0,0,0,0.0,0.0,0,0.0,0.0,nan,nan
arm5_weak_actuator,push_to_zone,severe,23013,v2_no_mass,False,False,0.0,0.2058308857246599,0.2058308857246599,5.0747587637140085e-08,720,135,0,True,stage_timeout,2ebd5a46a509772b,0.45185920235288046,0.2271617597613314,159.6315300268162,0,0,0,0,False,False,0,0,0,0,0.0,0.0,0,0.0,0.0,nan,nan
arm5_weak_actuator,push_to_zone,severe,23014,v2_no_mass,False,False,0.0,0.19467485610182184,0.19467485610182184,1.705879615463547e-07,720,135,0,True,stage_timeout,2ebd5a46a509772b,0.4533260588218724,0.2268983137311197,159.329207282794,0,0,0,0,False,False,0,0,0,0,0.0,0.0,0,0.0,0.0,nan,nan
arm5_weak_actuator,push_to_zone,severe,23015,v2_no_mass,False,False,0.0,0.19722215357484685,0.19722215357484685,4.814525854477324e-08,720,135,0,True,stage_timeout,2ebd5a46a509772b,0.5270963507189901,0.23960697686232646,152.67298518727065,0,0,0,0,False,False,0,0,0,0,0.0,0.0,0,0.0,0.0,nan,nan
arm5_weak_actuator,push_to_zone,severe,23016,v2_no_mass,False,False,0.0,0.18087534268304506,0.18087534268304506,2.2894991035671474e-08,720,135,0,True,stage_timeout,2ebd5a46a509772b,0.4798542440432003,0.2313857667939656,156.0737865439384,0,0,0,0,False,False,0,0,0,0,0.0,0.0,0,0.0,0.0,nan,nan
arm5_weak_actuator,push_to_zone,severe,23017,v2_no_mass,False,False,0.0,0.21825275033692823,0.21825275033692823,1.1893178252198998e-07,720,135,0,True,stage_timeout,2ebd5a46a509772b,0.518496379695069,0.236120872998965,156.91375290636324,0,0,0,0,False,False,0,0,0,0,0.0,0.0,0,0.0,0.0,nan,nan
arm5_weak_actuator,push_to_zone,severe,23018,v2_no_mass,False,False,0.0,0.17664886346700956,0.17664886346700956,0.09571331197323968,720,135,0,True,stage_timeout,2ebd5a46a509772b,0.4674243200849575,0.23544074229030412,145.6247403392215,0,0,0,0,False,False,0,0,0,0,0.0,0.0,0,0.0,0.0,nan,nan
arm5_weak_actuator,push_to_zone,severe,23019,v2_no_mass,False,False,0.0,0.19416551290154652,0.19416551290154652,5.9255976906346956e-08,720,135,0,True,stage_timeout,2ebd5a46a509772b,0.4661959392280375,0.23113957448029562,155.73281758850095,0,0,0,0,False,False,0,0,0,0,0.0,0.0,0,0.0,0.0,nan,nan
arm5_weak_actuator,push_to_zone,severe,23020,v2_no_mass,False,False,0.0,0.19661792510158826,0.19661792510158826,1.2260772605725652e-08,720,135,0,True,stage_timeout,2ebd5a46a509772b,0.48175701488434486,0.23445737741786443,153.28857884518166,0,0,0,0,False,False,0,0,0,0,0.0,0.0,0,0.0,0.0,nan,nan
arm5_weak_actuator,push_to_zone,severe,23021,v2_no_mass,False,False,0.0,0.2015822369906344,0.2015822369906344,2.4560829805065786e-08,720,135,0,True,stage_timeout,2ebd5a46a509772b,0.5292884480560986,0.23982557194898185,152.73641207876375,0,0,0,0,False,False,0,0,0,0,0.0,0.0,0,0.0,0.0,nan,nan
arm5_weak_actuator,push_to_zone,severe,23022,v2_no_mass,False,False,0.0,0.22811753315182176,0.22811753315182176,1.445388258326338e-05,720,135,0,True,stage_timeout,2ebd5a46a509772b,0.48261251373277414,0.23237378837601388,154.09429326326108,0,0,0,0,False,False,0,0,0,0,0.0,0.0,0,0.0,0.0,nan,nan
arm5_weak_actuator,push_to_zone,severe,23023,v2_no_mass,False,False,0.0,0.1836943363386034,0.1836943363386034,4.0476113672044144e-08,720,135,0,True,stage_timeout,2ebd5a46a509772b,0.5482575055112835,0.23774139123283916,159.05206191001193,0,0,0,0,False,False,0,0,0,0,0.0,0.0,0,0.0,0.0,nan,nan
arm5_weak_actuator,push_to_zone,severe,23024,v2_no_mass,False,False,0.0,0.2130044853850276,0.2130044853850276,1.7747529247702335e-11,720,135,0,True,stage_timeout,2ebd5a46a509772b,0.4910567634323937,0.23446425373214022,153.96789104782403,0,0,0,0,False,False,0,0,0,0,0.0,0.0,0,0.0,0.0,nan,nan
arm5_posture_shifted,push_to_zone,nominal,23001,v2_no_mass,True,True,1.0,0.009293171562973396,0.009293171562973396,0.00039549169365649665,720,720,0,False,,2ebd5a46a509772b,0.5814944282466641,0.2086167525413642,18.311079503159316,0,0,0,0,True,True,32,5,27,180,0.0,0.7388888888888889,25,0.20590341907765777,0.9132418607271912,0.20908428422324216,0.3524339704539381
arm5_posture_shifted,push_to_zone,nominal,23002,v2_no_mass,True,True,1.0,0.0070104971595607996,0.0070104971595607996,0.0003631568255822599,720,720,0,False,,2ebd5a46a509772b,0.5486548680222092,0.20648362691561012,18.92427688472694,0,0,0,0,True,True,29,5,24,168,0.0,0.6904761904761905,25,0.20041759430860726,0.8427997687743598,0.20707972336695085,0.31375105297214745
arm5_posture_shifted,push_to_zone,nominal,23003,v2_no_mass,True,True,1.0,0.007675504719388732,0.007675504719388732,0.0003181422234779108,720,720,0,False,,2ebd5a46a509772b,0.5831588582518412,0.21374348631542858,21.24644941079512,0,0,0,0,True,True,29,4,25,175,0.0,0.7257142857142858,25,0.2013829833958484,1.0338015236457678,0.21459054407701283,0.3214371447434581
arm5_posture_shifted,push_to_zone,nominal,23004,v2_no_mass,True,True,1.0,0.008742753501056128,0.008742753501056128,0.0003345851512709307,720,720,0,False,,2ebd5a46a509772b,0.6149988314826382,0.21397408030199477,20.456014271020422,0,0,0,0,True,True,40,6,34,163,0.0,0.6871165644171779,25,0.19177437477197404,0.9436573190362679,0.21532865508341473,0.36179377568267856
arm5_posture_shifted,push_to_zone,nominal,23005,v2_no_mass,True,True,1.0,0.007366981681396668,0.007366981681396668,0.00037267597070517254,720,720,0,False,,2ebd5a46a509772b,0.6074580266290694,0.21152774347299533,19.089906594334675,0,0,0,0,True,True,35,6,29,172,0.0,0.7732558139534884,25,0.20155852452274364,0.9296547310105493,0.2121686897071376,0.37256064257802324
arm5_posture_shifted,push_to_zone,nominal,23006,v2_no_mass,True,True,1.0,0.013046073247548251,0.013046073247548251,0.0003690454672540453,720,720,0,False,,2ebd5a46a509772b,0.5732694898584909,0.2099185365766595,18.331076699306074,0,0,0,0,True,True,40,6,34,165,0.0,0.7757575757575758,25,0.1930545708366538,0.8127814302844816,0.20998735677849462,0.3458543508798697
arm5_posture_shifted,push_to_zone,nominal,23007,v2_no_mass,True,True,1.0,0.0071864449191720295,0.0071864449191720295,0.00031061969953013053,720,720,0,False,,2ebd5a46a509772b,0.6646573169827499,0.21764667711805752,20.715651056807182,0,0,0,0,True,True,34,5,29,159,0.0,0.6666666666666666,26,0.1953888180924616,0.9551089397665068,0.21900665256496268,0.41822139100674605
arm5_posture_shifted,push_to_zone,nominal,23008,v2_no_mass,True,True,1.0,0.011704393732560346,0.011704393732560346,0.0002627639885670454,720,720,0,False,,2ebd5a46a509772b,0.6523832978312392,0.2220808491780846,20.611529464224077,0,0,0,0,True,True,35,6,29,163,0.0,0.6871165644171779,24,0.1914513815282213,0.9416475478207667,0.22298812078726088,0.41343778057629166
arm5_posture_shifted,push_to_zone,nominal,23009,v2_no_mass,True,True,1.0,0.02068391073417224,0.02068391073417224,0.00022846050663480439,720,720,0,False,,2ebd5a46a509772b,0.6104661401768352,0.21774440434181225,19.69983774531809,0,0,0,0,True,True,27,4,23,162,0.0,0.6851851851851852,22,0.17788205300729565,0.9840591965946192,0.21865475981539167,0.3667086918246656
arm5_posture_shifted,push_to_zone,nominal,23010,v2_no_mass,True,True,1.0,0.009949693389973438,0.009949693389973438,0.0003336653418487902,720,720,0,False,,2ebd5a46a509772b,0.6505817545849033,0.21577899964317004,18.515690132984595,0,0,0,0,True,True,28,4,24,169,0.0,0.7455621301775148,22,0.20497606527902779,0.9131450759878432,0.21667703148719233,0.4238831182340159
arm5_posture_shifted,push_to_zone,nominal,23011,v2_no_mass,True,True,1.0,0.01664088958636257,0.01664088958636257,0.00016668609163281343,720,720,0,False,,2ebd5a46a509772b,0.7582552145029964,0.2360707530042562,22.545954345673696,0,0,0,0,True,True,35,6,29,160,0.0,0.56875,25,0.20290590400126154,0.818920019694275,0.23665499764509346,0.49375772972294296
arm5_posture_shifted,push_to_zone,nominal,23012,v2_no_mass,True,True,1.0,0.00740539463341201,0.00740539463341201,0.0003510954425744525,720,720,0,False,,2ebd5a46a509772b,0.6221685846994709,0.21314819663777307,18.115846369976033,0,0,0,0,True,True,36,5,31,166,0.0,0.7289156626506024,23,0.201438493446393,0.9055127249713834,0.21398085611976403,0.4035707752003188
arm5_posture_shifted,push_to_zone,nominal,23013,v2_no_mass,True,True,1.0,0.010015902772225664,0.010015902772225664,0.0003440577040216794,720,720,0,False,,2ebd5a46a509772b,0.6082894937912928,0.21358646487564212,19.858049280398536,0,0,0,0,True,True,37,8,29,164,0.0,0.6951219512195121,29,0.2029524609085422,0.9209269245083643,0.2144837460873381,0.3723182005952781
arm5_posture_shifted,push_to_zone,nominal,23014,v2_no_mass,True,True,1.0,0.011902319323348749,0.011902319323348749,0.0003335612697847663,720,720,0,False,,2ebd5a46a509772b,0.6167068797460575,0.21461231483782478,21.158240819892814,0,0,0,0,True,True,37,6,31,178,0.0,0.7134831460674157,26,0.19288443347566378,1.0917410830611616,0.21533891678662706,0.36733781533567145
arm5_posture_shifted,push_to_zone,nominal,23015,v2_no_mass,True,True,1.0,0.011146578624520159,0.011146578624520159,0.00031122994164058045,720,720,0,False,,2ebd5a46a509772b,0.6548287171858633,0.22115317343003862,18.33219313597465,0,0,0,0,True,True,29,5,24,167,0.0,0.7005988023952096,24,0.20493612325465474,0.795959431039265,0.22183370219157497,0.42663443866655326
arm5_posture_shifted,push_to_zone,nominal,23016,v2_no_mass,True,True,1.0,0.011970737522730233,0.011970737522730233,0.00033492675387641115,720,720,0,False,,2ebd5a46a509772b,0.6264623777481186,0.2166148833685318,19.802489337494556,0,0,0,0,True,True,35,6,29,167,0.0,0.718562874251497,26,0.19825452251387046,0.9765531192405905,0.21756413393668136,0.3862694497963446
arm5_posture_shifted,push_to_zone,nominal,23017,v2_no_mass,True,True,1.0,0.00834634594647278,0.00834634594647278,0.00028440184874993534,720,720,0,False,,2ebd5a46a509772b,0.6545137768971268,0.21714229271020877,18.627149938312407,0,0,0,0,True,True,27,4,23,158,0.0,0.6962025316455697,24,0.2007452851460167,0.7857022047646468,0.21828094121021419,0.4077362620838927
arm5_posture_shifted,push_to_zone,nominal,23018,v2_no_mass,True,True,1.0,0.015131490128861997,0.015131490128861997,0.00044276351926545143,720,720,0,False,,2ebd5a46a509772b,0.6176431028137586,0.22044500917240328,18.37734609797002,0,0,0,0,True,True,37,8,29,186,0.0,0.7580645161290323,29,0.21761697780959127,0.8829333429051258,0.2209436841335834,0.406803447550375
arm5_posture_shifted,push_to_zone,nominal,23019,v2_no_mass,True,True,1.0,0.01945152410597986,0.01945152410597986,0.0003223721876023955,720,720,0,False,,2ebd5a46a509772b,0.6218219964962408,0.21846939496690565,19.196483329013297,0,0,0,0,True,True,36,6,30,155,0.0,0.7032258064516129,23,0.19348143618798308,0.8406583291637342,0.21911511149617352,0.39038210065368206
arm5_posture_shifted,push_to_zone,nominal,23020,v2_no_mass,True,True,1.0,0.02120981684222759,0.02120981684222759,0.0003456562678440806,720,720,0,False,,2ebd5a46a509772b,0.606120340810135,0.21648381500540081,18.4786926798427,0,0,0,0,True,True,29,5,24,167,0.0,0.7365269461077845,26,0.19196702221403422,0.8225571004301924,0.21702234842145648,0.38450774157361955
arm5_posture_shifted,push_to_zone,nominal,23021,v2_no_mass,True,True,1.0,0.022200921229765667,0.022200921229765667,0.0001284890633102273,720,720,0,False,,2ebd5a46a509772b,0.6712692148485231,0.2229464137581025,20.644664740808697,0,0,0,0,True,True,28,5,23,158,0.0,0.5949367088607594,25,0.19267927772902427,0.9575652542138833,0.2245796004323919,0.43056323080823367
arm5_posture_shifted,push_to_zone,nominal,23022,v2_no_mass,True,True,1.0,0.008194103026416235,0.008194103026416235,0.0004928268372367916,720,720,0,False,,2ebd5a46a509772b,0.6719801595067931,0.22232959363176777,19.566897558934762,0,0,0,0,True,True,28,4,24,209,0.0,0.69377990430622,35,0.27189589180283646,0.8794739197897533,0.22298339286447533,0.46959215244959696
arm5_posture_shifted,push_to_zone,nominal,23023,v2_no_mass,True,True,1.0,0.019983566429037935,0.019983566429037935,0.0003336521571765505,720,720,0,False,,2ebd5a46a509772b,0.7135662958610252,0.22480456371595947,19.98413587663997,0,0,0,0,True,True,37,7,30,165,0.0,0.7393939393939394,22,0.19200663528044387,0.9598395278511307,0.22599358941603828,0.47032995900263463
arm5_posture_shifted,push_to_zone,nominal,23024,v2_no_mass,True,True,1.0,0.007738294168784873,0.007738294168784873,0.0003278103864299915,720,720,0,False,,2ebd5a46a509772b,0.6314876925876556,0.21722983173566998,19.1253997672182,0,0,0,0,True,True,31,6,25,172,0.0,0.7441860465116279,27,0.2066855960489561,0.933165114576706,0.21801898004984235,0.39886625088124994
arm5_posture_shifted,push_to_zone,low_friction,23001,v2_no_mass,True,True,1.0,0.02141257333608374,0.02141257333608374,0.0006198982368684649,720,720,0,False,,2ebd5a46a509772b,0.6505293795134355,0.22051552194444865,20.549988318820578,0,0,0,0,True,True,33,9,24,182,0.0,0.7252747252747253,30,0.18950665258108634,0.7365550222489672,0.21235606162801807,0.4153533319619065
arm5_posture_shifted,push_to_zone,low_friction,23002,v2_no_mass,True,True,1.0,0.01767773544788647,0.01767773544788647,0.00043567083968291357,720,720,0,False,,2ebd5a46a509772b,0.6203157047614338,0.21842579009501248,21.131195666153914,0,0,0,0,True,True,38,12,26,194,0.0,0.7422680412371134,28,0.20438280142881043,0.8401097685013493,0.21114401659368068,0.39191550254715724
arm5_posture_shifted,push_to_zone,low_friction,23003,v2_no_mass,True,True,1.0,0.03416450665577801,0.03416450665577801,0.0005960474361063683,720,720,0,False,,2ebd5a46a509772b,0.6287327166196137,0.22164433524158303,22.440581513472523,0,0,0,0,True,True,42,11,31,192,0.0,0.7760416666666666,25,0.16823108420334756,0.9121890049890617,0.2158232632617715,0.3940092219672202
arm5_posture_shifted,push_to_zone,low_friction,23004,v2_no_mass,True,True,1.0,0.024851029191369483,0.024851029191369483,0.0004531671147280098,720,720,0,False,,2ebd5a46a509772b,0.676376327010578,0.22466211510030898,21.33405287266911,0,0,0,0,True,True,32,8,24,219,0.0,0.8264840182648402,25,0.18200855751401138,0.7792256011830733,0.2183233277216656,0.4266625195706353
arm5_posture_shifted,push_to_zone,low_friction,23005,v2_no_mass,True,True,1.0,0.014961260483542781,0.014961260483542781,0.00041677689370240835,720,720,0,False,,2ebd5a46a509772b,0.6888750123701324,0.2258732122801913,22.60259130538807,0,0,0,0,True,True,43,12,31,218,0.0,0.7201834862385321,34,0.24619866762560363,0.9115934043940712,0.22025743761709862,0.4806343048567121
arm5_posture_shifted,push_to_zone,low_friction,23006,v2_no_mass,True,True,1.0,0.020430150939418985,0.020430150939418985,0.00033403253896832283,720,720,0,False,,2ebd5a46a509772b,0.6536462956283975,0.22345744534474865,22.02647766935852,0,0,0,0,True,True,34,10,24,171,0.0,0.7017543859649122,26,0.1891677897449015,0.9008105994652583,0.21681676318558596,0.4096955658549284
arm5_posture_shifted,push_to_zone,low_friction,23007,v2_no_mass,True,True,1.0,0.017322228046313677,0.017322228046313677,0.0002764628664340645,720,720,0,False,,2ebd5a46a509772b,0.7216198295093639,0.22828423950118726,22.45462772898335,0,0,0,0,True,True,36,10,26,183,0.0,0.7540983606557377,23,0.18878953591107633,1.017261988255419,0.2222182706832835,0.46724127835972595
arm5_posture_shifted,push_to_zone,low_friction,23008,v2_no_mass,True,True,1.0,0.006720736905385703,0.006720736905385703,5.173116047472203e-05,720,720,0,False,,2ebd5a46a509772b,0.6980690388671906,0.23071352078494914,23.3712888226779,0,0,0,0,True,True,34,11,23,173,0.0,0.7456647398843931,25,0.18880363466208083,0.9964381148292691,0.22587688355784752,0.4555083025809079
arm5_posture_shifted,push_to_zone,low_friction,23009,v2_no_mass,True,True,1.0,0.018103538188472938,0.018103538188472938,0.0002248147874593934,720,720,0,False,,2ebd5a46a509772b,0.6659595241033043,0.22779705084208393,21.720359057041268,0,0,0,0,True,True,38,10,28,160,0.0,0.71875,24,0.18492769020625363,0.7165884575662598,0.22219498590998568,0.4309690186365023
arm5_posture_shifted,push_to_zone,low_friction,23010,v2_no_mass,True,True,1.0,0.011001483269330205,0.011001483269330205,0.00026274752072937566,720,720,0,False,,2ebd5a46a509772b,0.7219590174188633,0.22871025282094676,21.719726827431188,0,0,0,0,True,True,30,7,23,175,0.0,0.76,26,0.2043765550864034,0.8573524368911307,0.222277652205037,0.4924019351347666
arm5_posture_shifted,push_to_zone,low_friction,23011,v2_no_mass,True,True,1.0,0.025363465121547517,0.025363465121547517,0.0006854380507182209,720,720,0,False,,2ebd5a46a509772b,0.778221982682993,0.24106314081889021,23.514726874608556,0,0,0,0,True,True,30,9,21,176,0.0,0.7329545454545454,25,0.20639490489654028,0.9115203001115944,0.23823774640315556,0.5494342015163642
arm5_posture_shifted,push_to_zone,low_friction,23012,v2_no_mass,True,True,1.0,0.025720796821640884,0.025720796821640884,0.0007746442882684077,720,720,0,False,,2ebd5a46a509772b,0.6795941703438575,0.22381505289380121,20.438385433960246,0,0,0,0,True,True,29,7,22,208,0.0,0.7788461538461539,32,0.20034307697177395,0.8935699236374202,0.21787241880289068,0.4807090106479692
arm5_posture_shifted,push_to_zone,low_friction,23013,v2_no_mass,True,True,1.0,0.013408846425395107,0.013408846425395107,0.0007644002266890131,720,720,0,False,,2ebd5a46a509772b,0.6663975711945698,0.2241354640934307,22.381334922887216,0,0,0,0,True,True,38,8,30,177,0.0,0.7627118644067796,23,0.19625084891570785,0.9345682036206008,0.21727921901495556,0.4260241924530579
arm5_posture_shifted,push_to_zone,low_friction,23014,v2_no_mass,True,True,1.0,0.012399015454122083,0.012399015454122083,0.0004634590314350661,720,720,0,False,,2ebd5a46a509772b,0.6881965838369979,0.22742862502424982,23.255139482767085,0,0,0,0,True,True,35,14,21,204,0.0,0.7303921568627451,33,0.23013287535941418,0.9322146554501933,0.22225373712609658,0.45717707988122847
arm5_posture_shifted,push_to_zone,low_friction,23015,v2_no_mass,True,True,1.0,0.006878970193749429,0.006878970193749429,0.0006665357314250784,720,720,0,False,,2ebd5a46a509772b,0.7163760477459347,0.23228724642224466,22.63253066625792,0,0,0,0,True,True,37,11,26,176,0.0,0.7159090909090909,27,0.19251820428699107,1.0547455422806353,0.22765957033292142,0.4704105485854311
arm5_posture_shifted,push_to_zone,low_friction,23016,v2_no_mass,True,True,1.0,0.023595198681722836,0.023595198681722836,0.0008905092706004782,720,720,0,False,,2ebd5a46a509772b,0.6987209495102809,0.22975574607067045,22.853479549103625,0,0,0,0,True,True,40,11,29,268,0.0,0.7985074626865671,38,0.2559803360785336,0.9056366223083065,0.22610772698369278,0.4906618412013293
arm5_posture_shifted,push_to_zone,low_friction,23017,v2_no_mass,True,True,1.0,0.015521060337910397,0.015521060337910397,0.001200191474516427,720,720,0,False,,2ebd5a46a509772b,0.7232876480581858,0.22961725761151222,21.828702586810024,0,0,0,0,True,True,40,8,32,194,0.0,0.7989690721649485,28,0.19638240666618176,1.0019644154713772,0.22340303863297303,0.4796032303087885
arm5_posture_shifted,push_to_zone,low_friction,23018,v2_no_mass,True,True,1.0,0.010877725087440681,0.010877725087440681,0.0006726057693034821,720,720,0,False,,2ebd5a46a509772b,0.66491163670787,0.22928446083808476,22.76484522890339,0,0,0,0,True,True,42,12,30,220,0.0,0.7636363636363637,33,0.2462683759443488,1.0017348999733244,0.22619796711860674,0.49800430588406686
arm5_posture_shifted,push_to_zone,low_friction,23019,v2_no_mass,True,True,1.0,0.027579522069995283,0.027579522069995283,0.00037434175263900606,720,720,0,False,,2ebd5a46a509772b,0.67552373171501,0.22807612675476646,22.242127920616696,0,0,0,0,True,True,39,9,30,193,0.0,0.7979274611398963,26,0.17858736393317962,0.9872559198325114,0.22271597451342276,0.44097335279618566
arm5_posture_shifted,push_to_zone,low_friction,23020,v2_no_mass,True,True,1.0,0.01299592493300051,0.01299592493300051,0.00026014948208227313,720,720,0,False,,2ebd5a46a509772b,0.6584207603661683,0.22602880202216832,22.12530984543996,0,0,0,0,True,True,39,10,29,186,0.0,0.7795698924731183,26,0.19095729678500345,1.0286507960724889,0.2206707914191277,0.43430982515963645
arm5_posture_shifted,push_to_zone,low_friction,23021,v2_no_mass,True,True,1.0,0.03302987553987299,0.03302987553987299,0.0005287412359377775,720,720,0,False,,2ebd5a46a509772b,0.690285461683767,0.22798653882808173,20.800147338860402,0,0,0,0,True,True,42,9,33,183,0.0,0.7431693989071039,30,0.17630798134677766,0.7295247315707243,0.22219614158851922,0.4769466349341638
arm5_posture_shifted,push_to_zone,low_friction,23022,v2_no_mass,False,False,0.6666666666666666,0.02548786918062672,0.02548786918062672,0.07344048611239332,720,542,0,True,stage_timeout,2ebd5a46a509772b,0.6650147911755555,0.23137734319865425,22.464931745034953,0,0,0,0,True,True,49,14,35,330,0.0,0.7878787878787878,50,0.35208703272395775,0.9449818391758236,0.2314171993354321,0.4349869605555168
arm5_posture_shifted,push_to_zone,low_friction,23023,v2_no_mass,True,True,1.0,0.012638349229304947,0.012638349229304947,0.00021577475119539878,720,720,0,False,,2ebd5a46a509772b,0.7606972562525223,0.23404774471091486,22.072040664444746,0,0,0,0,True,True,51,10,41,186,0.0,0.8064516129032258,22,0.1888980767716561,0.7475913578462781,0.22855987781283976,0.5142715332791146
arm5_posture_shifted,push_to_zone,low_friction,23024,v2_no_mass,True,True,1.0,0.010814739020678787,0.010814739020678787,0.00033317897352403477,720,720,0,False,,2ebd5a46a509772b,0.6945254110760888,0.22842432606253837,22.060829990779784,0,0,0,0,True,True,32,9,23,174,0.0,0.7183908045977011,24,0.20367459625228373,0.9154073368092563,0.22276528654762037,0.46107173880902774
arm5_posture_shifted,push_to_zone,latency_load,23001,v2_no_mass,True,True,1.0,0.0215697720503732,0.0215697720503732,0.00143627416831153,720,720,0,False,,2ebd5a46a509772b,0.7395974148734124,0.23373233275874142,35.607541042741815,0,0,0,0,True,True,42,8,34,169,0.0,0.7100591715976331,26,0.18137439526199173,0.8821557432962073,0.22708607152256866,0.5596352411292824
arm5_posture_shifted,push_to_zone,latency_load,23002,v2_no_mass,True,True,1.0,0.027987973796943476,0.027987973796943476,0.0009310074318819072,720,720,0,False,,2ebd5a46a509772b,0.6947214977884517,0.2292691801319548,34.74167043998028,0,0,0,0,True,True,62,13,49,235,0.0,0.723404255319149,34,0.24432274423477957,0.8535480438886673,0.2246802857848683,0.5542345523951302
arm5_posture_shifted,push_to_zone,latency_load,23003,v2_no_mass,False,False,0.6666666666666666,0.0027339211883828855,0.0027339211883828855,0.04523676900038699,720,407,0,True,false_terminal_accept,2ebd5a46a509772b,0.7389056578488473,0.2407925868741947,39.74059905374137,0,0,0,0,True,True,53,12,41,207,0.0,0.6473429951690821,31,0.24308447088187707,1.0771512302284227,0.24069302659371045,0.5513772048971761
arm5_posture_shifted,push_to_zone,latency_load,23004,v2_no_mass,True,True,1.0,0.006356055057012714,0.006356055057012714,0.0001437690632450344,720,720,0,False,,2ebd5a46a509772b,0.809725256595283,0.2441188469574822,38.64546263467313,0,0,0,0,True,True,46,9,37,201,0.0,0.6517412935323383,32,0.22372873411637642,1.0051085383058114,0.24012408537914476,0.5937211001860798
arm5_posture_shifted,push_to_zone,latency_load,23005,v2_no_mass,True,True,1.0,0.007667999616872913,0.007667999616872913,3.202821406264179e-05,720,720,0,False,,2ebd5a46a509772b,0.7769542709086776,0.23854325274769125,37.19536440405653,0,0,0,0,True,True,43,14,29,204,0.0,0.7303921568627451,35,0.23421207463682267,0.9038691263390461,0.23365941076165325,0.6091973319030437
arm5_posture_shifted,push_to_zone,latency_load,23006,v2_no_mass,True,True,1.0,0.022441850328492857,0.022441850328492857,0.0006185467457370729,720,720,0,False,,2ebd5a46a509772b,0.7423680356316686,0.23644691920800573,35.3355795639099,0,0,0,0,True,True,42,11,31,182,0.0,0.7307692307692307,28,0.19672359894564329,0.879881448904918,0.23199479594206887,0.5592950501948519
arm5_posture_shifted,push_to_zone,latency_load,23007,v2_no_mass,True,True,1.0,0.028145301506313836,0.028145301506313836,0.0012736258182008474,720,720,0,False,,2ebd5a46a509772b,0.8148227993786623,0.2428867542184339,36.953777935138945,0,0,0,0,True,True,48,7,41,317,0.0,0.7823343848580442,44,0.29616595643191895,0.9752057990199037,0.24192265232842863,0.6097552390530767
arm5_posture_shifted,push_to_zone,latency_load,23008,v2_no_mass,True,True,1.0,0.01653136432360938,0.01653136432360938,9.68404432236557e-05,720,720,0,False,,2ebd5a46a509772b,0.7879079818955388,0.24393481207622084,35.15460841900226,0,0,0,0,True,True,35,9,26,199,0.0,0.7286432160804021,30,0.21820083722933933,0.9222864405397955,0.24189800809492643,0.5970806170006471
arm5_posture_shifted,push_to_zone,latency_load,23009,v2_no_mass,False,False,0.3333333333333333,0.31718019593502117,0.31718019593502117,0.01468116078717786,720,213,0,True,stage_timeout,2ebd5a46a509772b,0.5783970163000038,0.2781763162524837,31.340193091299916,0,0,0,0,False,False,54,13,41,0,0.0,0.0,0,0.0,0.0,nan,nan
arm5_posture_shifted,push_to_zone,latency_load,23010,v2_no_mass,False,False,0.3333333333333333,0.3317927441409947,0.3317927441409947,0.010519659731203763,720,215,0,True,stage_timeout,2ebd5a46a509772b,0.6552207920152862,0.2847633010564731,32.40430687371239,0,0,0,0,False,False,49,10,39,0,0.0,0.0,0,0.0,0.0,nan,nan
arm5_posture_shifted,push_to_zone,latency_load,23011,v2_no_mass,True,True,1.0,0.02220203004233009,0.02220203004233009,0.0011398956190101592,720,720,0,False,,2ebd5a46a509772b,0.8387018620652658,0.24952468730998476,37.39231402551088,0,0,0,0,True,True,62,15,47,204,0.0,0.7107843137254902,35,0.2164973382952347,0.9519864876414416,0.2488607059714567,0.6583072426963259
arm5_posture_shifted,push_to_zone,latency_load,23012,v2_no_mass,True,True,1.0,0.020346888774655302,0.020346888774655302,0.001455630584308903,720,720,0,False,,2ebd5a46a509772b,0.779931629969671,0.23926781551332174,35.81233331550418,0,0,0,0,True,True,47,11,36,247,0.0,0.7489878542510121,35,0.2809079060585784,0.9462344250356616,0.23610482642048594,0.6032653640469667
arm5_posture_shifted,push_to_zone,latency_load,23013,v2_no_mass,True,True,1.0,0.01909048583871854,0.01909048583871854,0.0019235719762102311,720,720,0,False,,2ebd5a46a509772b,0.742161272241737,0.23572577456759639,35.46362642403534,0,0,0,0,True,True,66,20,46,260,0.0,0.8,36,0.2718711883089837,0.8994557566406766,0.23308233510519624,0.5880425549789674
arm5_posture_shifted,push_to_zone,latency_load,23014,v2_no_mass,True,True,1.0,0.016154781383438357,0.016154781383438357,4.058843746449854e-05,720,720,0,False,,2ebd5a46a509772b,0.7558566589606204,0.23670790411816167,36.45995810902977,0,0,0,0,True,True,36,12,24,186,0.0,0.7956989247311828,25,0.1775437032576599,1.0148813858883645,0.23114380407834112,0.5436507453976707
arm5_posture_shifted,push_to_zone,latency_load,23015,v2_no_mass,True,True,1.0,0.009408920814856067,0.009408920814856067,0.003899804720243491,720,720,0,False,,2ebd5a46a509772b,0.8089032139852188,0.24570926793362297,37.31466910117354,0,0,0,0,True,True,70,15,55,176,0.0,0.6704545454545454,25,0.20605286860740293,0.9452288929426792,0.24308965813976016,0.6106010697567594
arm5_posture_shifted,push_to_zone,latency_load,23016,v2_no_mass,True,True,1.0,0.009016148480150754,0.009016148480150754,0.00013528311531617736,720,720,0,False,,2ebd5a46a509772b,0.7911981092690272,0.2422776655451888,38.40656111856245,0,0,0,0,True,True,40,9,31,157,0.0,0.7133757961783439,20,0.16809586147501132,1.0323873976926683,0.23826522816144904,0.5944821627420942
arm5_posture_shifted,push_to_zone,latency_load,23017,v2_no_mass,True,True,1.0,0.00633941726305309,0.00633941726305309,0.00033432763876422867,720,720,0,False,,2ebd5a46a509772b,0.8222665998268885,0.2440286571699906,36.20834589528591,0,0,0,0,True,True,45,11,34,178,0.0,0.6910112359550562,30,0.20939266910025736,0.936620798171783,0.23953243150768588,0.6102843471002481
arm5_posture_shifted,push_to_zone,latency_load,23018,v2_no_mass,True,True,1.0,0.00790394568365741,0.00790394568365741,0.0014991606249491402,720,720,0,False,,2ebd5a46a509772b,0.7395801806440678,0.23955476260726036,36.816507490549284,0,0,0,0,True,True,31,7,24,165,0.0,0.7575757575757576,23,0.17923579071788542,1.0191480982173047,0.23713195155036487,0.5590171237044537
arm5_posture_shifted,push_to_zone,latency_load,23019,v2_no_mass,False,False,0.3333333333333333,0.33183157582034206,0.33183157582034206,0.02173612270973994,720,215,0,True,stage_timeout,2ebd5a46a509772b,0.568274162842294,0.27649097156764074,32.31199287268283,0,0,0,0,False,False,51,13,38,0,0.0,0.0,0,0.0,0.0,nan,nan
arm5_posture_shifted,push_to_zone,latency_load,23020,v2_no_mass,False,False,0.3333333333333333,0.326016357940984,0.326016357940984,0.01500129394645406,720,212,0,True,stage_timeout,2ebd5a46a509772b,0.5905088199260295,0.27915529079696627,31.644692076556094,0,0,0,0,False,False,53,10,43,0,0.0,0.0,0,0.0,0.0,nan,nan
arm5_posture_shifted,push_to_zone,latency_load,23021,v2_no_mass,True,True,1.0,0.006489374433012042,0.006489374433012042,0.00043534737344523865,720,720,0,False,,2ebd5a46a509772b,0.8111813046014209,0.24648280417089236,38.48139649954797,0,0,0,0,True,True,54,15,39,212,0.0,0.6462264150943396,32,0.26536750465827125,0.7698773666414784,0.24391272096229155,0.6266818919559412
arm5_posture_shifted,push_to_zone,latency_load,23022,v2_no_mass,True,True,1.0,0.008059455871843714,0.008059455871843714,0.0012756054298360944,720,720,0,False,,2ebd5a46a509772b,0.7530107805502162,0.2358012043976376,37.42695706385972,0,0,0,0,True,True,47,12,35,230,0.0,0.7521739130434782,34,0.25112791625429454,1.0550690918431156,0.23237222433291946,0.6288344247709512
arm5_posture_shifted,push_to_zone,latency_load,23023,v2_no_mass,False,False,0.6666666666666666,0.02196838567902662,0.02196838567902662,0.005993475232387277,720,415,0,True,false_terminal_accept,2ebd5a46a509772b,0.8167957776396415,0.2479528232337961,35.755076690698424,0,0,0,0,True,True,58,11,47,212,0.0,0.7169811320754716,34,0.24419966491978454,0.9587304513024337,0.2481021666113127,0.6432226715663796
arm5_posture_shifted,push_to_zone,latency_load,23024,v2_no_mass,True,True,1.0,0.0060296794503125655,0.0060296794503125655,0.0009085943748748366,720,720,0,False,,2ebd5a46a509772b,0.8166996754848785,0.24686337676914785,38.51106125927012,0,0,0,0,True,True,54,8,46,267,0.0,0.7191011235955056,39,0.3069197757323785,1.023404489472448,0.24529856503355352,0.6350332681013215
arm5_posture_shifted,push_to_zone,severe,23001,v2_no_mass,False,False,0.0,0.23942380666058974,0.23942380666058974,0.14604943347587163,720,135,0,True,stage_timeout,2ebd5a46a509772b,0.7481497518075222,0.2859018579366178,149.5025540347485,0,0,0,0,False,False,0,0,0,0,0.0,0.0,0,0.0,0.0,nan,nan
arm5_posture_shifted,push_to_zone,severe,23002,v2_no_mass,False,False,0.0,0.3528703460597606,0.3528703460597606,0.13942933480558298,720,135,0,True,stage_timeout,2ebd5a46a509772b,0.7311484866609521,0.28357851989419613,148.98009715015493,0,0,0,0,False,False,0,0,0,0,0.0,0.0,0,0.0,0.0,nan,nan
arm5_posture_shifted,push_to_zone,severe,23003,v2_no_mass,False,False,0.0,0.2595857168548908,0.2595857168548908,6.873958663997831e-08,720,135,0,True,stage_timeout,2ebd5a46a509772b,0.7604233584728397,0.28241265613456185,150.8374931039755,0,0,0,0,False,False,0,0,0,0,0.0,0.0,0,0.0,0.0,nan,nan
arm5_posture_shifted,push_to_zone,severe,23004,v2_no_mass,False,False,0.0,0.7021538750131789,0.7021538750131789,0.5832569460439266,720,135,0,True,stage_timeout,2ebd5a46a509772b,0.7873932597655999,0.28465153881866273,150.58975405688795,0,0,0,0,False,False,0,0,0,0,0.0,0.0,0,0.0,0.0,nan,nan
arm5_posture_shifted,push_to_zone,severe,23005,v2_no_mass,False,False,0.0,0.281441879920414,0.281441879920414,0.0978756590888747,720,135,0,True,stage_timeout,2ebd5a46a509772b,0.7628241767340862,0.28446984058379765,151.00324017498414,0,0,0,0,False,False,0,0,0,0,0.0,0.0,0,0.0,0.0,nan,nan
arm5_posture_shifted,push_to_zone,severe,23006,v2_no_mass,False,False,0.0,0.498433768769181,0.498433768769181,0.33207666700748145,720,135,0,True,stage_timeout,2ebd5a46a509772b,0.7454149236144731,0.28388644020898496,148.85676915258955,0,0,0,0,False,False,0,0,0,0,0.0,0.0,0,0.0,0.0,nan,nan
arm5_posture_shifted,push_to_zone,severe,23007,v2_no_mass,False,False,0.0,0.7257743296042622,0.7257743296042622,0.5948757010531304,720,135,0,True,stage_timeout,2ebd5a46a509772b,0.8189628381672818,0.2849952750374011,154.12018689218084,0,0,0,0,False,False,0,0,0,0,0.0,0.0,0,0.0,0.0,nan,nan
arm5_posture_shifted,push_to_zone,severe,23008,v2_no_mass,False,False,0.0,0.6408622345576915,0.6408622345576915,0.5075545506683383,720,135,0,True,stage_timeout,2ebd5a46a509772b,0.7656592698437739,0.2814543684223982,148.16416238655617,0,0,0,0,False,False,0,0,0,0,0.0,0.0,0,0.0,0.0,nan,nan
arm5_posture_shifted,push_to_zone,severe,23009,v2_no_mass,False,False,0.0,0.2589584787254182,0.2589584787254182,0.0911614685398776,720,135,0,True,stage_timeout,2ebd5a46a509772b,0.7361959337160338,0.28143287565083824,148.35993633134575,0,0,0,0,False,False,0,0,0,0,0.0,0.0,0,0.0,0.0,nan,nan
arm5_posture_shifted,push_to_zone,severe,23010,v2_no_mass,False,False,0.0,0.3331950170982819,0.3331950170982819,0.17689779569998487,720,135,0,True,stage_timeout,2ebd5a46a509772b,0.7910437208096122,0.2860356627563467,152.27598497764495,0,0,0,0,False,False,0,0,0,0,0.0,0.0,0,0.0,0.0,nan,nan
arm5_posture_shifted,push_to_zone,severe,23011,v2_no_mass,False,False,0.0,0.39619001816495547,0.39619001816495547,0.3195248551125326,720,135,0,True,stage_timeout,2ebd5a46a509772b,0.8025728923612014,0.28034077385105366,147.9714982043177,0,0,0,0,False,False,0,0,0,0,0.0,0.0,0,0.0,0.0,nan,nan
arm5_posture_shifted,push_to_zone,severe,23012,v2_no_mass,False,False,0.0,0.20960799901405308,0.20960799901405308,0.15286983641305327,720,135,0,True,stage_timeout,2ebd5a46a509772b,0.7617445969487426,0.2845306668035261,150.44296195046192,0,0,0,0,False,False,0,0,0,0,0.0,0.0,0,0.0,0.0,nan,nan
arm5_posture_shifted,push_to_zone,severe,23013,v2_no_mass,False,False,0.0,0.6525037088725951,0.6525037088725951,0.5095089882373995,720,135,0,True,stage_timeout,2ebd5a46a509772b,0.761341987845765,0.28415176964192707,152.25752159158264,0,0,0,0,False,False,0,0,0,0,0.0,0.0,0,0.0,0.0,nan,nan
arm5_posture_shifted,push_to_zone,severe,23014,v2_no_mass,False,False,0.0,0.5272184345801737,0.5272184345801737,0.3324208450107879,720,135,0,True,stage_timeout,2ebd5a46a509772b,0.7605935002070554,0.2830012410648057,150.12483989704623,0,0,0,0,False,False,0,0,0,0,0.0,0.0,0,0.0,0.0,nan,nan
arm5_posture_shifted,push_to_zone,severe,23015,v2_no_mass,False,False,0.0,0.28736293651415246,0.28736293651415246,0.21179603659724097,720,135,0,True,stage_timeout,2ebd5a46a509772b,0.7717013351322644,0.28340274587620007,146.59781996077416,0,0,0,0,False,False,0,0,0,0,0.0,0.0,0,0.0,0.0,nan,nan
arm5_posture_shifted,push_to_zone,severe,23016,v2_no_mass,False,False,0.0,0.23532693602466803,0.23532693602466803,6.502340608919814e-08,720,135,0,True,stage_timeout,2ebd5a46a509772b,0.7711354846290268,0.2828883978888232,148.42532655731165,0,0,0,0,False,False,0,0,0,0,0.0,0.0,0,0.0,0.0,nan,nan
arm5_posture_shifted,push_to_zone,severe,23017,v2_no_mass,False,False,0.0,0.2616107085485091,0.2616107085485091,0.1597182905900921,720,135,0,True,stage_timeout,2ebd5a46a509772b,0.7965434333505157,0.2863540816319493,150.52492372555042,0,0,0,0,False,False,0,0,0,0,0.0,0.0,0,0.0,0.0,nan,nan
arm5_posture_shifted,push_to_zone,severe,23018,v2_no_mass,False,False,0.0,0.2844948594410863,0.2844948594410863,3.023943107188459e-08,720,135,0,True,stage_timeout,2ebd5a46a509772b,0.7056562950807717,0.27905036269373024,141.73172306255785,0,0,0,0,False,False,0,0,0,0,0.0,0.0,0,0.0,0.0,nan,nan
arm5_posture_shifted,push_to_zone,severe,23019,v2_no_mass,False,False,0.0,0.6393792242621669,0.6393792242621669,0.49340596857757457,720,135,0,True,stage_timeout,2ebd5a46a509772b,0.7618045839500454,0.28215297623730706,146.35366151260217,0,0,0,0,False,False,0,0,0,0,0.0,0.0,0,0.0,0.0,nan,nan
arm5_posture_shifted,push_to_zone,severe,23020,v2_no_mass,False,False,0.0,0.6394214500651698,0.6394214500651698,0.48720318514158445,720,135,0,True,stage_timeout,2ebd5a46a509772b,0.7335815620374975,0.28111581636764155,146.6863291932112,0,0,0,0,False,False,0,0,0,0,0.0,0.0,0,0.0,0.0,nan,nan
arm5_posture_shifted,push_to_zone,severe,23021,v2_no_mass,False,False,0.0,0.565046781935052,0.565046781935052,0.4700725663196266,720,135,0,True,stage_timeout,2ebd5a46a509772b,0.7656033453388589,0.2863078723102773,149.8819846336902,0,0,0,0,False,False,0,0,0,0,0.0,0.0,0,0.0,0.0,nan,nan
arm5_posture_shifted,push_to_zone,severe,23022,v2_no_mass,False,False,0.0,0.2775020521765382,0.2775020521765382,0.1288279118378515,720,135,0,True,stage_timeout,2ebd5a46a509772b,0.7430037893366777,0.28415169597499873,149.63071005729506,0,0,0,0,False,False,0,0,0,0,0.0,0.0,0,0.0,0.0,nan,nan
arm5_posture_shifted,push_to_zone,severe,23023,v2_no_mass,False,False,0.0,0.6892412565492039,0.6892412565492039,0.5555652871822032,720,135,0,True,stage_timeout,2ebd5a46a509772b,0.834068978549785,0.28576875949072866,151.77677038208472,0,0,0,0,False,False,0,0,0,0,0.0,0.0,0,0.0,0.0,nan,nan
arm5_posture_shifted,push_to_zone,severe,23024,v2_no_mass,False,False,0.0,0.27306308168257404,0.27306308168257404,0.14078859010767553,720,135,0,True,stage_timeout,2ebd5a46a509772b,0.7589161786390886,0.2837331971148337,147.43527361592947,0,0,0,0,False,False,0,0,0,0,0.0,0.0,0,0.0,0.0,nan,nan
arm5_reference,push_to_zone,nominal,23001,v2_no_torque,True,True,1.0,0.010590594802663474,0.010590594802663474,0.000319413997510442,720,720,0,False,,2ebd5a46a509772b,0.616686154025976,0.2126281757679996,17.352170533084628,0,0,0,0,True,True,29,4,25,160,0.0,0.71875,25,0.19696177220516362,0.8955496633787524,0.21347860487228754,0.40981782360312247
arm5_reference,push_to_zone,nominal,23002,v2_no_torque,True,True,1.0,0.018410017914055724,0.018410017914055724,0.00023682984739053194,720,720,0,False,,2ebd5a46a509772b,0.5991879672442941,0.21307059505981193,19.38274168307492,0,0,0,0,True,True,30,4,26,156,0.0,0.6346153846153846,24,0.18545577491446452,0.9039763414961067,0.21469809413339117,0.37090825777735903
arm5_reference,push_to_zone,nominal,23003,v2_no_torque,True,True,1.0,0.00970628380822971,0.00970628380822971,0.00021618468718594312,720,720,0,False,,2ebd5a46a509772b,0.6114976343932295,0.2162319830132538,20.40065265554408,0,0,0,0,True,True,31,4,27,131,0.0,0.6793893129770993,21,0.1816983468992739,0.8054760129873296,0.21667195657809538,0.3776127385682546
arm5_reference,push_to_zone,nominal,23004,v2_no_torque,True,True,1.0,0.01701647488098229,0.01701647488098229,0.00012260196940127,720,720,0,False,,2ebd5a46a509772b,0.6717350528484571,0.221219135008736,21.156271680278554,0,0,0,0,True,True,28,4,24,143,0.0,0.5804195804195804,22,0.17256561390158268,0.9446416344602355,0.22211514691436796,0.41731641749334436
arm5_reference,push_to_zone,nominal,23005,v2_no_torque,True,True,1.0,0.012511363490510553,0.012511363490510553,0.00026084397831392143,720,720,0,False,,2ebd5a46a509772b,0.6924968293146194,0.22300103047805575,19.927530111338214,0,0,0,0,True,True,36,6,30,160,0.0,0.65,26,0.19780560226579622,0.9175515133917168,0.2244821752329613,0.47152080535401675
arm5_reference,push_to_zone,nominal,23006,v2_no_torque,True,True,1.0,0.011605759033485992,0.011605759033485992,0.00023577589964318625,720,720,0,False,,2ebd5a46a509772b,0.6258880590603377,0.21636599604721152,19.253512232007203,0,0,0,0,True,True,43,6,37,143,0.0,0.6853146853146853,21,0.17986576189338477,0.8668368010584956,0.21703974148812796,0.40204823174049187
arm5_reference,push_to_zone,nominal,23007,v2_no_torque,True,True,1.0,0.014686289980710148,0.014686289980710148,0.00019188921594683793,720,720,0,False,,2ebd5a46a509772b,0.726095232915084,0.22523034558745975,20.344514134334013,0,0,0,0,True,True,32,4,28,132,0.0,0.5833333333333334,19,0.17217896399506946,0.8544528017939715,0.22693840743048949,0.49614698454685113
arm5_reference,push_to_zone,nominal,23008,v2_no_torque,True,True,1.0,0.01849174792377435,0.01849174792377435,0.00010679631787947837,720,720,0,False,,2ebd5a46a509772b,0.7311058931573755,0.23222404911898908,20.98184826251986,0,0,0,0,True,True,24,3,21,133,0.0,0.556390977443609,21,0.17456742972257752,0.7135804306220257,0.23258824430032382,0.49235919815259077
arm5_reference,push_to_zone,nominal,23009,v2_no_torque,True,True,1.0,0.010248923021261867,0.010248923021261867,0.00017869989952008273,720,720,0,False,,2ebd5a46a509772b,0.6653330146947796,0.22437830252818458,18.68961256849319,0,0,0,0,True,True,26,4,22,129,0.0,0.6356589147286822,21,0.17801377211122313,0.7545346405663759,0.22515003721532809,0.444201432141726
arm5_reference,push_to_zone,nominal,23010,v2_no_torque,True,True,1.0,0.012949759003156636,0.012949759003156636,1.9849025176591197e-11,720,720,0,False,,2ebd5a46a509772b,0.7469614082293377,0.2287194268073031,21.09575149899756,0,0,0,0,True,True,33,5,28,153,0.006535947712418301,0.5686274509803921,24,0.18360610480454698,0.8243358993427107,0.2290058551975589,0.4957635283584936
arm5_reference,push_to_zone,nominal,23011,v2_no_torque,True,True,1.0,0.016912050210680034,0.016912050210680034,3.137546009395913e-11,720,720,0,False,,2ebd5a46a509772b,0.8658009791538037,0.25071760588433506,23.719980775405926,0,0,0,0,True,True,36,6,30,145,0.0,0.5724137931034483,21,0.19462832945088,0.7278181124142444,0.2508704721728276,0.6042811440514435
arm5_reference,push_to_zone,nominal,23012,v2_no_torque,True,True,1.0,0.008735532611908332,0.008735532611908332,0.0002425010696056971,720,720,0,False,,2ebd5a46a509772b,0.6939917500710444,0.22259556188767277,18.282743731610395,0,0,0,0,True,True,30,5,25,157,0.0,0.6751592356687898,21,0.197169709565405,0.8533676592048307,0.22320513568503922,0.48513002523481186
arm5_reference,push_to_zone,nominal,23013,v2_no_torque,True,True,1.0,0.008989786513298301,0.008989786513298301,0.0002198890261540701,720,720,0,False,,2ebd5a46a509772b,0.6770456620394834,0.22229249006519475,20.372909256634852,0,0,0,0,True,True,29,4,25,147,0.0,0.5986394557823129,25,0.1940011740637096,0.8146631553277403,0.22340466991340213,0.44687029843685444
arm5_reference,push_to_zone,nominal,23014,v2_no_torque,True,True,1.0,0.016171138338388617,0.016171138338388617,0.00026657898975547165,720,720,0,False,,2ebd5a46a509772b,0.6932995515435176,0.22459135797629146,20.808133511169657,0,0,0,0,True,True,36,7,29,158,0.0,0.6772151898734177,25,0.19117178974162277,0.9963730509051507,0.22616858774266535,0.48170310063845845
arm5_reference,push_to_zone,nominal,23015,v2_no_torque,True,True,1.0,0.02278748416593054,0.02278748416593054,2.4378503561071584e-11,720,720,0,False,,2ebd5a46a509772b,0.7391563851807224,0.23243865778664863,20.479816501425834,0,0,0,0,True,True,33,5,28,138,0.0,0.5869565217391305,21,0.16723183390707985,0.9582743745278047,0.23369710467189592,0.5025088316273925
arm5_reference,push_to_zone,nominal,23016,v2_no_torque,True,True,1.0,0.042680998571515874,0.042680998571515874,4.87309372071238e-11,720,720,0,False,,2ebd5a46a509772b,0.7382502410017149,0.23226614418388736,22.475639871467067,0,0,0,0,True,True,38,6,32,142,0.007042253521126761,0.5845070422535211,22,0.16574748419976693,0.8452628695865474,0.23543611742938486,0.4910014217740546
arm5_reference,push_to_zone,nominal,23017,v2_no_torque,True,True,1.0,0.009674498991052606,0.009674498991052606,0.00017699227777327644,720,720,0,False,,2ebd5a46a509772b,0.7442865413894455,0.2294450416884103,19.889493051700168,0,0,0,0,True,True,30,5,25,145,0.0,0.5655172413793104,24,0.19569914478606476,0.733756900150575,0.23057328500512822,0.5109665994091879
arm5_reference,push_to_zone,nominal,23018,v2_no_torque,True,True,1.0,0.023635588974036507,0.023635588974036507,4.6886425433024114e-05,720,720,0,False,,2ebd5a46a509772b,0.721958599564255,0.23486315335142144,20.77445334234569,0,0,0,0,True,True,28,5,23,157,0.0,0.5796178343949044,24,0.18844604877976065,0.8064843451293104,0.23475359161044668,0.5033177572337486
arm5_reference,push_to_zone,nominal,23019,v2_no_torque,True,True,1.0,0.017916533838212668,0.017916533838212668,0.00016820180594559605,720,720,0,False,,2ebd5a46a509772b,0.7023719832547095,0.22923827345378173,20.201724926211106,0,0,0,0,True,True,32,6,26,131,0.0,0.6106870229007634,20,0.1765358495476825,0.8017438845149257,0.23146190490261692,0.4716361081643443
arm5_reference,push_to_zone,nominal,23020,v2_no_torque,True,True,1.0,0.013459660694384794,0.013459660694384794,0.0001737347614906722,720,720,0,False,,2ebd5a46a509772b,0.6952154654266374,0.22862268413984851,20.030176231944342,0,0,0,0,True,True,27,4,23,144,0.0,0.6111111111111112,24,0.18673084152003436,0.7344123446936373,0.2290136767054137,0.4841104810817787
arm5_reference,push_to_zone,nominal,23021,v2_no_torque,True,True,1.0,0.010656226182790194,0.010656226182790194,0.0002224470011798786,720,720,0,False,,2ebd5a46a509772b,0.7021225237617053,0.22585733055594523,18.054634907127785,0,0,0,0,True,True,26,4,22,141,0.0,0.7375886524822695,22,0.18538401436074595,0.9708693600501382,0.22668229301502302,0.4927882498243932
arm5_reference,push_to_zone,nominal,23022,v2_no_torque,True,True,1.0,0.02078067050284461,0.02078067050284461,0.00019681440737235,720,720,0,False,,2ebd5a46a509772b,0.6843855434844213,0.22191727669101935,19.398431016741906,0,0,0,0,True,True,27,4,23,159,0.0,0.6226415094339622,28,0.18887781509564255,0.807443214891698,0.22273780370830468,0.4901648780202499
arm5_reference,push_to_zone,nominal,23023,v2_no_torque,True,True,1.0,0.02958207877360018,0.02958207877360018,2.966560533852961e-05,720,720,0,False,,2ebd5a46a509772b,0.8004538669667376,0.23646035337638782,21.34722309291342,0,0,0,0,True,True,34,4,30,123,0.0,0.5528455284552846,21,0.1620901989039213,0.8074189137198846,0.23866399825158588,0.552600955559905
arm5_reference,push_to_zone,nominal,23024,v2_no_torque,True,True,1.0,0.027858272844286786,0.027858272844286786,6.529349395665977e-05,720,720,0,False,,2ebd5a46a509772b,0.7173267900940812,0.22900114483019635,20.35518422724271,0,0,0,0,True,True,28,4,24,157,0.0,0.5923566878980892,21,0.18187525923526418,0.8857310109960297,0.22929510682694387,0.47028245776995004
arm5_reference,push_to_zone,low_friction,23001,v2_no_torque,True,True,1.0,0.008619748180916553,0.008619748180916553,0.0006953395746546709,720,720,0,False,,2ebd5a46a509772b,0.6991187351621289,0.22723080971213347,21.186324034748342,0,0,0,0,True,True,35,10,25,185,0.0,0.7675675675675676,28,0.2016337735465582,1.0616824635878044,0.2217824451650583,0.48847856451412497
arm5_reference,push_to_zone,low_friction,23002,v2_no_torque,True,True,1.0,0.014359007582015134,0.014359007582015134,0.00016357195291786207,720,720,0,False,,2ebd5a46a509772b,0.6973260864509201,0.22956902761939565,24.604320122870153,0,0,0,0,True,True,36,8,28,179,0.0,0.6033519553072626,28,0.19056851937058028,0.868137957399181,0.22363052775074627,0.4401222932757669
arm5_reference,push_to_zone,low_friction,23003,v2_no_torque,True,True,1.0,0.02955023298421393,0.02955023298421393,6.949013655898953e-07,720,720,0,False,,2ebd5a46a509772b,0.7372426253130699,0.23674663181289385,25.668043078955805,0,0,0,0,True,True,40,9,31,152,0.0,0.6118421052631579,21,0.16687131051224913,0.8539511375806037,0.23168158026921498,0.4966888181174447
arm5_reference,push_to_zone,low_friction,23004,v2_no_torque,True,True,1.0,0.007405044983602809,0.007405044983602809,0.00011834154002228275,720,720,0,False,,2ebd5a46a509772b,0.7587349147423041,0.23583523857707334,22.76892123916623,0,0,0,0,True,True,37,9,28,153,0.0,0.6797385620915033,23,0.19411435793391987,0.7833603339326435,0.23090479625469118,0.522360333242244
arm5_reference,push_to_zone,low_friction,23005,v2_no_torque,True,True,1.0,0.010585917632357274,0.010585917632357274,0.00032013676367945897,720,720,0,False,,2ebd5a46a509772b,0.7546373739724839,0.23402644860591806,23.39553638608812,0,0,0,0,True,True,29,6,23,172,0.0,0.6976744186046512,26,0.19289865624751226,1.0595884836173053,0.22964082330782593,0.5283655864229515
arm5_reference,push_to_zone,low_friction,23006,v2_no_torque,True,True,1.0,0.006000148324919901,0.006000148324919901,0.00023526787420661345,720,720,0,False,,2ebd5a46a509772b,0.7206648496485109,0.23258539816473187,22.610425835795613,0,0,0,0,True,True,42,9,33,161,0.0,0.6708074534161491,26,0.1942711840419011,0.8690787926203778,0.22843855095771842,0.4988983019810971
arm5_reference,push_to_zone,low_friction,23007,v2_no_torque,True,True,1.0,0.012834242938454034,0.012834242938454034,0.00013726644283600664,720,720,0,False,,2ebd5a46a509772b,0.8033499582116006,0.2387408624783683,22.868022113214057,0,0,0,0,True,True,36,10,26,153,0.0,0.6862745098039216,23,0.18944464137799205,0.8743439668363232,0.23451998870150928,0.5816543210567509
arm5_reference,push_to_zone,low_friction,23008,v2_no_torque,True,True,1.0,0.01691993192604464,0.01691993192604464,1.8497278586603404e-05,720,720,0,False,,2ebd5a46a509772b,0.8035651278155567,0.24474927025298826,24.50999957676577,0,0,0,0,True,True,37,8,29,148,0.0,0.6148648648648649,21,0.1825578539945712,0.9433975533893179,0.24290180554374352,0.5794700978932843
arm5_reference,push_to_zone,low_friction,23009,v2_no_torque,True,True,1.0,0.006634091921588482,0.006634091921588482,0.00013921656482008483,720,720,0,False,,2ebd5a46a509772b,0.7310942571643793,0.23620381745955357,22.2379056424318,0,0,0,0,True,True,44,8,36,154,0.0,0.7012987012987013,24,0.18944027460237542,0.9264835493530701,0.23305826065662102,0.5247913145998413
arm5_reference,push_to_zone,low_friction,23010,v2_no_torque,True,True,1.0,0.03077982183813733,0.03077982183813733,1.0556237335483045e-05,720,720,0,False,,2ebd5a46a509772b,0.817900523701574,0.24155575543233626,24.721161878693852,0,0,0,0,True,True,36,10,26,166,0.0,0.6385542168674698,25,0.17263126659403738,0.919519386341631,0.23665990646014956,0.582691408257491
arm5_reference,push_to_zone,low_friction,23011,v2_no_torque,False,False,0.6666666666666666,0.021774298295338976,0.021774298295338976,0.1742667383387697,720,477,0,True,stage_timeout,2ebd5a46a509772b,0.9055390864449195,0.2573635027332111,27.68972925809687,0,0,0,0,True,True,35,10,25,330,0.006060606060606061,0.2606060606060606,20,0.17949207044020504,0.3640376377516491,0.25543789356228574,0.6615584219787727
arm5_reference,push_to_zone,low_friction,23012,v2_no_torque,True,True,1.0,0.008328951265123227,0.008328951265123227,1.6991676913298133e-05,720,720,0,False,,2ebd5a46a509772b,0.7545788453817184,0.23383444350220106,21.364060226322973,0,0,0,0,True,True,31,7,24,159,0.0,0.660377358490566,25,0.19736487199292924,0.8755814100402828,0.22923388185577473,0.5396550628939099
arm5_reference,push_to_zone,low_friction,23013,v2_no_torque,True,True,1.0,0.025150071824217315,0.025150071824217315,3.6472463718934954e-05,720,720,0,False,,2ebd5a46a509772b,0.7433685659399707,0.23417529518789684,23.7913333568892,0,0,0,0,True,True,36,9,27,161,0.0,0.6894409937888198,22,0.17442784836301378,1.0451566873958171,0.23146962040346666,0.5257449951855744
arm5_reference,push_to_zone,low_friction,23014,v2_no_torque,True,True,1.0,0.023898439772206428,0.023898439772206428,0.0005635989795365794,720,720,0,False,,2ebd5a46a509772b,0.7363413362567375,0.23240961891636722,21.230421430785277,0,0,0,0,True,True,39,12,27,163,0.0,0.7423312883435583,27,0.1830014917192036,0.8960984160604318,0.22767330660764964,0.5355628288856127
arm5_reference,push_to_zone,low_friction,23015,v2_no_torque,True,True,1.0,0.011564834846018068,0.011564834846018068,0.0006309392157865267,720,720,0,False,,2ebd5a46a509772b,0.8010732032991594,0.24353576208166766,22.75481717934399,0,0,0,0,True,True,31,7,24,150,0.0,0.6466666666666666,24,0.18604430746141618,0.8082862938836645,0.2403853043300264,0.5762044012256413
arm5_reference,push_to_zone,low_friction,23016,v2_no_torque,True,True,1.0,0.013440862092030688,0.013440862092030688,7.476636901016067e-05,720,720,0,False,,2ebd5a46a509772b,0.7814262955936835,0.23995271892435233,23.564696309303123,0,0,0,0,True,True,37,11,26,156,0.0,0.6730769230769231,23,0.18680939893560486,0.9174941860504549,0.23658403741337405,0.5581385829422301
arm5_reference,push_to_zone,low_friction,23017,v2_no_torque,True,True,1.0,0.01808628439267821,0.01808628439267821,1.4748305104137017e-06,720,720,0,False,,2ebd5a46a509772b,0.810851116164292,0.2413090892790647,23.957769633600236,0,0,0,0,True,True,38,11,27,160,0.0,0.63125,25,0.18258839335508023,0.9351276609858037,0.23720159017117032,0.5770122324315397
arm5_reference,push_to_zone,low_friction,23018,v2_no_torque,True,True,1.0,0.008018570864137247,0.008018570864137247,0.00022926992109256994,720,720,0,False,,2ebd5a46a509772b,0.7463708116057406,0.23991744538650336,23.898513202702706,0,0,0,0,True,True,47,11,36,162,0.0,0.654320987654321,26,0.19966576477537487,0.8737243514179811,0.23766429845047282,0.5581944678060267
arm5_reference,push_to_zone,low_friction,23019,v2_no_torque,True,True,1.0,0.02180197679024593,0.02180197679024593,3.303791657252816e-11,720,720,0,False,,2ebd5a46a509772b,0.7911258219523143,0.24400307272279118,25.898039048084662,0,0,0,0,True,True,31,9,22,149,0.0,0.5302013422818792,22,0.17617825771362516,0.8651548006630502,0.24025946925312633,0.5484322579128702
arm5_reference,push_to_zone,low_friction,23020,v2_no_torque,True,True,1.0,0.008099324755795858,0.008099324755795858,0.00016099578985333087,720,720,0,False,,2ebd5a46a509772b,0.7439457747115927,0.23762388925870637,22.80223506980971,0,0,0,0,True,True,37,9,28,157,0.0,0.6687898089171974,19,0.19487787383090685,0.9209043819871584,0.23476273086045346,0.5413264221444196
arm5_reference,push_to_zone,low_friction,23021,v2_no_torque,True,True,1.0,0.02612618197448898,0.02612618197448898,0.0006451186869323055,720,720,0,False,,2ebd5a46a509772b,0.7795809284083877,0.24010308836825411,22.914339691882546,0,0,0,0,True,True,38,10,28,153,0.0,0.6797385620915033,21,0.17355219856887294,0.9900272189260743,0.23730526193951637,0.5781197920624197
arm5_reference,push_to_zone,low_friction,23022,v2_no_torque,True,True,1.0,0.00624247595657846,0.00624247595657846,0.00154908332224785,720,720,0,False,,2ebd5a46a509772b,0.7482329785257322,0.23378689201013467,23.808807230765414,0,0,0,0,True,True,32,9,23,176,0.0,0.6647727272727273,25,0.2079517551351914,0.829524580584551,0.22938474396965064,0.5489445181343502
arm5_reference,push_to_zone,low_friction,23023,v2_no_torque,True,True,1.0,0.017347273219682657,0.017347273219682657,2.056721738625504e-07,720,720,0,False,,2ebd5a46a509772b,0.8795948240804075,0.24987668264901466,25.111011291426863,0,0,0,0,True,True,42,9,33,149,0.0,0.6308724832214765,22,0.18001790974271445,1.01691920934978,0.24668276960578484,0.6447926597467291
arm5_reference,push_to_zone,low_friction,23024,v2_no_torque,True,True,1.0,0.01820448767848778,0.01820448767848778,6.842684492552806e-05,720,720,0,False,,2ebd5a46a509772b,0.7495014879139177,0.23540228200397512,21.00679150245022,0,0,0,0,True,True,38,10,28,158,0.0,0.7215189873417721,22,0.18748927938705312,0.791921311844217,0.23096750285549325,0.5507302125324278
arm5_reference,push_to_zone,latency_load,23001,v2_no_torque,False,False,0.3333333333333333,0.42915678722650175,0.42915678722650175,0.039956585869407805,720,225,0,True,stage_timeout,2ebd5a46a509772b,0.3467271615413634,0.19600064908940876,31.403362391431905,0,0,0,0,False,False,43,13,30,0,0.0,0.0,0,0.0,0.0,nan,nan
arm5_reference,push_to_zone,latency_load,23002,v2_no_torque,True,True,1.0,0.026717867616111134,0.026717867616111134,1.8884792731147943e-11,720,720,0,False,,2ebd5a46a509772b,0.8018196698616937,0.2449930865159535,43.153004588090724,0,0,0,0,True,True,43,12,31,199,0.0,0.678391959798995,34,0.2094547421160339,0.968817727770983,0.23997864338319583,0.6153758765690798
arm5_reference,push_to_zone,latency_load,23003,v2_no_torque,True,True,1.0,0.025617006283877156,0.025617006283877156,6.865243465238671e-11,720,720,0,False,,2ebd5a46a509772b,0.8715301618357791,0.25534090229656126,43.49180896980704,0,0,0,0,True,True,39,10,29,165,0.0,0.5696969696969697,21,0.19147821256633957,0.8076429713264813,0.2532318405947245,0.6624337023514868
arm5_reference,push_to_zone,latency_load,23004,v2_no_torque,True,True,1.0,0.027328911378369514,0.027328911378369514,6.7986714737951975e-12,720,720,0,False,,2ebd5a46a509772b,0.895574327291625,0.25486323639583713,43.61096376888193,0,0,0,0,True,True,56,16,40,173,0.0,0.6184971098265896,27,0.20381167542577375,0.8815061725383662,0.25149365056426864,0.6739653614791323
arm5_reference,push_to_zone,latency_load,23005,v2_no_torque,True,True,1.0,0.00914514866244981,0.00914514866244981,1.5069775001148401e-05,720,720,0,False,,2ebd5a46a509772b,0.9300920896768452,0.2595206701276767,39.7162273056014,0,0,0,0,True,True,38,5,33,235,0.0,0.625531914893617,37,0.30900573277639354,0.8535388990968499,0.2575784398995067,0.7199847761817533
arm5_reference,push_to_zone,latency_load,23006,v2_no_torque,True,True,1.0,0.016918350383583795,0.016918350383583795,6.039097480896859e-05,720,720,0,False,,2ebd5a46a509772b,0.8535977050597672,0.2519377169588471,39.266274930624995,0,0,0,0,True,True,43,9,34,158,0.0,0.5506329113924051,22,0.20320480070381314,0.7725717873233909,0.2489564635440476,0.6425465841704203
arm5_reference,push_to_zone,latency_load,23007,v2_no_torque,True,True,1.0,0.018821966610731326,0.018821966610731326,3.02177336590467e-12,720,720,0,False,,2ebd5a46a509772b,0.9626705131302171,0.2608702872246453,45.121256609405535,0,0,0,0,True,True,47,12,35,178,0.0,0.5617977528089888,23,0.20983298091025543,0.8718231080129788,0.2576525336757048,0.7291590672786912
arm5_reference,push_to_zone,latency_load,23008,v2_no_torque,True,True,1.0,0.02561856006630918,0.02561856006630918,6.0289787217338704e-05,720,720,0,False,,2ebd5a46a509772b,0.9226966539942254,0.261194229965342,42.40656206064652,0,0,0,0,True,True,72,15,57,186,0.016129032258064516,0.5752688172043011,29,0.21411905736538503,0.9266944651277697,0.26072998846259765,0.712196074535794
arm5_reference,push_to_zone,latency_load,23009,v2_no_torque,True,True,1.0,0.010196796697464107,0.010196796697464107,0.0004895679579083556,720,720,0,False,,2ebd5a46a509772b,0.8464879725273056,0.2530527523245542,37.819895057949715,0,0,0,0,True,True,51,13,38,148,0.0,0.6418918918918919,20,0.19072944627661978,0.8715255226232296,0.2529703807201039,0.6761473050440241
arm5_reference,push_to_zone,latency_load,23010,v2_no_torque,True,True,1.0,0.02164678128198788,0.02164678128198788,0.001297781066789325,720,720,0,False,,2ebd5a46a509772b,0.8867546248726028,0.251503620907976,35.6382451504031,0,0,0,0,True,True,55,9,46,214,0.0,0.7336448598130841,32,0.23783150527140093,0.9676915845044539,0.25037735004020895,0.7403951424894979
arm5_reference,push_to_zone,latency_load,23011,v2_no_torque,True,True,1.0,0.019640509669452067,0.019640509669452067,4.973287702989869e-11,720,720,0,False,,2ebd5a46a509772b,0.9947351981732764,0.2689334961344929,43.76192146006559,0,0,0,0,True,True,50,8,42,145,0.0,0.5310344827586206,21,0.17722070570837675,0.8564386027670532,0.2684657001202292,0.8021692643951801
arm5_reference,push_to_zone,latency_load,23012,v2_no_torque,True,True,1.0,0.028572117324127008,0.028572117324127008,5.092287733248137e-06,720,720,0,False,,2ebd5a46a509772b,0.8674731411106065,0.25079857902541797,38.92171632515337,0,0,0,0,True,True,34,12,22,176,0.0,0.6761363636363636,25,0.18909669558441805,1.0161729086293376,0.24778664622535784,0.7075750593583758
arm5_reference,push_to_zone,latency_load,23013,v2_no_torque,True,True,1.0,0.02014096085811968,0.02014096085811968,9.092974563803546e-05,720,720,0,False,,2ebd5a46a509772b,0.8425643575289681,0.248515107414454,35.07359422691751,0,0,0,0,True,True,48,11,37,175,0.0,0.7028571428571428,23,0.21309450331735666,0.7984822419567507,0.24768503232511097,0.6881116291401721
arm5_reference,push_to_zone,latency_load,23014,v2_no_torque,False,False,0.3333333333333333,0.313386556391991,0.313386556391991,0.0166159046228681,720,214,0,True,stage_timeout,2ebd5a46a509772b,0.7083897692979155,0.28632518965124776,31.772940711066685,0,0,0,0,False,False,56,7,49,0,0.0,0.0,0,0.0,0.0,nan,nan
arm5_reference,push_to_zone,latency_load,23015,v2_no_torque,True,True,1.0,0.012465295907645151,0.012465295907645151,0.003601994455184605,720,720,0,False,,2ebd5a46a509772b,0.8889476849940501,0.25587210017516837,35.46668186878765,0,0,0,0,True,True,57,11,46,173,0.0,0.6878612716763006,25,0.20857799583531136,1.0399397276005096,0.2561903254620081,0.7039538655493867
arm5_reference,push_to_zone,latency_load,23016,v2_no_torque,True,True,1.0,0.014650536624577543,0.014650536624577543,8.132354809383758e-05,720,720,0,False,,2ebd5a46a509772b,0.9555070086971931,0.26389324169140105,43.193036712635106,0,0,0,0,True,True,49,8,41,233,0.0,0.630901287553648,36,0.2863432149283808,1.0217354894103894,0.26278779579051104,0.7257639085376475
arm5_reference,push_to_zone,latency_load,23017,v2_no_torque,True,True,1.0,0.01987583674453965,0.01987583674453965,2.353917049963786e-06,720,720,0,False,,2ebd5a46a509772b,0.9227882499968978,0.256924056114303,38.82652185385358,0,0,0,0,True,True,50,12,38,192,0.0,0.640625,26,0.2042671994020459,0.9743836109294075,0.2539924644646233,0.7299137622323686
arm5_reference,push_to_zone,latency_load,23018,v2_no_torque,False,False,0.3333333333333333,0.3259290715156763,0.3259290715156763,0.015301465544044672,720,215,0,True,stage_timeout,2ebd5a46a509772b,0.6636493930715064,0.2785765914891834,31.490588015801734,0,0,0,0,False,False,48,11,37,0,0.0,0.0,0,0.0,0.0,nan,nan
arm5_reference,push_to_zone,latency_load,23019,v2_no_torque,True,True,1.0,0.01223103979277567,0.01223103979277567,3.767249684542601e-05,720,720,0,False,,2ebd5a46a509772b,0.8746764277659547,0.25524604491859393,37.17670488854459,0,0,0,0,True,True,44,11,33,153,0.0,0.6666666666666666,22,0.19657991845008685,0.9301295857850819,0.2553190609776717,0.6865080630537408
arm5_reference,push_to_zone,latency_load,23020,v2_no_torque,True,True,1.0,0.006863044854388111,0.006863044854388111,0.00034809467231450736,720,720,0,False,,2ebd5a46a509772b,0.8437773055807112,0.2520037586652989,37.0000036969588,0,0,0,0,True,True,54,12,42,173,0.0,0.6589595375722543,26,0.20639266756395835,0.9361386615557503,0.25201584872342614,0.6765364333311568
arm5_reference,push_to_zone,latency_load,23021,v2_no_torque,True,True,1.0,0.010331490644753293,0.010331490644753293,0.003475375413103576,720,720,0,False,,2ebd5a46a509772b,0.9026283923702167,0.2582481688034735,40.16891731265374,0,0,0,0,True,True,58,15,43,193,0.0,0.6424870466321243,29,0.2431811310647314,0.9240985232839108,0.25793160490769956,0.7090665263164166
arm5_reference,push_to_zone,latency_load,23022,v2_no_torque,True,True,1.0,0.009213091074069963,0.009213091074069963,0.0013060171204527873,720,720,0,False,,2ebd5a46a509772b,0.8276706001510341,0.24573830149067544,35.35550125589155,0,0,0,0,True,True,47,9,38,180,0.0,0.7,30,0.21850553398856207,0.9853142708434057,0.24438775382884395,0.703410810843013
arm5_reference,push_to_zone,latency_load,23023,v2_no_torque,True,True,1.0,0.011258848337285379,0.011258848337285379,5.7473841806093934e-11,720,720,0,False,,2ebd5a46a509772b,0.9979847922221317,0.2653094978348988,43.86640031385138,0,0,0,0,True,True,52,8,44,145,0.0,0.5379310344827586,20,0.2044379322203741,0.6579774996175256,0.2627333075664029,0.7661864556899927
arm5_reference,push_to_zone,latency_load,23024,v2_no_torque,True,True,1.0,0.013738716043454741,0.013738716043454741,0.0007003993640413461,720,720,0,False,,2ebd5a46a509772b,0.8755969955911425,0.25386611008218124,37.064121033477974,0,0,0,0,True,True,42,6,36,208,0.0,0.7451923076923077,29,0.245902732918372,1.0281391018131556,0.25382216552453735,0.7105661518672877
arm5_reference,push_to_zone,severe,23001,v2_no_torque,False,False,0.0,0.19608567980304753,0.19608567980304753,3.5443283909622096e-11,720,135,0,True,stage_timeout,2ebd5a46a509772b,0.7864291552308194,0.2844236802567871,136.70616359020897,0,0,0,0,False,False,0,0,0,0,0.0,0.0,0,0.0,0.0,nan,nan
arm5_reference,push_to_zone,severe,23002,v2_no_torque,False,False,0.0,0.20338002486828877,0.20338002486828877,4.889157745928703e-08,720,135,0,True,stage_timeout,2ebd5a46a509772b,0.7642265234540546,0.28200315824804933,136.80164285499424,0,0,0,0,False,False,0,0,0,0,0.0,0.0,0,0.0,0.0,nan,nan
arm5_reference,push_to_zone,severe,23003,v2_no_torque,False,False,0.0,0.2517098986403912,0.2517098986403912,5.136945447307281e-11,720,135,0,True,stage_timeout,2ebd5a46a509772b,0.8215871463863489,0.28427588498447276,141.30734296763038,0,0,0,0,False,False,0,0,0,0,0.0,0.0,0,0.0,0.0,nan,nan
arm5_reference,push_to_zone,severe,23004,v2_no_torque,False,False,0.0,0.241407748073096,0.241407748073096,8.760694274874964e-08,720,135,0,True,stage_timeout,2ebd5a46a509772b,0.8368886273788751,0.28488946936462395,140.02043902701004,0,0,0,0,False,False,0,0,0,0,0.0,0.0,0,0.0,0.0,nan,nan
arm5_reference,push_to_zone,severe,23005,v2_no_torque,False,False,0.0,0.25518471379387836,0.25518471379387836,9.015403835245676e-08,720,135,0,True,stage_timeout,2ebd5a46a509772b,0.8169276833228074,0.2858393236292228,139.722850512875,0,0,0,0,False,False,0,0,0,0,0.0,0.0,0,0.0,0.0,nan,nan
arm5_reference,push_to_zone,severe,23006,v2_no_torque,False,False,0.0,0.2315460862750827,0.2315460862750827,3.059175844989642e-07,720,135,0,True,stage_timeout,2ebd5a46a509772b,0.7880707773999158,0.28458542801662634,137.74696435775272,0,0,0,0,False,False,0,0,0,0,0.0,0.0,0,0.0,0.0,nan,nan
arm5_reference,push_to_zone,severe,23007,v2_no_torque,False,False,0.0,0.23395226555159,0.23395226555159,5.5096029712273785e-11,720,135,0,True,stage_timeout,2ebd5a46a509772b,0.8905050730376389,0.28659932102388047,145.01840011848654,0,0,0,0,False,False,0,0,0,0,0.0,0.0,0,0.0,0.0,nan,nan
arm5_reference,push_to_zone,severe,23008,v2_no_torque,False,False,0.0,0.26949333745410436,0.26949333745410436,2.0589287070522177e-07,720,135,0,True,stage_timeout,2ebd5a46a509772b,0.8337474942313712,0.284486252871375,139.3552864774209,0,0,0,0,False,False,0,0,0,0,0.0,0.0,0,0.0,0.0,nan,nan
arm5_reference,push_to_zone,severe,23009,v2_no_torque,False,False,0.0,0.22595258050963182,0.22595258050963182,3.3102026349547205e-11,720,135,0,True,stage_timeout,2ebd5a46a509772b,0.7805075645066086,0.28180450610633906,136.19570553838545,0,0,0,0,False,False,0,0,0,0,0.0,0.0,0,0.0,0.0,nan,nan
arm5_reference,push_to_zone,severe,23010,v2_no_torque,False,False,0.0,0.22243883460127822,0.22243883460127822,1.3658202124256154e-07,720,135,0,True,stage_timeout,2ebd5a46a509772b,0.8453822268721587,0.28655084328476493,141.4117880022027,0,0,0,0,False,False,0,0,0,0,0.0,0.0,0,0.0,0.0,nan,nan
arm5_reference,push_to_zone,severe,23011,v2_no_torque,False,False,0.0,0.27791631390959176,0.27791631390959176,0.15084352623883066,720,135,0,True,stage_timeout,2ebd5a46a509772b,0.8703754026880022,0.28200464348538434,140.0271149839555,0,0,0,0,False,False,0,0,0,0,0.0,0.0,0,0.0,0.0,nan,nan
arm5_reference,push_to_zone,severe,23012,v2_no_torque,False,False,0.0,0.22482668102232686,0.22482668102232686,0.08267007842140653,720,135,0,True,stage_timeout,2ebd5a46a509772b,0.7995436272016292,0.28426661052078744,138.15120859631745,0,0,0,0,False,False,0,0,0,0,0.0,0.0,0,0.0,0.0,nan,nan
arm5_reference,push_to_zone,severe,23013,v2_no_torque,False,False,0.0,0.23903764357087812,0.23903764357087812,3.954746343623538e-11,720,135,0,True,stage_timeout,2ebd5a46a509772b,0.8193893869401982,0.2859174291713134,141.97476306076123,0,0,0,0,False,False,0,0,0,0,0.0,0.0,0,0.0,0.0,nan,nan
arm5_reference,push_to_zone,severe,23014,v2_no_torque,False,False,0.0,0.2034010220584128,0.2034010220584128,0.14612977842996933,720,135,0,True,stage_timeout,2ebd5a46a509772b,0.825695290291173,0.28557609835850084,140.99383873112365,0,0,0,0,False,False,0,0,0,0,0.0,0.0,0,0.0,0.0,nan,nan
arm5_reference,push_to_zone,severe,23015,v2_no_torque,False,False,0.0,0.2290367123394645,0.2290367123394645,3.807411223498406e-11,720,135,0,True,stage_timeout,2ebd5a46a509772b,0.8180480209355605,0.28362710182551437,136.58214449392128,0,0,0,0,False,False,0,0,0,0,0.0,0.0,0,0.0,0.0,nan,nan
arm5_reference,push_to_zone,severe,23016,v2_no_torque,False,False,0.0,0.19454723654912198,0.19454723654912198,0.14472305637134997,720,135,0,True,stage_timeout,2ebd5a46a509772b,0.8366849837781536,0.2850660023749717,139.43739665681693,0,0,0,0,False,False,0,0,0,0,0.0,0.0,0,0.0,0.0,nan,nan
arm5_reference,push_to_zone,severe,23017,v2_no_torque,False,False,0.0,0.22235040049654048,0.22235040049654048,1.0479654562314688e-08,720,135,0,True,stage_timeout,2ebd5a46a509772b,0.8461306413217349,0.2862812571433156,139.4634833105603,0,0,0,0,False,False,0,0,0,0,0.0,0.0,0,0.0,0.0,nan,nan
arm5_reference,push_to_zone,severe,23018,v2_no_torque,False,False,0.0,0.2130571147620249,0.2130571147620249,0.13456290011654973,720,135,0,True,stage_timeout,2ebd5a46a509772b,0.7497398835694997,0.28032220677347214,131.82457318856498,0,0,0,0,False,False,0,0,0,0,0.0,0.0,0,0.0,0.0,nan,nan
arm5_reference,push_to_zone,severe,23019,v2_no_torque,False,False,0.0,0.22396842738895417,0.22396842738895417,4.826229401436139e-08,720,135,0,True,stage_timeout,2ebd5a46a509772b,0.8207721651773103,0.28408233859435156,137.31724251716741,0,0,0,0,False,False,0,0,0,0,0.0,0.0,0,0.0,0.0,nan,nan
arm5_reference,push_to_zone,severe,23020,v2_no_torque,False,False,0.0,0.23680301771543585,0.23680301771543585,1.966421138066631e-11,720,135,0,True,stage_timeout,2ebd5a46a509772b,0.7812662239876262,0.28241107341132715,136.59084212377357,0,0,0,0,False,False,0,0,0,0,0.0,0.0,0,0.0,0.0,nan,nan
arm5_reference,push_to_zone,severe,23021,v2_no_torque,False,False,0.0,0.22756160574278006,0.22756160574278006,1.4727297370015021e-07,720,135,0,True,stage_timeout,2ebd5a46a509772b,0.8139295873025079,0.28758442829122427,139.05726441806675,0,0,0,0,False,False,0,0,0,0,0.0,0.0,0,0.0,0.0,nan,nan
arm5_reference,push_to_zone,severe,23022,v2_no_torque,False,False,0.0,0.2624825318265328,0.2624825318265328,6.406147595717475e-07,720,135,0,True,stage_timeout,2ebd5a46a509772b,0.7864626255917195,0.2850988533677338,137.63553404017432,0,0,0,0,False,False,0,0,0,0,0.0,0.0,0,0.0,0.0,nan,nan
arm5_reference,push_to_zone,severe,23023,v2_no_torque,False,False,0.0,0.27493068752875394,0.27493068752875394,6.017537196262294e-09,720,135,0,True,stage_timeout,2ebd5a46a509772b,0.9021104311003025,0.2877585568661475,142.58677482088743,0,0,0,0,False,False,0,0,0,0,0.0,0.0,0,0.0,0.0,nan,nan
arm5_reference,push_to_zone,severe,23024,v2_no_torque,False,False,0.0,0.22383916027710735,0.22383916027710735,1.8175994277833267e-08,720,135,0,True,stage_timeout,2ebd5a46a509772b,0.8039520421978108,0.2842440507038297,136.3416430024525,0,0,0,0,False,False,0,0,0,0,0.0,0.0,0,0.0,0.0,nan,nan
arm5_distal_heavy,push_to_zone,nominal,23001,v2_no_torque,True,True,1.0,0.027588990474752228,0.027588990474752228,6.136847236961945e-12,720,720,0,False,,2ebd5a46a509772b,0.7304567116156564,0.2293237888362167,27.80771763884899,0,0,0,0,True,True,34,5,29,159,0.0,0.5974842767295597,24,0.1719221636854303,1.0320604410602643,0.2318254325935732,0.5030800179107833
arm5_distal_heavy,push_to_zone,nominal,23002,v2_no_torque,True,True,1.0,0.007039814292123345,0.007039814292123345,0.00024141988415476333,720,720,0,False,,2ebd5a46a509772b,0.6836445528812605,0.22513569295758334,26.486788992910757,0,0,0,0,True,True,30,5,25,152,0.0,0.618421052631579,27,0.19106616760578454,0.8418938506345672,0.22551852667656244,0.4707430870358458
arm5_distal_heavy,push_to_zone,nominal,23003,v2_no_torque,True,True,1.0,0.03328766888477832,0.03328766888477832,0.11348480665633741,720,720,0,False,,2ebd5a46a509772b,0.8039586132938776,0.24498302616651385,36.45981421277983,0,0,0,0,True,True,35,5,30,153,0.006535947712418301,0.477124183006536,18,0.14656515679352008,0.770831717321364,0.24492458261612843,0.5340427032524961
arm5_distal_heavy,push_to_zone,nominal,23004,v2_no_torque,True,True,1.0,0.019077545050108027,0.019077545050108027,3.65688886541263e-11,720,720,0,False,,2ebd5a46a509772b,0.7955627948423292,0.23926912005769474,31.388037376656353,0,0,0,0,True,True,30,4,26,151,0.0,0.5562913907284768,24,0.17068026191366642,0.9924858434774618,0.24061812603765928,0.5442640357505808
arm5_distal_heavy,push_to_zone,nominal,23005,v2_no_torque,True,True,1.0,0.011732736709613173,0.011732736709613173,8.804625685405371e-05,720,720,0,False,,2ebd5a46a509772b,0.7996693592590187,0.23853775925895393,29.216204612247324,0,0,0,0,True,True,30,5,25,158,0.0,0.5443037974683544,24,0.19630583736673746,0.8806897047796327,0.23897862710462697,0.5590760022436236
arm5_distal_heavy,push_to_zone,nominal,23006,v2_no_torque,True,True,1.0,0.0202769890474757,0.0202769890474757,2.160648074599069e-11,720,720,0,False,,2ebd5a46a509772b,0.7613344792962526,0.23658572976659792,29.413369911638817,0,0,0,0,True,True,34,5,29,150,0.0,0.56,21,0.17673174996273794,0.9015874667959912,0.23732190986537954,0.5313913575860281
arm5_distal_heavy,push_to_zone,nominal,23007,v2_no_torque,True,True,1.0,0.030093619764471193,0.030093619764471193,1.849241990164922e-05,720,720,0,False,,2ebd5a46a509772b,0.9015419731227985,0.25089353302329964,35.03801231270627,0,0,0,0,True,True,28,4,24,164,0.006097560975609756,0.524390243902439,25,0.1644094526217558,0.7452847929798271,0.2501937467655887,0.6352896948889049
arm5_distal_heavy,push_to_zone,nominal,23008,v2_no_torque,True,True,1.0,0.008346329577612548,0.008346329577612548,5.3931114173735864e-11,720,720,0,False,,2ebd5a46a509772b,0.8896521991079065,0.25571827041340367,33.140309998772175,0,0,0,0,True,True,33,5,28,147,0.006802721088435374,0.5170068027210885,20,0.19056070647626985,0.8019190778454107,0.257227565015009,0.6208502754068714
arm5_distal_heavy,push_to_zone,nominal,23009,v2_no_torque,True,True,1.0,0.011756981542403979,0.011756981542403979,1.3129075439229214e-05,720,720,0,False,,2ebd5a46a509772b,0.7924436760981326,0.2433430219482559,29.53349530183869,0,0,0,0,True,True,28,4,24,129,0.0,0.4883720930232558,17,0.17270099497851416,0.7552065130142911,0.24494466049452845,0.5558984553295754
arm5_distal_heavy,push_to_zone,nominal,23010,v2_no_torque,True,True,1.0,0.009081470924590229,0.009081470924590229,4.767645706394181e-05,720,720,0,False,,2ebd5a46a509772b,0.8516597972625164,0.24405164616874722,29.3946046912268,0,0,0,0,True,True,34,5,29,154,0.0,0.6103896103896104,24,0.19571610479497256,0.89785461562516,0.24553987724402154,0.6242821643064813
arm5_distal_heavy,push_to_zone,nominal,23011,v2_no_torque,False,False,0.6666666666666666,0.026059998348225352,0.026059998348225352,0.17472570535839227,720,477,0,True,stage_timeout,2ebd5a46a509772b,1.0281138658808402,0.2731992033646058,36.0074530402719,0,0,0,0,True,True,33,5,28,330,0.006060606060606061,0.2909090909090909,24,0.18153973431436804,0.5298653068630675,0.2661183746062737,0.7319260558683287
arm5_distal_heavy,push_to_zone,nominal,23012,v2_no_torque,True,True,1.0,0.029418743676589684,0.029418743676589684,0.00012646947128378436,720,720,0,False,,2ebd5a46a509772b,0.7885984325466473,0.2363719079216926,25.95204654294138,0,0,0,0,True,True,25,4,21,134,0.0,0.5970149253731343,23,0.17160734100361832,0.8175312767344259,0.24080014248170656,0.5735888845325365
arm5_distal_heavy,push_to_zone,nominal,23013,v2_no_torque,True,True,1.0,0.018664269492144166,0.018664269492144166,8.5133039836832e-05,720,720,0,False,,2ebd5a46a509772b,0.8005476219959964,0.24069539800986786,29.572106245852815,0,0,0,0,True,True,33,5,28,145,0.0,0.5310344827586206,24,0.17858212973209608,0.9095534525511371,0.2418817373612182,0.5699846452418482
arm5_distal_heavy,push_to_zone,nominal,23014,v2_no_torque,True,True,1.0,0.029111578472758574,0.029111578472758574,0.1135057635451204,720,720,0,False,,2ebd5a46a509772b,0.8377049204396072,0.24572799557637248,33.22087778148055,0,0,0,0,True,True,32,5,27,156,0.00641025641025641,0.5705128205128205,23,0.16937655409196142,0.9243780158437304,0.2453219646647534,0.5637752060948835
arm5_distal_heavy,push_to_zone,nominal,23015,v2_no_torque,True,True,1.0,0.025638078644184097,0.025638078644184097,0.10312005663228109,720,720,0,False,,2ebd5a46a509772b,0.8615618122957047,0.25029799561727634,30.564049307092336,0,0,0,0,True,True,34,5,29,142,0.007042253521126761,0.5704225352112676,21,0.16863330464626924,0.847807995115239,0.25266939653667475,0.6107760392692994
arm5_distal_heavy,push_to_zone,nominal,23016,v2_no_torque,True,True,1.0,0.014151307543742381,0.014151307543742381,2.2677356997488682e-11,720,720,0,False,,2ebd5a46a509772b,0.871681761712737,0.2514370161283392,34.62470245586701,0,0,0,0,True,True,35,5,30,170,0.0058823529411764705,0.5176470588235295,23,0.18538181903439913,0.9534876238687379,0.2512432841648824,0.6112327884725466
arm5_distal_heavy,push_to_zone,nominal,23017,v2_no_torque,True,True,1.0,0.008907771763663398,0.008907771763663398,0.0001796456687486366,720,720,0,False,,2ebd5a46a509772b,0.8388434587737588,0.2430427545611558,28.194893943783374,0,0,0,0,True,True,26,4,22,156,0.0,0.5769230769230769,27,0.19459953242270045,0.9270072399169774,0.24322576892404077,0.6040060504407556
arm5_distal_heavy,push_to_zone,nominal,23018,v2_no_torque,True,True,1.0,0.007814325372908127,0.007814325372908127,1.6892139383917538e-06,720,720,0,False,,2ebd5a46a509772b,0.8269862085797084,0.2502151686768448,28.861985526104597,0,0,0,0,True,True,31,5,26,155,0.0,0.5161290322580645,23,0.19808049620765392,0.7711606270766352,0.25008141129322436,0.5875351885824767
arm5_distal_heavy,push_to_zone,nominal,23019,v2_no_torque,True,True,1.0,0.008325948782383411,0.008325948782383411,9.951356775113306e-05,720,720,0,False,,2ebd5a46a509772b,0.8405281430667983,0.2496166338037125,32.0584723093867,0,0,0,0,True,True,29,4,25,141,0.0070921985815602835,0.5106382978723404,22,0.18622381290276413,0.8553146558891732,0.2509995870424483,0.5911628896634378
arm5_distal_heavy,push_to_zone,nominal,23020,v2_no_torque,True,True,1.0,0.02970348560568203,0.02970348560568203,2.2764813315925835e-11,720,720,0,False,,2ebd5a46a509772b,0.815148730024974,0.24639993967623425,28.99161684566654,0,0,0,0,True,True,26,4,22,146,0.0,0.5958904109589042,26,0.16365492367122228,0.8617407629780615,0.24723523770027894,0.5832763540091976
arm5_distal_heavy,push_to_zone,nominal,23021,v2_no_torque,True,True,1.0,0.007198207731789122,0.007198207731789122,0.00021059304093923306,720,720,0,False,,2ebd5a46a509772b,0.8411926651885966,0.24685186391396075,28.182112171446324,0,0,0,0,True,True,33,5,28,159,0.0,0.6163522012578616,26,0.1970793026828416,0.9975829794916108,0.24710721719097098,0.6133635146748135
arm5_distal_heavy,push_to_zone,nominal,23022,v2_no_torque,True,True,1.0,0.012564612728127108,0.012564612728127108,0.00027754963069247354,720,720,0,False,,2ebd5a46a509772b,0.7670103191424222,0.2339647269921149,25.600357715607746,0,0,0,0,True,True,35,6,29,164,0.0,0.6280487804878049,26,0.1946586767546138,1.060280737912513,0.234923114207994,0.567505703913076
arm5_distal_heavy,push_to_zone,nominal,23023,v2_no_torque,False,True,1.0,0.019315298292626206,0.019315298292626206,0.12277619543164563,720,720,0,True,post_completion_instability,2ebd5a46a509772b,0.9408807959091665,0.2564278818367181,31.92307109375431,0,0,0,0,True,True,28,5,23,145,0.006896551724137931,0.5310344827586206,21,0.1799987210824714,0.771183912317872,0.2572806328080663,0.68798051814312
arm5_distal_heavy,push_to_zone,nominal,23024,v2_no_torque,True,True,1.0,0.022277965768027864,0.022277965768027864,0.00011061978925125268,720,720,0,False,,2ebd5a46a509772b,0.8096443447882158,0.24232555041912715,27.82817027706593,0,0,0,0,True,True,32,5,27,149,0.0,0.5369127516778524,23,0.18083412769732649,0.8724185839972619,0.24296069464544348,0.5855755659393549
arm5_distal_heavy,push_to_zone,low_friction,23001,v2_no_torque,True,True,1.0,0.006534295870374323,0.006534295870374323,0.0006366828123211544,720,720,0,False,,2ebd5a46a509772b,0.7630594659971113,0.23664081613486493,26.936627195950965,0,0,0,0,True,True,35,8,27,174,0.0,0.7183908045977011,25,0.19252917988560492,1.0883057814080799,0.23193291916073666,0.5494731820254035
arm5_distal_heavy,push_to_zone,low_friction,23002,v2_no_torque,True,True,1.0,0.008797071994959741,0.008797071994959741,0.0003157893836916391,720,720,0,False,,2ebd5a46a509772b,0.7460161633231008,0.2367244771440568,30.049100288020302,0,0,0,0,True,True,34,8,26,180,0.0,0.7333333333333333,26,0.18906509446027683,1.1702194004814095,0.2326877141711729,0.5195905836319512
arm5_distal_heavy,push_to_zone,low_friction,23003,v2_no_torque,True,True,1.0,0.007184772593402062,0.007184772593402062,0.00019328990436139152,720,720,0,False,,2ebd5a46a509772b,0.839073428658621,0.2516211602858866,33.97849668853481,0,0,0,0,True,True,32,9,23,155,0.0,0.5741935483870968,26,0.18537486106642787,1.0025816746607283,0.24939335232002216,0.6195032194514174
arm5_distal_heavy,push_to_zone,low_friction,23004,v2_no_torque,True,True,1.0,0.023696021035217927,0.023696021035217927,4.094505147640352e-05,720,720,0,False,,2ebd5a46a509772b,0.857248157799861,0.25003167435738194,31.29358245731851,0,0,0,0,True,True,31,9,22,153,0.0,0.5947712418300654,23,0.16626349634937096,0.8760002183527409,0.24608412555184392,0.6224438670589096
arm5_distal_heavy,push_to_zone,low_friction,23005,v2_no_torque,True,True,1.0,0.02112936953058392,0.02112936953058392,0.00040196521764210427,720,720,0,False,,2ebd5a46a509772b,0.8320823607532097,0.24536639293427998,28.15536659601016,0,0,0,0,True,True,37,9,28,178,0.0,0.6797752808988764,30,0.1990035371601478,1.020193319608281,0.24245806775220016,0.6317101143607342
arm5_distal_heavy,push_to_zone,low_friction,23006,v2_no_torque,True,True,1.0,0.02957044121852733,0.02957044121852733,0.00013783005569075076,720,720,0,False,,2ebd5a46a509772b,0.8223640752639176,0.24761319550831257,32.137417749691345,0,0,0,0,True,True,33,8,25,148,0.0,0.5743243243243243,22,0.16734938944887787,0.8484041532513006,0.2460993526294901,0.5925766766387541
arm5_distal_heavy,push_to_zone,low_friction,23007,v2_no_torque,True,True,1.0,0.015407155437931426,0.015407155437931426,0.00014141510048483713,720,720,0,False,,2ebd5a46a509772b,0.9036317805194849,0.25299897562015694,30.477850951758377,0,0,0,0,True,True,29,8,21,146,0.0,0.6506849315068494,23,0.1848467736991957,0.9449756969445128,0.25083953990478813,0.6916750113242958
arm5_distal_heavy,push_to_zone,low_friction,23008,v2_no_torque,True,True,1.0,0.021025117373506357,0.021025117373506357,3.2490203739804754e-05,720,720,0,False,,2ebd5a46a509772b,0.8949749538263994,0.2577588157725565,32.16479032053538,0,0,0,0,True,True,37,9,28,145,0.0,0.5448275862068965,26,0.17483062664436,0.7693383634213872,0.2559547368298605,0.6855094587100363
arm5_distal_heavy,push_to_zone,low_friction,23009,v2_no_torque,True,True,1.0,0.018129235108434522,0.018129235108434522,0.00019614700567015963,720,720,0,False,,2ebd5a46a509772b,0.8315089203176464,0.2510494264551346,31.075768006454762,0,0,0,0,True,True,30,6,24,142,0.0,0.6197183098591549,18,0.1678917808270952,1.0564713310313278,0.250499893849164,0.6159260559481701
arm5_distal_heavy,push_to_zone,low_friction,23010,v2_no_torque,True,True,1.0,0.007443475400179086,0.007443475400179086,6.604185585104203e-05,720,720,0,False,,2ebd5a46a509772b,0.8859299868894639,0.25124177780912166,31.483058115562052,0,0,0,0,True,True,37,10,27,161,0.0,0.5838509316770186,26,0.20095683436168754,0.8496678141289711,0.2484653026430726,0.6674353408574065
arm5_distal_heavy,push_to_zone,low_friction,23011,v2_no_torque,True,True,1.0,0.035013441417826766,0.035013441417826766,2.4001033136972046e-11,720,720,0,False,,2ebd5a46a509772b,1.028543580049165,0.2738109733314577,39.250244228419774,0,0,0,0,True,True,55,9,46,170,0.011764705882352941,0.49411764705882355,22,0.15733907692111132,0.7752491821455958,0.27019318736128056,0.7695098080771872
arm5_distal_heavy,push_to_zone,low_friction,23012,v2_no_torque,True,True,1.0,0.0075231148700488516,0.0075231148700488516,4.498227310640486e-07,720,720,0,False,,2ebd5a46a509772b,0.8333790091515558,0.24540936816767597,29.13595211154891,0,0,0,0,True,True,33,8,25,167,0.0,0.6167664670658682,23,0.19864795951222103,1.049235113686545,0.2417422198031024,0.6095067820916173
arm5_distal_heavy,push_to_zone,low_friction,23013,v2_no_torque,True,True,1.0,0.009847097880338251,0.009847097880338251,0.0004486535464416207,720,720,0,False,,2ebd5a46a509772b,0.836990965758154,0.24805435182380925,31.076017530666363,0,0,0,0,True,True,34,8,26,159,0.0,0.6226415094339622,25,0.19184650186742258,0.9216729943017052,0.24512810031119528,0.6250990566798915
arm5_distal_heavy,push_to_zone,low_friction,23014,v2_no_torque,True,True,1.0,0.025158965059409944,0.025158965059409944,1.5951529452814344e-05,720,720,0,False,,2ebd5a46a509772b,0.883065082963425,0.25414075481161646,34.02273829687252,0,0,0,0,True,True,36,9,27,161,0.0,0.5590062111801242,24,0.18792551588070547,0.7486122894516365,0.25204987600168144,0.6510919128315114
arm5_distal_heavy,push_to_zone,low_friction,23015,v2_no_torque,True,True,1.0,0.007806581115898471,0.007806581115898471,1.8996708459061515e-07,720,720,0,False,,2ebd5a46a509772b,0.9054375788779541,0.2583418511793968,33.8190979180457,0,0,0,0,True,True,29,6,23,162,0.012345679012345678,0.48148148148148145,22,0.1885747141209598,0.7577032288670315,0.2551349625088122,0.6648474770015995
arm5_distal_heavy,push_to_zone,low_friction,23016,v2_no_torque,True,True,1.0,0.014332358526993013,0.014332358526993013,0.00019121438683900917,720,720,0,False,,2ebd5a46a509772b,0.886315846348608,0.2549630035609526,30.93814223375292,0,0,0,0,True,True,39,9,30,164,0.0,0.6219512195121951,29,0.1964414192104039,0.8122850429331219,0.25258435275259983,0.6698854082568704
arm5_distal_heavy,push_to_zone,low_friction,23017,v2_no_torque,True,True,1.0,0.010384890550459294,0.010384890550459294,1.4795236960810653e-06,720,720,0,False,,2ebd5a46a509772b,0.8897698976230126,0.2525041824147798,30.606792851679216,0,0,0,0,True,True,30,9,21,155,0.0,0.6,26,0.19099490237335656,0.9350774919200631,0.24996548045611575,0.652203962713108
arm5_distal_heavy,push_to_zone,low_friction,23018,v2_no_torque,True,True,1.0,0.035992146701688515,0.035992146701688515,2.160066896575609e-11,720,720,0,False,,2ebd5a46a509772b,0.8537257200838322,0.25565428650842636,31.979069275367955,0,0,0,0,True,True,50,11,39,169,0.0,0.6272189349112426,29,0.1802317377612233,1.0305387914815833,0.2570149524525032,0.6544911258243906
arm5_distal_heavy,push_to_zone,low_friction,23019,v2_no_torque,True,True,1.0,0.009986813509822773,0.009986813509822773,1.2623384263320393e-05,720,720,0,False,,2ebd5a46a509772b,0.8940698832981002,0.2586698682290133,35.04317539600392,0,0,0,0,True,True,32,6,26,162,0.0,0.5246913580246914,23,0.18607020546947295,0.783292768716859,0.2561990556873988,0.6538055836126766
arm5_distal_heavy,push_to_zone,low_friction,23020,v2_no_torque,True,True,1.0,0.02389265302418796,0.02389265302418796,3.526237145905325e-11,720,720,0,False,,2ebd5a46a509772b,0.8645349602667152,0.2553845754211012,33.53753330971993,0,0,0,0,True,True,32,10,22,159,0.0,0.5534591194968553,24,0.1744126859118994,0.7549592033560102,0.25290583528596083,0.6291557267635639
arm5_distal_heavy,push_to_zone,low_friction,23021,v2_no_torque,True,True,1.0,0.030022938843142687,0.030022938843142687,1.0378540266745796e-11,720,720,0,False,,2ebd5a46a509772b,0.8796849254884584,0.2547636947920746,31.626159236072247,0,0,0,0,True,True,30,7,23,154,0.0,0.6038961038961039,24,0.16159822022847914,0.982570067679907,0.2529314248028277,0.6626103635693488
arm5_distal_heavy,push_to_zone,low_friction,23022,v2_no_torque,True,True,1.0,0.028226581187181483,0.028226581187181483,0.0006896217277611128,720,720,0,False,,2ebd5a46a509772b,0.7896867102122984,0.23962952073306207,25.20423310107434,0,0,0,0,True,True,30,8,22,161,0.0,0.7018633540372671,26,0.18723381050720225,0.8750043791585134,0.23653356374403528,0.6336213081601061
arm5_distal_heavy,push_to_zone,low_friction,23023,v2_no_torque,True,True,1.0,0.01183113202018591,0.01183113202018591,6.657626514559334e-05,720,720,0,False,,2ebd5a46a509772b,0.9554281603754577,0.2600839218263522,30.850734424530916,0,0,0,0,True,True,46,9,37,147,0.0,0.6054421768707483,21,0.1835391401429711,0.8957742740363753,0.2580937276698595,0.737091892568912
arm5_distal_heavy,push_to_zone,low_friction,23024,v2_no_torque,True,True,1.0,0.010528777310767052,0.010528777310767052,4.092131823188735e-05,720,720,0,False,,2ebd5a46a509772b,0.8447545144343516,0.2493593622804541,29.75380065784839,0,0,0,0,True,True,34,11,23,162,0.0,0.6851851851851852,26,0.1900539622630299,1.0345518790550872,0.24660078064182567,0.6229985726819609
arm5_distal_heavy,push_to_zone,latency_load,23001,v2_no_torque,True,True,1.0,0.015332107347343676,0.015332107347343676,0.0012318800873696192,720,720,0,False,,2ebd5a46a509772b,0.8635148834726667,0.25169675609465136,38.826072814156625,0,0,0,0,True,True,40,8,32,170,0.0,0.6235294117647059,29,0.19296736834379669,0.8971240349794101,0.24807096184292105,0.6635187644232623
arm5_distal_heavy,push_to_zone,latency_load,23002,v2_no_torque,True,True,1.0,0.006265020670156365,0.006265020670156365,0.0003488145692337535,720,720,0,False,,2ebd5a46a509772b,0.838390301368376,0.2503631239376079,39.13672738816255,0,0,0,0,True,True,41,9,32,180,0.0,0.6722222222222223,28,0.2077763078301953,0.92144449314135,0.24759367680824523,0.6348212672381734
arm5_distal_heavy,push_to_zone,latency_load,23003,v2_no_torque,True,True,1.0,0.01438102300783413,0.01438102300783413,1.697530453097965e-05,720,720,0,False,,2ebd5a46a509772b,0.9183883244455489,0.2616682140732223,41.85454433893169,0,0,0,0,True,True,56,11,45,146,0.0,0.5821917808219178,20,0.16861068579435648,1.0376810763004016,0.2621087238816566,0.7362737977962461
arm5_distal_heavy,push_to_zone,latency_load,23004,v2_no_torque,True,True,1.0,0.016044175828866376,0.016044175828866376,6.596479095727396e-05,720,720,0,False,,2ebd5a46a509772b,0.9391984774997393,0.2607600459031591,40.543217074430984,0,0,0,0,True,True,60,12,48,143,0.0,0.5664335664335665,21,0.17512639576288364,0.7845395851032017,0.25885483960978023,0.7279029185007211
arm5_distal_heavy,push_to_zone,latency_load,23005,v2_no_torque,True,True,1.0,0.006009949155339263,0.006009949155339263,2.0259433140305378e-05,720,720,0,False,,2ebd5a46a509772b,0.9206365554455211,0.2576329700194448,39.47991705387725,0,0,0,0,True,True,55,7,48,164,0.0,0.6158536585365854,28,0.20950349498399579,0.8839002523984565,0.25640601562638815,0.7371727870707967
arm5_distal_heavy,push_to_zone,latency_load,23006,v2_no_torque,True,True,1.0,0.010484343457059212,0.010484343457059212,0.0004262161322278702,720,720,0,False,,2ebd5a46a509772b,0.8976024853472064,0.2579956249272396,40.677752499458215,0,0,0,0,True,True,55,8,47,151,0.0,0.5165562913907285,20,0.18860039849721463,0.6684042361079383,0.2560917874991738,0.6994492836097432
arm5_distal_heavy,push_to_zone,latency_load,23007,v2_no_torque,True,True,1.0,0.01470489765703012,0.01470489765703012,0.00019131588944416834,720,720,0,False,,2ebd5a46a509772b,0.9815763811069498,0.26306659056342674,39.036419633846876,0,0,0,0,True,True,59,7,52,142,0.0,0.6338028169014085,21,0.17454850415053735,0.8789020007224831,0.2627292060562827,0.7918368426269873
arm5_distal_heavy,push_to_zone,latency_load,23008,v2_no_torque,True,True,1.0,0.0373723951852505,0.0373723951852505,3.201955046406228e-05,720,720,0,False,,2ebd5a46a509772b,0.9871082854506097,0.2694272219958142,45.54639068917487,0,0,0,0,True,True,60,8,52,168,0.0,0.5773809523809523,21,0.15529932045076894,0.8825239450704461,0.2704226199410656,0.7789490593894279
arm5_distal_heavy,push_to_zone,latency_load,23009,v2_no_torque,True,True,1.0,0.018796840995288288,0.018796840995288288,2.3348002497722348e-11,720,720,0,False,,2ebd5a46a509772b,0.9211783908113134,0.26321170391864873,43.36939229828283,0,0,0,0,True,True,52,9,43,145,0.020689655172413793,0.5241379310344828,21,0.16774480666119562,0.9258775366824915,0.2623381081028411,0.7092397643545256
arm5_distal_heavy,push_to_zone,latency_load,23010,v2_no_torque,True,True,1.0,0.00659923120583503,0.00659923120583503,0.00035311076253592705,720,720,0,False,,2ebd5a46a509772b,0.9448394327345013,0.25924276469343466,38.02104281237373,0,0,0,0,True,True,48,5,43,175,0.0,0.7085714285714285,28,0.20047116174996427,1.1322972769100728,0.2580886605596668,0.7670366290612836
arm5_distal_heavy,push_to_zone,latency_load,23011,v2_no_torque,True,True,1.0,0.013667526522256534,0.013667526522256534,6.009584252005822e-11,720,720,0,False,,2ebd5a46a509772b,1.0801628621898793,0.2790258645852157,47.983551539416844,0,0,0,0,True,True,57,7,50,156,0.02564102564102564,0.5128205128205128,27,0.17537684263849246,0.9009906416827991,0.28058272555330965,0.864217640312614
arm5_distal_heavy,push_to_zone,latency_load,23012,v2_no_torque,True,True,1.0,0.00689063624850584,0.00689063624850584,7.0536988295889e-07,720,720,0,False,,2ebd5a46a509772b,0.9008378402004009,0.2551529272727353,37.64138693795826,0,0,0,0,True,True,40,7,33,165,0.0,0.6303030303030303,23,0.19859799675301215,0.9363900409260794,0.2531327216307756,0.7144451871231672
arm5_distal_heavy,push_to_zone,latency_load,23013,v2_no_torque,True,True,1.0,0.006590683490625526,0.006590683490625526,5.425164144021223e-05,720,720,0,False,,2ebd5a46a509772b,0.9261861531544267,0.26033525600304813,41.23723140986566,0,0,0,0,True,True,51,7,44,164,0.0,0.6158536585365854,24,0.19697758400572613,0.8707940296972284,0.2597426240060276,0.733498072175657
arm5_distal_heavy,push_to_zone,latency_load,23014,v2_no_torque,True,True,1.0,0.008800503765938278,0.008800503765938278,2.8179755075835762e-05,720,720,0,False,,2ebd5a46a509772b,0.952377175185412,0.2629692695760897,42.76695751135899,0,0,0,0,True,True,53,10,43,158,0.0,0.5632911392405063,24,0.20058566154555418,0.7574372584871244,0.2623321747147118,0.7573989393094158
arm5_distal_heavy,push_to_zone,latency_load,23015,v2_no_torque,True,True,1.0,0.015773937932949796,0.015773937932949796,1.4815885208857433e-07,720,720,0,False,,2ebd5a46a509772b,0.9624150334697312,0.2655644411596477,39.67426973497489,0,0,0,0,True,True,37,8,29,141,0.0,0.475177304964539,22,0.17567354391417622,0.902232099622313,0.26534641487488964,0.7570781555162811
arm5_distal_heavy,push_to_zone,latency_load,23016,v2_no_torque,True,True,1.0,0.02317248470280472,0.02317248470280472,1.612012573046099e-11,720,720,0,False,,2ebd5a46a509772b,0.9919590616363589,0.2681915955650899,45.10996050271848,0,0,0,0,True,True,60,9,51,169,0.0,0.5857988165680473,24,0.17542441944503392,0.8845006307116964,0.2670202773661427,0.7784694410552699
arm5_distal_heavy,push_to_zone,latency_load,23017,v2_no_torque,True,True,1.0,0.009523729279414795,0.009523729279414795,1.923978632929338e-06,720,720,0,False,,2ebd5a46a509772b,0.9763721006600039,0.2640196544448958,41.61172382701904,0,0,0,0,True,True,52,9,43,165,0.0,0.6303030303030303,30,0.1916900694069319,0.8013819472159845,0.26175481805091066,0.7572865479929378
arm5_distal_heavy,push_to_zone,latency_load,23018,v2_no_torque,True,True,1.0,0.017517558667901858,0.017517558667901858,4.682260312038529e-07,720,720,0,False,,2ebd5a46a509772b,0.914359681243873,0.26347313065164013,40.24545413847597,0,0,0,0,True,True,62,9,53,171,0.0,0.5146198830409356,25,0.19203159195515676,0.8737475140643085,0.26334010262907437,0.7316875051539249
arm5_distal_heavy,push_to_zone,latency_load,23019,v2_no_torque,True,True,1.0,0.015567554946222672,0.015567554946222672,3.747232212012853e-11,720,720,0,False,,2ebd5a46a509772b,0.9672289883460274,0.26761690932197796,44.74561477281888,0,0,0,0,True,True,40,7,33,156,0.01282051282051282,0.5192307692307693,22,0.170417967664838,0.9651138942529366,0.26672339547719565,0.7544931959969867
arm5_distal_heavy,push_to_zone,latency_load,23020,v2_no_torque,False,False,0.6666666666666666,0.036985781703825986,0.036985781703825986,0.1284163765347983,720,505,0,True,stage_timeout,2ebd5a46a509772b,0.9363499611816846,0.26470701752520753,42.98732726251015,0,0,0,0,True,True,53,13,40,330,0.006060606060606061,0.24545454545454545,24,0.15449794818119497,0.325518402530662,0.26309687763715456,0.7244200587376164
arm5_distal_heavy,push_to_zone,latency_load,23021,v2_no_torque,True,True,1.0,0.01912669877676957,0.01912669877676957,0.0010517643392214384,720,720,0,False,,2ebd5a46a509772b,0.9428405778725053,0.263489943358878,41.452617894431704,0,0,0,0,True,True,35,6,29,167,0.0,0.5988023952095808,25,0.17966814405030762,1.1396493850028806,0.2622456599526813,0.7507091791921439
arm5_distal_heavy,push_to_zone,latency_load,23022,v2_no_torque,True,True,1.0,0.00923897040766676,0.00923897040766676,3.7762674907503905e-06,720,720,0,False,,2ebd5a46a509772b,0.8926454207886445,0.2549970389139754,39.21365809939103,0,0,0,0,True,True,46,6,40,175,0.0,0.6514285714285715,27,0.20480821173533076,0.8738670782173993,0.2532664325605406,0.7247892463612793
arm5_distal_heavy,push_to_zone,latency_load,23023,v2_no_torque,True,True,1.0,0.011186622180956948,0.011186622180956948,4.150380079987593e-11,720,720,0,False,,2ebd5a46a509772b,1.0963362898710285,0.27712689516883277,50.051753507717606,0,0,0,0,True,True,50,7,43,152,0.02631578947368421,0.5131578947368421,20,0.17266256105565334,0.7705979183658748,0.2731905814411847,0.8407939750200368
arm5_distal_heavy,push_to_zone,latency_load,23024,v2_no_torque,True,True,1.0,0.0151254355313789,0.0151254355313789,4.349760144187753e-11,720,720,0,False,,2ebd5a46a509772b,0.958328215291615,0.26475159436767587,43.42600827833596,0,0,0,0,True,True,43,8,35,175,0.0,0.5485714285714286,26,0.19128985417840855,0.9059730331579906,0.26329014333586653,0.7423148958908308
arm5_distal_heavy,push_to_zone,severe,23001,v2_no_torque,False,False,0.0,0.24198874446791643,0.24198874446791643,2.715940721615333e-08,720,135,0,True,stage_timeout,2ebd5a46a509772b,0.7217374377833647,0.2793213078784025,60.00861048481514,0,0,0,0,False,False,7,7,0,0,0.0,0.0,0,0.0,0.0,nan,nan
arm5_distal_heavy,push_to_zone,severe,23002,v2_no_torque,False,False,0.0,0.2404436542954395,0.2404436542954395,2.088923198600243e-08,720,135,0,True,stage_timeout,2ebd5a46a509772b,0.7003259196727472,0.272315711675011,60.457454633990174,0,0,0,0,False,False,16,13,3,0,0.0,0.0,0,0.0,0.0,nan,nan
arm5_distal_heavy,push_to_zone,severe,23003,v2_no_torque,False,False,0.0,0.235501152811066,0.235501152811066,4.4338276526562026e-11,720,135,0,True,stage_timeout,2ebd5a46a509772b,0.7955343037539477,0.27657181310563694,81.08558654292356,0,0,0,0,False,False,0,0,0,0,0.0,0.0,0,0.0,0.0,nan,nan
arm5_distal_heavy,push_to_zone,severe,23004,v2_no_torque,False,False,0.0,0.2314998120145349,0.2314998120145349,4.5389176976043986e-08,720,135,0,True,stage_timeout,2ebd5a46a509772b,0.8059928236346403,0.279632986189728,73.4060824846544,0,0,0,0,False,False,2,2,0,0,0.0,0.0,0,0.0,0.0,nan,nan
arm5_distal_heavy,push_to_zone,severe,23005,v2_no_torque,False,False,0.0,0.24029338752542742,0.24029338752542742,3.983946656903625e-11,720,135,0,True,stage_timeout,2ebd5a46a509772b,0.7822083909020292,0.2760170708774789,74.51735994639978,0,0,0,0,False,False,1,1,0,0,0.0,0.0,0,0.0,0.0,nan,nan
arm5_distal_heavy,push_to_zone,severe,23006,v2_no_torque,False,False,0.0,0.24188341690214135,0.24188341690214135,6.947671922200958e-08,720,135,0,True,stage_timeout,2ebd5a46a509772b,0.7533939011523665,0.27470878596737786,69.37344641206938,0,0,0,0,False,False,3,3,0,0,0.0,0.0,0,0.0,0.0,nan,nan
arm5_distal_heavy,push_to_zone,severe,23007,v2_no_torque,False,False,0.0,0.26391159282796023,0.26391159282796023,7.722207972865154e-08,720,135,0,True,stage_timeout,2ebd5a46a509772b,0.8658304185762027,0.2835942807000164,77.25718739846856,0,0,0,0,False,False,2,2,0,0,0.0,0.0,0,0.0,0.0,nan,nan
arm5_distal_heavy,push_to_zone,severe,23008,v2_no_torque,False,False,0.0,0.2695317788957415,0.2695317788957415,5.11220392328333e-08,720,135,0,True,stage_timeout,2ebd5a46a509772b,0.8361427712850715,0.282041495587509,79.41300976297498,0,0,0,0,False,False,1,1,0,0,0.0,0.0,0,0.0,0.0,nan,nan
arm5_distal_heavy,push_to_zone,severe,23009,v2_no_torque,False,False,0.0,0.2542574323183862,0.2542574323183862,5.252419683149381e-08,720,135,0,True,stage_timeout,2ebd5a46a509772b,0.7629926860938596,0.277477184353766,75.0186204662012,0,0,0,0,False,False,2,2,0,0,0.0,0.0,0,0.0,0.0,nan,nan
arm5_distal_heavy,push_to_zone,severe,23010,v2_no_torque,False,False,0.0,0.24134393090846024,0.24134393090846024,6.039499612263512e-08,720,135,0,True,stage_timeout,2ebd5a46a509772b,0.8197577410426238,0.2800120055711142,73.06944779179754,0,0,0,0,False,False,2,2,0,0,0.0,0.0,0,0.0,0.0,nan,nan
arm5_distal_heavy,push_to_zone,severe,23011,v2_no_torque,False,False,0.0,0.25213959389161605,0.25213959389161605,1.305154954964052e-07,720,135,0,True,stage_timeout,2ebd5a46a509772b,0.898480212952059,0.28798589261692986,81.08954407504518,0,0,0,0,False,False,0,0,0,0,0.0,0.0,0,0.0,0.0,nan,nan
arm5_distal_heavy,push_to_zone,severe,23012,v2_no_torque,False,False,0.0,0.2402495265035234,0.2402495265035234,2.2362573757681714e-08,720,135,0,True,stage_timeout,2ebd5a46a509772b,0.7619665234746149,0.27621010945990493,66.49410145002487,0,0,0,0,False,False,5,5,0,0,0.0,0.0,0,0.0,0.0,nan,nan
arm5_distal_heavy,push_to_zone,severe,23013,v2_no_torque,False,False,0.0,0.2439553125496605,0.2439553125496605,2.0785544212770368e-07,720,135,0,True,stage_timeout,2ebd5a46a509772b,0.7933731851574723,0.2768476616530687,76.72268046836425,0,0,0,0,False,False,0,0,0,0,0.0,0.0,0,0.0,0.0,nan,nan
arm5_distal_heavy,push_to_zone,severe,23014,v2_no_torque,False,False,0.0,0.2747723644933928,0.2747723644933928,2.6710156503096716e-11,720,135,0,True,stage_timeout,2ebd5a46a509772b,0.813067995854365,0.2787615989557604,74.78059795148548,0,0,0,0,False,False,2,2,0,0,0.0,0.0,0,0.0,0.0,nan,nan
arm5_distal_heavy,push_to_zone,severe,23015,v2_no_torque,False,False,0.0,0.23269480625967187,0.23269480625967187,3.247459313208027e-11,720,135,0,True,stage_timeout,2ebd5a46a509772b,0.809522343870889,0.281331622859597,73.35962093780587,0,0,0,0,False,False,1,1,0,0,0.0,0.0,0,0.0,0.0,nan,nan
arm5_distal_heavy,push_to_zone,severe,23016,v2_no_torque,False,False,0.0,0.24283052590690254,0.24283052590690254,6.166169198648017e-08,720,135,0,True,stage_timeout,2ebd5a46a509772b,0.8318132795943396,0.2812888493923388,77.89270401878913,0,0,0,0,False,False,1,1,0,0,0.0,0.0,0,0.0,0.0,nan,nan
arm5_distal_heavy,push_to_zone,severe,23017,v2_no_torque,False,False,0.0,0.24018886195349748,0.24018886195349748,5.419721473798065e-11,720,135,0,True,stage_timeout,2ebd5a46a509772b,0.8094542078754037,0.28005179286833776,73.14905811572646,0,0,0,0,False,False,1,1,0,0,0.0,0.0,0,0.0,0.0,nan,nan
arm5_distal_heavy,push_to_zone,severe,23018,v2_no_torque,False,False,0.0,0.2523391256192043,0.2523391256192043,1.3754985210489778e-07,720,135,0,True,stage_timeout,2ebd5a46a509772b,0.7567773957926796,0.27608819095091,70.68142309400028,0,0,0,0,False,False,2,2,0,0,0.0,0.0,0,0.0,0.0,nan,nan
arm5_distal_heavy,push_to_zone,severe,23019,v2_no_torque,False,False,0.0,0.2621352555860778,0.2621352555860778,1.6742906619842544e-11,720,135,0,True,stage_timeout,2ebd5a46a509772b,0.8185425349987923,0.2823160528866481,74.2707481427532,0,0,0,0,False,False,1,1,0,0,0.0,0.0,0,0.0,0.0,nan,nan
arm5_distal_heavy,push_to_zone,severe,23020,v2_no_torque,False,False,0.0,0.24516868503774442,0.24516868503774442,2.985949731140999e-09,720,135,0,True,stage_timeout,2ebd5a46a509772b,0.7697265177974839,0.2763996265062228,77.90164500268227,0,0,0,0,False,False,0,0,0,0,0.0,0.0,0,0.0,0.0,nan,nan
arm5_distal_heavy,push_to_zone,severe,23021,v2_no_torque,False,False,0.0,0.2577730195972029,0.2577730195972029,3.405858555654155e-08,720,135,0,True,stage_timeout,2ebd5a46a509772b,0.8034181473621183,0.28063870628316917,73.22986691325822,0,0,0,0,False,False,2,2,0,0,0.0,0.0,0,0.0,0.0,nan,nan
arm5_distal_heavy,push_to_zone,severe,23022,v2_no_torque,False,False,0.0,0.249253228592116,0.249253228592116,6.558293506093138e-11,720,135,0,True,stage_timeout,2ebd5a46a509772b,0.7635444137560592,0.2755706446917761,68.31807582094471,0,0,0,0,False,False,3,3,0,0,0.0,0.0,0,0.0,0.0,nan,nan
arm5_distal_heavy,push_to_zone,severe,23023,v2_no_torque,False,False,0.0,0.25173324426418076,0.25173324426418076,0.09796686665908173,720,135,0,True,stage_timeout,2ebd5a46a509772b,0.8958049420216521,0.28777660777796255,78.19028751076686,0,0,0,0,False,False,1,1,0,0,0.0,0.0,0,0.0,0.0,nan,nan
arm5_distal_heavy,push_to_zone,severe,23024,v2_no_torque,False,False,0.0,0.2601640766005349,0.2601640766005349,2.8938325639267513e-11,720,135,0,True,stage_timeout,2ebd5a46a509772b,0.790181384329494,0.2811279309430706,66.44613051746356,0,0,0,0,False,False,4,4,0,0,0.0,0.0,0,0.0,0.0,nan,nan
arm5_weak_actuator,push_to_zone,nominal,23001,v2_no_torque,True,True,1.0,0.007768491087229495,0.007768491087229495,0.0004203005289085366,720,720,0,False,,2ebd5a46a509772b,0.4394008296520453,0.18780054778226996,18.33345300340775,0,0,0,0,True,True,39,5,34,173,0.0,0.7514450867052023,21,0.1717181993742496,0.947698735554963,0.18632653976984204,0.16318173576464146
arm5_weak_actuator,push_to_zone,nominal,23002,v2_no_torque,True,True,1.0,0.006849035543042858,0.006849035543042858,0.00040421580957809676,720,720,0,False,,2ebd5a46a509772b,0.3841789494271546,0.18325462248640126,18.924606399053484,0,0,0,0,True,True,36,5,31,166,0.0,0.7048192771084337,23,0.17165845767859997,0.8615981437615331,0.18070619669206253,0.08146446161397103
arm5_weak_actuator,push_to_zone,nominal,23003,v2_no_torque,True,True,1.0,0.014287578801851653,0.014287578801851653,0.00029321679654015865,720,720,0,False,,2ebd5a46a509772b,0.3291975125032103,0.1776216231358481,19.874635593362473,0,0,0,0,True,True,15,0,15,131,0.0,0.8625954198473282,14,0.15309182301589946,0.7754477016085022,0.1666194078368091,0.03546468179814566
arm5_weak_actuator,push_to_zone,nominal,23004,v2_no_torque,True,True,1.0,0.0075023423706438086,0.0075023423706438086,0.00028532306855040855,720,720,0,False,,2ebd5a46a509772b,0.43000492521220757,0.18837895329437404,20.22460126155531,0,0,0,0,True,True,15,0,15,148,0.0,0.777027027027027,21,0.16632928606609668,1.009310940349426,0.18414394998349917,0.12317215779861224
arm5_weak_actuator,push_to_zone,nominal,23005,v2_no_torque,True,True,1.0,0.015354335418392331,0.015354335418392331,0.00034670329032830975,720,720,0,False,,2ebd5a46a509772b,0.46384259272028316,0.19062353829123313,20.79710114476295,0,0,0,0,True,True,32,5,27,172,0.0,0.7616279069767442,20,0.16662403247653085,1.040684588867122,0.18992218784561168,0.18700252961626251
arm5_weak_actuator,push_to_zone,nominal,23006,v2_no_torque,True,True,1.0,0.014219922270149302,0.014219922270149302,0.0003117632349894109,720,720,0,False,,2ebd5a46a509772b,0.41758244079711027,0.1874283260522928,20.22562411267061,0,0,0,0,True,True,25,2,23,163,0.0,0.7300613496932515,20,0.16442032085173364,1.0087231793274436,0.18618074992084707,0.12587094992041203
arm5_weak_actuator,push_to_zone,nominal,23007,v2_no_torque,True,True,1.0,0.040601346313729504,0.040601346313729504,2.2602305899572603e-12,720,720,0,False,,2ebd5a46a509772b,0.5003745677816522,0.19422126547131252,23.23629509280321,0,0,0,0,True,True,28,3,25,137,0.014598540145985401,0.7518248175182481,14,0.13944785920941938,0.975211294988991,0.19362759039079058,0.2113448158917115
arm5_weak_actuator,push_to_zone,nominal,23008,v2_no_torque,True,True,1.0,0.020915279246863202,0.020915279246863202,0.00023567613607253807,720,720,0,False,,2ebd5a46a509772b,0.4734079442660679,0.1945968211945492,21.410053919172892,0,0,0,0,True,True,29,3,26,132,0.0,0.7121212121212122,16,0.15191803843155885,0.9902662626032751,0.1947912547042661,0.22625580809345003
arm5_weak_actuator,push_to_zone,nominal,23009,v2_no_torque,True,True,1.0,0.008290526149453092,0.008290526149453092,0.0002327396621169474,720,720,0,False,,2ebd5a46a509772b,0.44159856069847425,0.19146077389028043,19.475765555790854,0,0,0,0,True,True,15,0,15,130,0.0,0.6846153846153846,18,0.1623577184298507,0.9764994797116013,0.19067137096372527,0.1935656110047499
arm5_weak_actuator,push_to_zone,nominal,23010,v2_no_torque,True,True,1.0,0.008210355104732163,0.008210355104732163,0.00027292556616791846,720,720,0,False,,2ebd5a46a509772b,0.5273414238271292,0.1967303866065922,19.90513230127074,0,0,0,0,True,True,27,4,23,151,0.006622516556291391,0.6556291390728477,27,0.17601370332213526,0.7272311042521611,0.19682703148465483,0.26869158904002166
arm5_weak_actuator,push_to_zone,nominal,23011,v2_no_torque,True,True,1.0,0.012259653608428869,0.012259653608428869,0.0001915971322834073,720,720,0,False,,2ebd5a46a509772b,0.5626608569705374,0.20574264713876883,22.615843020351804,0,0,0,0,True,True,24,2,22,121,0.008264462809917356,0.6033057851239669,18,0.16471617476233386,0.7783661721577306,0.20697038875921206,0.32191467543283814
arm5_weak_actuator,push_to_zone,nominal,23012,v2_no_torque,True,True,1.0,0.0104366076701951,0.0104366076701951,0.0003454195321126943,720,720,0,False,,2ebd5a46a509772b,0.5002240274456127,0.19390712564389254,17.858532911421086,0,0,0,0,True,True,26,4,22,163,0.0,0.7730061349693251,22,0.1765804015361504,0.9243939490010105,0.19317152393136525,0.25697487354227544
arm5_weak_actuator,push_to_zone,nominal,23013,v2_no_torque,True,True,1.0,0.020687965173848123,0.020687965173848123,0.00028533186967367655,720,720,0,False,,2ebd5a46a509772b,0.4336087435288607,0.18781078894889128,21.754362162701792,0,0,0,0,True,True,32,4,28,157,0.006369426751592357,0.7197452229299363,18,0.1562711181359676,1.0337158041979806,0.1870828294923437,0.15352000090560036
arm5_weak_actuator,push_to_zone,nominal,23014,v2_no_torque,True,True,1.0,0.007083908705575537,0.007083908705575537,0.0003636315939632045,720,720,0,False,,2ebd5a46a509772b,0.43647745343208655,0.1883916326494462,20.881071718516022,0,0,0,0,True,True,36,5,31,162,0.0,0.7407407407407407,23,0.1715815104829239,1.0319241023380847,0.18691800124250302,0.15688476406216267
arm5_weak_actuator,push_to_zone,nominal,23015,v2_no_torque,True,True,1.0,0.013077210593770422,0.013077210593770422,0.00022348422519919488,720,720,0,False,,2ebd5a46a509772b,0.5094080432469457,0.19882756138753047,19.96852768228501,0,0,0,0,True,True,19,1,18,138,0.0,0.6376811594202898,18,0.16727644932694757,0.9357964875674173,0.19911528995703512,0.255476418986913
arm5_weak_actuator,push_to_zone,nominal,23016,v2_no_torque,True,True,1.0,0.027940235362871088,0.027940235362871088,0.00018909545208354615,720,720,0,False,,2ebd5a46a509772b,0.4671964228703982,0.1943100685218709,22.91848034627422,0,0,0,0,True,True,39,5,34,149,0.006711409395973154,0.6577181208053692,17,0.15231829559145563,0.8837829774998699,0.19441304716074748,0.18223127697612806
arm5_weak_actuator,push_to_zone,nominal,23017,v2_no_torque,True,True,1.0,0.016737517646891395,0.016737517646891395,0.00032162086682706857,720,720,0,False,,2ebd5a46a509772b,0.5134755197894951,0.19630619958769685,18.9373600930882,0,0,0,0,True,True,30,4,26,148,0.0,0.6891891891891891,25,0.1709015106305922,0.9441791787925916,0.19591010297015213,0.2533284862602465
arm5_weak_actuator,push_to_zone,nominal,23018,v2_no_torque,True,True,1.0,0.013671594658348852,0.013671594658348852,0.00029930878834047165,720,720,0,False,,2ebd5a46a509772b,0.4710833308287077,0.19705467583645553,20.41998442573803,0,0,0,0,True,True,32,5,27,152,0.0,0.7039473684210527,22,0.16780921376202443,0.9997105668599848,0.19745758045087924,0.2500077181839955
arm5_weak_actuator,push_to_zone,nominal,23019,v2_no_torque,True,True,1.0,0.014034934254358995,0.014034934254358995,0.0002480762454995463,720,720,0,False,,2ebd5a46a509772b,0.4453085102771057,0.19252011539166106,21.69335502420749,0,0,0,0,True,True,15,0,15,149,0.006711409395973154,0.7516778523489933,23,0.1606380518516099,1.1506626870876866,0.19215266693075403,0.16869345451328988
arm5_weak_actuator,push_to_zone,nominal,23020,v2_no_torque,True,True,1.0,0.0078077560356329435,0.0078077560356329435,0.0003048059657671977,720,720,0,False,,2ebd5a46a509772b,0.44551928799042306,0.19164738514301588,19.514567907526132,0,0,0,0,True,True,31,4,27,144,0.0,0.7569444444444444,18,0.17202551761680782,0.9952387877929458,0.19082300074722922,0.20316365363665367
arm5_weak_actuator,push_to_zone,nominal,23021,v2_no_torque,True,True,1.0,0.01784029593249009,0.01784029593249009,0.0002780996594474115,720,720,0,False,,2ebd5a46a509772b,0.4901872860101695,0.19430751968282253,18.701808220050555,0,0,0,0,True,True,25,2,23,135,0.0,0.725925925925926,22,0.16688920897053636,0.816575322312705,0.19372286737515396,0.25610755292557785
arm5_weak_actuator,push_to_zone,nominal,23022,v2_no_torque,True,True,1.0,0.016232749968203758,0.016232749968203758,0.00046158207876886815,720,720,0,False,,2ebd5a46a509772b,0.48047575188048475,0.19180779282247065,18.263255542347892,0,0,0,0,True,True,39,6,33,169,0.0,0.727810650887574,25,0.18397383380645876,0.8182027926446443,0.19091060392855197,0.2729551946291222
arm5_weak_actuator,push_to_zone,nominal,23023,v2_no_torque,True,True,1.0,0.010086390992646316,0.010086390992646316,0.0002332909601654749,720,720,0,False,,2ebd5a46a509772b,0.5453157057849691,0.20018964969339192,21.32883755398062,0,0,0,0,True,True,20,1,19,135,0.0,0.7037037037037037,22,0.1654805712041296,1.0231117727878982,0.20064159554410432,0.27627607105437146
arm5_weak_actuator,push_to_zone,nominal,23024,v2_no_torque,True,True,1.0,0.010680187415978095,0.010680187415978095,0.0003270263645232398,720,720,0,False,,2ebd5a46a509772b,0.47403446876384825,0.19356143829112488,18.743115696206655,0,0,0,0,True,True,34,5,29,151,0.0,0.7483443708609272,25,0.17476296080942472,0.7919305676716193,0.19266396339907538,0.2264091888792179
arm5_weak_actuator,push_to_zone,low_friction,23001,v2_no_torque,True,True,1.0,0.005774868584542206,0.005774868584542206,0.0008726998801673043,720,720,0,False,,2ebd5a46a509772b,0.5144276337289373,0.19928362892247858,21.057659244387864,0,0,0,0,True,True,42,13,29,190,0.0,0.8052631578947368,19,0.1812316346037465,0.8154244077544547,0.18766493441183743,0.2164402031767101
arm5_weak_actuator,push_to_zone,low_friction,23002,v2_no_torque,True,True,1.0,0.0094481331344551,0.0094481331344551,0.0005161491663883482,720,720,0,False,,2ebd5a46a509772b,0.4771161632351544,0.1963807709486067,21.944110989397107,0,0,0,0,True,True,33,7,26,187,0.0,0.7807486631016043,21,0.1723704119491919,0.8188570899338303,0.18455689616253518,0.14290122163321684
arm5_weak_actuator,push_to_zone,low_friction,23003,v2_no_torque,True,True,1.0,0.005465190809600228,0.005465190809600228,0.00037746505648858286,720,720,0,False,,2ebd5a46a509772b,0.46020260397939383,0.19611560416693113,24.29867077299159,0,0,0,0,True,True,33,6,27,167,0.0,0.7904191616766467,21,0.16504713476334038,1.0307664375303394,0.18349630476774265,0.10507465508981229
arm5_weak_actuator,push_to_zone,low_friction,23004,v2_no_torque,True,True,1.0,0.005771046676011466,0.005771046676011466,0.00023841817374511368,720,720,0,False,,2ebd5a46a509772b,0.5337552046797867,0.20361685560784895,22.54699071085476,0,0,0,0,True,True,24,5,19,165,0.0,0.7818181818181819,20,0.16929789865400133,0.9139164616364109,0.19082174275642666,0.17124742580672958
arm5_weak_actuator,push_to_zone,low_friction,23005,v2_no_torque,True,True,1.0,0.006468148624764348,0.006468148624764348,0.00048587989046904685,720,720,0,False,,2ebd5a46a509772b,0.5382482864614988,0.2024003985662255,23.298451173090694,0,0,0,0,True,True,34,8,26,192,0.0,0.7864583333333334,24,0.18564938553132018,0.926779349330291,0.1915713007702307,0.2190386226480303
arm5_weak_actuator,push_to_zone,low_friction,23006,v2_no_torque,True,True,1.0,0.017084641862930322,0.017084641862930322,0.0005087075915790873,720,720,0,False,,2ebd5a46a509772b,0.49572141609645737,0.19903957080732743,21.7839927887026,0,0,0,0,True,True,36,10,26,187,0.0,0.7914438502673797,23,0.17183491191959818,0.8238453858788732,0.1871126451055636,0.19373308089619812
arm5_weak_actuator,push_to_zone,low_friction,23007,v2_no_torque,True,True,1.0,0.011841739871487863,0.011841739871487863,0.0002830025014362826,720,720,0,False,,2ebd5a46a509772b,0.5741056347961893,0.20572847388214163,23.581371700819965,0,0,0,0,True,True,28,5,23,164,0.0,0.823170731707317,20,0.1690454801055837,1.0312068323275279,0.19342093633566496,0.24030660129289805
arm5_weak_actuator,push_to_zone,low_friction,23008,v2_no_torque,True,True,1.0,0.008793256644288578,0.008793256644288578,5.5360935056960367e-05,720,720,0,False,,2ebd5a46a509772b,0.5440369718625822,0.20633958067566124,24.58143110450906,0,0,0,0,True,True,36,5,31,156,0.0,0.6923076923076923,22,0.16433661558919815,1.0808612610382526,0.19724154761418133,0.25383841390225204
arm5_weak_actuator,push_to_zone,low_friction,23009,v2_no_torque,True,True,1.0,0.006327770242821421,0.006327770242821421,0.00026449794402889356,720,720,0,False,,2ebd5a46a509772b,0.5225953413194611,0.20492921754601787,22.5011574801093,0,0,0,0,True,True,33,6,27,151,0.0,0.7350993377483444,18,0.1725937859227049,0.8689625907952285,0.19496630138903542,0.22769062666564466
arm5_weak_actuator,push_to_zone,low_friction,23010,v2_no_torque,True,True,1.0,0.0055051362340805534,0.0055051362340805534,0.0002726967199716632,720,720,0,False,,2ebd5a46a509772b,0.5895540906249752,0.20791836488419344,22.77386257853962,0,0,0,0,True,True,43,8,35,176,0.0,0.7386363636363636,26,0.18091385797535586,0.8232746164129991,0.19821444280951675,0.30807513219792115
arm5_weak_actuator,push_to_zone,low_friction,23011,v2_no_torque,True,True,1.0,0.020929465201081156,0.020929465201081156,0.0007737608173197675,720,720,0,False,,2ebd5a46a509772b,0.6210520662258938,0.2165463625465317,26.606990706163014,0,0,0,0,True,True,29,7,22,142,0.014084507042253521,0.6338028169014085,22,0.1586472663834964,0.992407377212444,0.20960592665089936,0.34613469158408217
arm5_weak_actuator,push_to_zone,low_friction,23012,v2_no_torque,True,True,1.0,0.020919037974130368,0.020919037974130368,0.0007260226094067332,720,720,0,False,,2ebd5a46a509772b,0.5593782564228489,0.20434190574739236,20.385537460773786,0,0,0,0,True,True,40,9,31,180,0.0,0.8277777777777777,20,0.17791519826738747,0.7970257263037488,0.19364385662986625,0.2953908921149533
arm5_weak_actuator,push_to_zone,low_friction,23013,v2_no_torque,True,True,1.0,0.0060729205655135135,0.0060729205655135135,0.0009511265702015247,720,720,0,False,,2ebd5a46a509772b,0.5089226306578771,0.1994880850148234,23.676573939579598,0,0,0,0,True,True,42,9,33,192,0.0,0.8177083333333334,22,0.17489524755433006,1.035522078788922,0.18893296106423574,0.20119619552031542
arm5_weak_actuator,push_to_zone,low_friction,23014,v2_no_torque,True,True,1.0,0.008194506369632433,0.008194506369632433,0.0004830708296748335,720,720,0,False,,2ebd5a46a509772b,0.5222792797052911,0.20165595531929,23.29169606335764,0,0,0,0,True,True,35,11,24,179,0.0,0.8044692737430168,23,0.18072098640827516,0.9008213008544911,0.1902811570816331,0.20717866847379618
arm5_weak_actuator,push_to_zone,low_friction,23015,v2_no_torque,True,True,1.0,0.006753839744132871,0.006753839744132871,0.0006619953368199719,720,720,0,False,,2ebd5a46a509772b,0.5792269178710656,0.210909405289147,22.7760297672908,0,0,0,0,True,True,25,4,21,160,0.0,0.7125,20,0.17217295756635886,0.8880794093956748,0.20127949025270786,0.2867039183957276
arm5_weak_actuator,push_to_zone,low_friction,23016,v2_no_torque,True,True,1.0,0.009853413603181075,0.009853413603181075,0.00019671255497149498,720,720,0,False,,2ebd5a46a509772b,0.5490496803356959,0.20685831258362564,25.298409991256623,0,0,0,0,True,True,28,6,22,185,0.005405405405405406,0.7567567567567568,24,0.17538589511778035,0.9978332136120844,0.19713154876011846,0.21653451280426594
arm5_weak_actuator,push_to_zone,low_friction,23017,v2_no_torque,True,True,1.0,0.008823035517951962,0.008823035517951962,0.0013261552352935642,720,720,0,False,,2ebd5a46a509772b,0.5883819725552875,0.20886564353509987,22.955665262424446,0,0,0,0,True,True,31,8,23,170,0.0,0.8058823529411765,19,0.1710158495706966,1.0429695851537049,0.19864636168231495,0.27417565530224586
arm5_weak_actuator,push_to_zone,low_friction,23018,v2_no_torque,True,True,1.0,0.019132664791928693,0.019132664791928693,0.0003574445004529011,720,720,0,False,,2ebd5a46a509772b,0.5253002246583538,0.20652436276435795,24.274045725582813,0,0,0,0,True,True,37,9,28,183,0.01092896174863388,0.7103825136612022,27,0.17339792527633321,0.9665827957171722,0.19923708987476757,0.2840345570667817
arm5_weak_actuator,push_to_zone,low_friction,23019,v2_no_torque,True,True,1.0,0.00861112100110032,0.00861112100110032,0.00030097515471081034,720,720,0,False,,2ebd5a46a509772b,0.5231654645080517,0.20460117879694595,22.73810321942132,0,0,0,0,True,True,27,5,22,164,0.0,0.8170731707317073,19,0.17237816701475528,0.9045848585509924,0.19350573236943364,0.21488552895025004
arm5_weak_actuator,push_to_zone,low_friction,23020,v2_no_torque,True,True,1.0,0.005436423392351579,0.005436423392351579,0.0002538069085510224,720,720,0,False,,2ebd5a46a509772b,0.5136953586349633,0.20288164304180548,23.22677948766698,0,0,0,0,True,True,37,7,30,169,0.0,0.8106508875739645,19,0.17188272951558925,0.9752753584288413,0.19320953981561803,0.23227856123232504
arm5_weak_actuator,push_to_zone,low_friction,23021,v2_no_torque,True,True,1.0,0.0068943495154428205,0.0068943495154428205,0.000755755975139677,720,720,0,False,,2ebd5a46a509772b,0.561430671894056,0.20731535778518065,22.69998568175482,0,0,0,0,True,True,40,9,31,178,0.0,0.7696629213483146,20,0.18324917533380816,0.9299593404137262,0.19866490395292505,0.30334145374047816
arm5_weak_actuator,push_to_zone,low_friction,23022,v2_no_torque,True,True,1.0,0.005830751656953783,0.005830751656953783,0.000994470771601387,720,720,0,False,,2ebd5a46a509772b,0.5367315696947599,0.20136948914477726,22.103024740035995,0,0,0,0,True,True,34,11,23,188,0.0,0.7553191489361702,25,0.18344773432921843,0.8616257898583173,0.19086725586858572,0.2618411408443069
arm5_weak_actuator,push_to_zone,low_friction,23023,v2_no_torque,True,True,1.0,0.008919639297490976,0.008919639297490976,0.0002126096459455781,720,720,0,False,,2ebd5a46a509772b,0.623268532811402,0.2135205011055354,23.973101565358505,0,0,0,0,True,True,28,6,22,151,0.0,0.7682119205298014,19,0.1721385081643394,0.9101166286904393,0.2030432167691109,0.3092480865769116
arm5_weak_actuator,push_to_zone,low_friction,23024,v2_no_torque,True,True,1.0,0.0059293167588389305,0.0059293167588389305,0.00042710272712196534,720,720,0,False,,2ebd5a46a509772b,0.5479453695385272,0.20573638586106835,22.222798708035977,0,0,0,0,True,True,37,9,28,185,0.0,0.8108108108108109,20,0.1812211811030275,0.9130468961705451,0.1962424683892727,0.26696674003958965
arm5_weak_actuator,push_to_zone,latency_load,23001,v2_no_torque,True,True,1.0,0.006511522818670202,0.006511522818670202,0.0018188430911392174,720,720,0,False,,2ebd5a46a509772b,0.5414087846621469,0.2039480983899218,32.54668236645623,0,0,0,0,True,True,42,9,33,208,0.0,0.8461538461538461,26,0.18108475471026333,0.8903791363385605,0.18973435802874877,0.23433953782337769
arm5_weak_actuator,push_to_zone,latency_load,23002,v2_no_torque,True,True,1.0,0.005820634623003124,0.005820634623003124,0.0009174011809745972,720,720,0,False,,2ebd5a46a509772b,0.49560342788178513,0.19905049185436519,32.81861494118205,0,0,0,0,True,True,44,12,32,221,0.0,0.8280542986425339,25,0.18090844505607534,0.8893179107539555,0.1848026814699414,0.17678023841924695
arm5_weak_actuator,push_to_zone,latency_load,23003,v2_no_torque,True,True,1.0,0.010254010115033624,0.010254010115033624,0.0004395341273385378,720,720,0,False,,2ebd5a46a509772b,0.5003711998559264,0.2021425823911196,34.557318859983106,0,0,0,0,True,True,39,8,31,167,0.0,0.8023952095808383,17,0.1697459057579801,0.7569537747115727,0.1868303615672655,0.1593920303873162
arm5_weak_actuator,push_to_zone,latency_load,23004,v2_no_torque,True,True,1.0,0.005699273991360157,0.005699273991360157,0.0002835139911053935,720,720,0,False,,2ebd5a46a509772b,0.5700065083815224,0.20937267563505385,35.516042297141894,0,0,0,0,True,True,33,11,22,188,0.0,0.7340425531914894,22,0.17544289443302818,0.8904499174913023,0.1950317266020219,0.21247364720995687
arm5_weak_actuator,push_to_zone,latency_load,23005,v2_no_torque,True,True,1.0,0.004315284525480993,0.004315284525480993,5.901119974355429e-05,720,720,0,False,,2ebd5a46a509772b,0.5644066445928368,0.20706019565105171,35.04503047338775,0,0,0,0,True,True,43,13,30,218,0.0,0.7431192660550459,29,0.19375152161836862,0.9013154394507941,0.1951503443786989,0.261368381619997
arm5_weak_actuator,push_to_zone,latency_load,23006,v2_no_torque,True,True,1.0,0.005909288519644943,0.005909288519644943,0.000938335369203069,720,720,0,False,,2ebd5a46a509772b,0.5214970527944947,0.20327384353103164,34.44629028272982,0,0,0,0,True,True,57,11,46,204,0.0,0.7941176470588235,22,0.18297757391331596,0.8331608267072835,0.19071916762457125,0.2132052567308893
arm5_weak_actuator,push_to_zone,latency_load,23007,v2_no_torque,True,True,1.0,0.0050613258621963735,0.0050613258621963735,0.00019597297474779527,720,720,0,False,,2ebd5a46a509772b,0.5998869022543687,0.21031342148233131,37.04998241777067,0,0,0,0,True,True,49,10,39,180,0.0,0.7833333333333333,24,0.17600077107210838,0.9017901212334658,0.1964078110953459,0.2662557981142717
arm5_weak_actuator,push_to_zone,latency_load,23008,v2_no_torque,True,True,1.0,0.03878950639011336,0.03878950639011336,0.00014284871734511793,720,720,0,False,,2ebd5a46a509772b,0.5579735733673448,0.20888047326097736,33.93705928584789,0,0,0,0,True,True,32,11,21,171,0.0,0.7660818713450293,22,0.1520075539226602,0.8284641700571559,0.19585172634449088,0.27424793972057326
arm5_weak_actuator,push_to_zone,latency_load,23009,v2_no_torque,True,True,1.0,0.008553938199019716,0.008553938199019716,0.0004437404525500233,720,720,0,False,,2ebd5a46a509772b,0.5374845997548618,0.20769547947716036,34.97060243518021,0,0,0,0,True,True,44,10,34,176,0.0,0.7613636363636364,23,0.17500460863621398,0.8604845844477601,0.19653085927594147,0.24393623275499987
arm5_weak_actuator,push_to_zone,latency_load,23010,v2_no_torque,True,True,1.0,0.013377245056582061,0.013377245056582061,0.001524986055753555,720,720,0,False,,2ebd5a46a509772b,0.5916574724317512,0.20879466228676793,32.661115873506645,0,0,0,0,True,True,51,13,38,200,0.0,0.795,25,0.18323211515362509,0.8690136317166369,0.1964169165668947,0.3164517000691296
arm5_weak_actuator,push_to_zone,latency_load,23011,v2_no_torque,True,True,1.0,0.022886230082104785,0.022886230082104785,0.0011422870073988037,720,720,0,False,,2ebd5a46a509772b,0.6251652467963851,0.21762390625179628,36.75120474980722,0,0,0,0,True,True,40,11,29,168,0.0,0.7083333333333334,26,0.1747724883323732,0.8592652185984532,0.20842264807960842,0.36039301716976757
arm5_weak_actuator,push_to_zone,latency_load,23012,v2_no_torque,True,True,1.0,0.004906122589588427,0.004906122589588427,5.610752078148239e-05,720,720,0,False,,2ebd5a46a509772b,0.5774291551926951,0.20799263142680408,33.57496071046722,0,0,0,0,True,True,41,9,32,198,0.0,0.7777777777777778,21,0.18639401180144097,0.8568308801350005,0.19589351839967878,0.3029349733285711
arm5_weak_actuator,push_to_zone,latency_load,23013,v2_no_torque,True,True,1.0,0.011932864274236128,0.011932864274236128,0.00012131742759935752,720,720,0,False,,2ebd5a46a509772b,0.5375195155908288,0.20432682961465587,34.09402006762407,0,0,0,0,True,True,50,10,40,182,0.0,0.7692307692307693,21,0.18515593404259653,0.7092003012334622,0.19079357137050498,0.2230511864479774
arm5_weak_actuator,push_to_zone,latency_load,23014,v2_no_torque,True,True,1.0,0.005694825753810938,0.005694825753810938,4.496424308193435e-05,720,720,0,False,,2ebd5a46a509772b,0.5508364955355542,0.20627051752100023,36.978651673095484,0,0,0,0,True,True,39,12,27,193,0.0,0.7772020725388601,26,0.17910938050100483,0.8732415891065142,0.19270211219845557,0.22784628433126874
arm5_weak_actuator,push_to_zone,latency_load,23015,v2_no_torque,True,True,1.0,0.005764264332018506,0.005764264332018506,1.9760226502407352e-05,720,720,0,False,,2ebd5a46a509772b,0.6018284528319819,0.2150285455747673,36.10458927515775,0,0,0,0,True,True,31,7,24,174,0.0,0.6954022988505747,20,0.18007538357782663,0.8804838587978743,0.20311887060530148,0.2976667118980827
arm5_weak_actuator,push_to_zone,latency_load,23016,v2_no_torque,True,True,1.0,0.012546578211874848,0.012546578211874848,0.00019950232098698263,720,720,0,False,,2ebd5a46a509772b,0.5761194115789996,0.21123076287608683,38.35437344195997,0,0,0,0,True,True,40,8,32,205,0.0,0.7268292682926829,24,0.1823268484167309,0.9105794235132764,0.19948380490222073,0.25771620324170197
arm5_weak_actuator,push_to_zone,latency_load,23017,v2_no_torque,True,True,1.0,0.017065146628318626,0.017065146628318626,0.00017374212104115022,720,720,0,False,,2ebd5a46a509772b,0.6282578590615207,0.2159334205433855,36.92477741045197,0,0,0,0,True,True,35,9,26,190,0.0,0.6736842105263158,25,0.1794557544374037,0.8950152809755743,0.20404551074481328,0.3050272503955851
arm5_weak_actuator,push_to_zone,latency_load,23018,v2_no_torque,True,True,1.0,0.004831687722349331,0.004831687722349331,0.0006440636880652393,720,720,0,False,,2ebd5a46a509772b,0.5214105384889529,0.20604608267609242,35.008370704785186,0,0,0,0,True,True,49,13,36,205,0.0,0.7268292682926829,25,0.19742045593355267,0.876823771416206,0.19734034358765637,0.30513882122129
arm5_weak_actuator,push_to_zone,latency_load,23019,v2_no_torque,True,True,1.0,0.015222232862065282,0.015222232862065282,4.050964726238569e-05,720,720,0,False,,2ebd5a46a509772b,0.5626189781560846,0.2111760821173719,36.57955497754351,0,0,0,0,True,True,29,8,21,170,0.0,0.7058823529411765,19,0.17274326876402962,0.8512042400003756,0.1990719749983433,0.2424091574382996
arm5_weak_actuator,push_to_zone,latency_load,23020,v2_no_torque,True,True,1.0,0.014624255556422057,0.014624255556422057,0.00031808539176250494,720,720,0,False,,2ebd5a46a509772b,0.5378116721326913,0.20719450566578446,34.778788658285734,0,0,0,0,True,True,38,12,26,180,0.0,0.7388888888888889,20,0.16958139382525397,0.8126862127385961,0.1960676443284114,0.2607045464539719
arm5_weak_actuator,push_to_zone,latency_load,23021,v2_no_torque,True,True,1.0,0.004663179323355316,0.004663179323355316,0.00084441276327897,720,720,0,False,,2ebd5a46a509772b,0.5699865624413651,0.20929638279128748,35.20994727865249,0,0,0,0,True,True,49,16,33,192,0.0,0.8020833333333334,23,0.18672053444517264,0.8244089590589513,0.19839296959030484,0.3166615571768143
arm5_weak_actuator,push_to_zone,latency_load,23022,v2_no_torque,True,True,1.0,0.029342949257072287,0.029342949257072287,0.0020857560015248165,720,720,0,False,,2ebd5a46a509772b,0.571221802848707,0.2079505549324077,38.173584925393676,0,0,0,0,True,True,36,10,26,221,0.013574660633484163,0.6742081447963801,28,0.1836825369109524,0.8258207622705841,0.19667698120780372,0.3345990495947331
arm5_weak_actuator,push_to_zone,latency_load,23023,v2_no_torque,True,True,1.0,0.019798592083624153,0.019798592083624153,0.0003561485933087202,720,720,0,False,,2ebd5a46a509772b,0.639534199690595,0.21658703799175058,34.91442490794226,0,0,0,0,True,True,54,12,42,171,0.0,0.8245614035087719,18,0.17678566453319186,0.8793373866989077,0.20444877892718555,0.33268284356001043
arm5_weak_actuator,push_to_zone,latency_load,23024,v2_no_torque,True,True,1.0,0.010952061684941079,0.010952061684941079,0.0007872418091554648,720,720,0,False,,2ebd5a46a509772b,0.5690090627975168,0.20939261687597727,34.641318249847714,0,0,0,0,True,True,57,11,46,190,0.0,0.7631578947368421,24,0.17694830234461104,0.8752764290286494,0.19836945086280067,0.29540876654272186
arm5_weak_actuator,push_to_zone,severe,23001,v2_no_torque,False,False,0.0,0.21841401376681163,0.21841401376681163,1.4459174501708219e-08,720,135,0,True,stage_timeout,2ebd5a46a509772b,0.4489298859066495,0.22871742109343057,158.58398788356465,0,0,0,0,False,False,0,0,0,0,0.0,0.0,0,0.0,0.0,nan,nan
arm5_weak_actuator,push_to_zone,severe,23002,v2_no_torque,False,False,0.0,0.20910300490965275,0.20910300490965275,4.58255212382406e-09,720,135,0,True,stage_timeout,2ebd5a46a509772b,0.4065052715009094,0.22310238814591374,159.18864780624136,0,0,0,0,False,False,0,0,0,0,0.0,0.0,0,0.0,0.0,nan,nan
arm5_weak_actuator,push_to_zone,severe,23003,v2_no_torque,False,False,0.0,0.20682962861230764,0.20682962861230764,2.6639859572893226e-08,720,135,0,True,stage_timeout,2ebd5a46a509772b,0.4142247571837441,0.22243857856666968,162.3015925726736,0,0,0,0,False,False,0,0,0,0,0.0,0.0,0,0.0,0.0,nan,nan
arm5_weak_actuator,push_to_zone,severe,23004,v2_no_torque,False,False,0.0,0.20434117447282513,0.20434117447282513,1.435786437620666e-07,720,135,0,True,stage_timeout,2ebd5a46a509772b,0.45482647862384784,0.22674941111106417,161.5607322241007,0,0,0,0,False,False,0,0,0,0,0.0,0.0,0,0.0,0.0,nan,nan
arm5_weak_actuator,push_to_zone,severe,23005,v2_no_torque,False,False,0.0,0.20524698266830677,0.20524698266830677,7.979701969117972e-08,720,135,0,True,stage_timeout,2ebd5a46a509772b,0.46562260425775115,0.2286618120914476,158.3994407102477,0,0,0,0,False,False,0,0,0,0,0.0,0.0,0,0.0,0.0,nan,nan
arm5_weak_actuator,push_to_zone,severe,23006,v2_no_torque,False,False,0.0,0.2046157484901129,0.2046157484901129,3.8199453054620586e-11,720,135,0,True,stage_timeout,2ebd5a46a509772b,0.44323256239057063,0.22783286323893034,157.28325159731264,0,0,0,0,False,False,0,0,0,0,0.0,0.0,0,0.0,0.0,nan,nan
arm5_weak_actuator,push_to_zone,severe,23007,v2_no_torque,False,False,0.0,0.1973957550980339,0.1973957550980339,2.108664358641268e-11,720,135,0,True,stage_timeout,2ebd5a46a509772b,0.5057955639801377,0.23073608617823602,162.52164535628413,0,0,0,0,False,False,0,0,0,0,0.0,0.0,0,0.0,0.0,nan,nan
arm5_weak_actuator,push_to_zone,severe,23008,v2_no_torque,False,False,0.0,0.18352064475542895,0.18352064475542895,5.5552522669415916e-08,720,135,0,True,stage_timeout,2ebd5a46a509772b,0.4923883150053001,0.23307347279558507,154.30456038364244,0,0,0,0,False,False,0,0,0,0,0.0,0.0,0,0.0,0.0,nan,nan
arm5_weak_actuator,push_to_zone,severe,23009,v2_no_torque,False,False,0.0,0.18704132872013637,0.18704132872013637,3.9393173709300865e-09,720,135,0,True,stage_timeout,2ebd5a46a509772b,0.4684261893694912,0.23219297053951393,153.7427565764024,0,0,0,0,False,False,0,0,0,0,0.0,0.0,0,0.0,0.0,nan,nan
arm5_weak_actuator,push_to_zone,severe,23010,v2_no_torque,False,False,0.0,0.21271575551936403,0.21271575551936403,6.872738880815474e-08,720,135,0,True,stage_timeout,2ebd5a46a509772b,0.5248969231865952,0.2359240194117969,157.4734774909356,0,0,0,0,False,False,0,0,0,0,0.0,0.0,0,0.0,0.0,nan,nan
arm5_weak_actuator,push_to_zone,severe,23011,v2_no_torque,False,False,0.0,0.1521700452959662,0.1521700452959662,6.831978574060427e-08,720,135,0,True,stage_timeout,2ebd5a46a509772b,0.5575848342134386,0.24048519468915988,150.85433319241,0,0,0,0,False,False,0,0,0,0,0.0,0.0,0,0.0,0.0,nan,nan
arm5_weak_actuator,push_to_zone,severe,23012,v2_no_torque,False,False,0.0,0.19426830398978007,0.19426830398978007,2.916039896235858e-11,720,135,0,True,stage_timeout,2ebd5a46a509772b,0.5029934846134787,0.23488247765529932,155.0933112094586,0,0,0,0,False,False,0,0,0,0,0.0,0.0,0,0.0,0.0,nan,nan
arm5_weak_actuator,push_to_zone,severe,23013,v2_no_torque,False,False,0.0,0.2058308857246599,0.2058308857246599,5.0747587637140085e-08,720,135,0,True,stage_timeout,2ebd5a46a509772b,0.45185920235288046,0.2271617597613314,159.6315300268162,0,0,0,0,False,False,0,0,0,0,0.0,0.0,0,0.0,0.0,nan,nan
arm5_weak_actuator,push_to_zone,severe,23014,v2_no_torque,False,False,0.0,0.19467485610182184,0.19467485610182184,1.705879615463547e-07,720,135,0,True,stage_timeout,2ebd5a46a509772b,0.4533260588218724,0.2268983137311197,159.329207282794,0,0,0,0,False,False,0,0,0,0,0.0,0.0,0,0.0,0.0,nan,nan
arm5_weak_actuator,push_to_zone,severe,23015,v2_no_torque,False,False,0.0,0.19722215357484685,0.19722215357484685,4.814525854477324e-08,720,135,0,True,stage_timeout,2ebd5a46a509772b,0.5270963507189901,0.23960697686232646,152.67298518727065,0,0,0,0,False,False,0,0,0,0,0.0,0.0,0,0.0,0.0,nan,nan
arm5_weak_actuator,push_to_zone,severe,23016,v2_no_torque,False,False,0.0,0.18087534268304506,0.18087534268304506,2.2894991035671474e-08,720,135,0,True,stage_timeout,2ebd5a46a509772b,0.4798542440432003,0.2313857667939656,156.0737865439384,0,0,0,0,False,False,0,0,0,0,0.0,0.0,0,0.0,0.0,nan,nan
arm5_weak_actuator,push_to_zone,severe,23017,v2_no_torque,False,False,0.0,0.21825275033692823,0.21825275033692823,1.1893178252198998e-07,720,135,0,True,stage_timeout,2ebd5a46a509772b,0.518496379695069,0.236120872998965,156.91375290636324,0,0,0,0,False,False,0,0,0,0,0.0,0.0,0,0.0,0.0,nan,nan
arm5_weak_actuator,push_to_zone,severe,23018,v2_no_torque,False,False,0.0,0.17664886346700956,0.17664886346700956,0.09571331197323968,720,135,0,True,stage_timeout,2ebd5a46a509772b,0.4674243200849575,0.23544074229030412,145.6247403392215,0,0,0,0,False,False,0,0,0,0,0.0,0.0,0,0.0,0.0,nan,nan
arm5_weak_actuator,push_to_zone,severe,23019,v2_no_torque,False,False,0.0,0.19416551290154652,0.19416551290154652,5.9255976906346956e-08,720,135,0,True,stage_timeout,2ebd5a46a509772b,0.4661959392280375,0.23113957448029562,155.73281758850095,0,0,0,0,False,False,0,0,0,0,0.0,0.0,0,0.0,0.0,nan,nan
arm5_weak_actuator,push_to_zone,severe,23020,v2_no_torque,False,False,0.0,0.19661792510158826,0.19661792510158826,1.2260772605725652e-08,720,135,0,True,stage_timeout,2ebd5a46a509772b,0.48175701488434486,0.23445737741786443,153.28857884518166,0,0,0,0,False,False,0,0,0,0,0.0,0.0,0,0.0,0.0,nan,nan
arm5_weak_actuator,push_to_zone,severe,23021,v2_no_torque,False,False,0.0,0.2015822369906344,0.2015822369906344,2.4560829805065786e-08,720,135,0,True,stage_timeout,2ebd5a46a509772b,0.5292884480560986,0.23982557194898185,152.73641207876375,0,0,0,0,False,False,0,0,0,0,0.0,0.0,0,0.0,0.0,nan,nan
arm5_weak_actuator,push_to_zone,severe,23022,v2_no_torque,False,False,0.0,0.22811753315182176,0.22811753315182176,1.445388258326338e-05,720,135,0,True,stage_timeout,2ebd5a46a509772b,0.48261251373277414,0.23237378837601388,154.09429326326108,0,0,0,0,False,False,0,0,0,0,0.0,0.0,0,0.0,0.0,nan,nan
arm5_weak_actuator,push_to_zone,severe,23023,v2_no_torque,False,False,0.0,0.1836943363386034,0.1836943363386034,4.0476113672044144e-08,720,135,0,True,stage_timeout,2ebd5a46a509772b,0.5482575055112835,0.23774139123283916,159.05206191001193,0,0,0,0,False,False,0,0,0,0,0.0,0.0,0,0.0,0.0,nan,nan
arm5_weak_actuator,push_to_zone,severe,23024,v2_no_torque,False,False,0.0,0.2130044853850276,0.2130044853850276,1.7747529247702335e-11,720,135,0,True,stage_timeout,2ebd5a46a509772b,0.4910567634323937,0.23446425373214022,153.96789104782403,0,0,0,0,False,False,0,0,0,0,0.0,0.0,0,0.0,0.0,nan,nan
arm5_posture_shifted,push_to_zone,nominal,23001,v2_no_torque,True,True,1.0,0.006884994062370336,0.006884994062370336,0.00037214072440551466,720,720,0,False,,2ebd5a46a509772b,0.5808665115240861,0.2084819492632879,18.13684795088831,0,0,0,0,True,True,32,5,27,172,0.0,0.7151162790697675,27,0.20464264497478027,0.7898345047755028,0.20902301927144146,0.3524339704539381
arm5_posture_shifted,push_to_zone,nominal,23002,v2_no_torque,True,True,1.0,0.010522349235242104,0.010522349235242104,0.00032530023227154666,720,720,0,False,,2ebd5a46a509772b,0.5553840337135143,0.2075033703949249,20.22113634098653,0,0,0,0,True,True,29,5,24,169,0.0,0.650887573964497,27,0.19631260385564814,0.9331333636992478,0.2082973725215699,0.31375105297214745
arm5_posture_shifted,push_to_zone,nominal,23003,v2_no_torque,True,True,1.0,0.02038035154194903,0.02038035154194903,0.00018026996684403424,720,720,0,False,,2ebd5a46a509772b,0.5980516177901567,0.21595532202722553,22.445486380581073,0,0,0,0,True,True,29,4,25,149,0.0,0.5973154362416108,20,0.18801621546291378,0.8192831616330045,0.21759449986273435,0.3214371447434581
arm5_posture_shifted,push_to_zone,nominal,23004,v2_no_torque,True,True,1.0,0.01448584615672457,0.01448584615672457,0.0003203793720971603,720,720,0,False,,2ebd5a46a509772b,0.611721665854239,0.21344414864448727,20.146438862658716,0,0,0,0,True,True,40,6,34,157,0.0,0.6560509554140127,24,0.1931670051240844,0.8416310056272117,0.2141988848254946,0.36179377568267856
arm5_posture_shifted,push_to_zone,nominal,23005,v2_no_torque,True,True,1.0,0.01034971771094914,0.01034971771094914,0.00026816885464658267,720,720,0,False,,2ebd5a46a509772b,0.6250820821243348,0.2141275096421379,20.99544429627205,0,0,0,0,True,True,35,6,29,165,0.0,0.6727272727272727,27,0.19807127449511716,0.8768451293022331,0.21525043022040444,0.37256064257802324
arm5_posture_shifted,push_to_zone,nominal,23006,v2_no_torque,True,True,1.0,0.008031837719399337,0.008031837719399337,0.00034374230912543105,720,720,0,False,,2ebd5a46a509772b,0.5846961630559493,0.21162579665765172,20.09979820556254,0,0,0,0,True,True,40,6,34,172,0.0,0.6918604651162791,26,0.1957924441578865,1.0142500849041078,0.2123648337435854,0.3458543508798697
arm5_posture_shifted,push_to_zone,nominal,23007,v2_no_torque,True,True,1.0,0.019223597009338428,0.019223597009338428,0.000313729914575912,720,720,0,False,,2ebd5a46a509772b,0.6549153407626647,0.21614890306334456,19.776810530092025,0,0,0,0,True,True,34,5,29,152,0.0,0.7039473684210527,25,0.18895803281153697,0.9030454443901251,0.21732133173238444,0.41822139100674605
arm5_posture_shifted,push_to_zone,nominal,23008,v2_no_torque,True,True,1.0,0.022792310537677697,0.022792310537677697,0.00011421283428841333,720,720,0,False,,2ebd5a46a509772b,0.6679603940528054,0.2244072377330055,22.024790083056452,0,0,0,0,True,True,35,6,29,144,0.0,0.6041666666666666,22,0.1808914203363917,0.7591693341366302,0.22614857245642955,0.41343778057629166
arm5_posture_shifted,push_to_zone,nominal,23009,v2_no_torque,True,True,1.0,0.024082593178945098,0.024082593178945098,0.0001230125304567962,720,720,0,False,,2ebd5a46a509772b,0.6231176837099937,0.21967710983513947,20.51597943248268,0,0,0,0,True,True,27,4,23,150,0.0,0.6066666666666667,23,0.17679570751491555,0.9200930205617114,0.22109724564724859,0.3667086918246656
arm5_posture_shifted,push_to_zone,nominal,23010,v2_no_torque,True,True,1.0,0.011277386109878731,0.011277386109878731,0.0002094266762027826,720,720,0,False,,2ebd5a46a509772b,0.6700466745859393,0.21869085173395025,20.960512428327764,0,0,0,0,True,True,28,4,24,153,0.0,0.6013071895424836,23,0.1973974883101119,0.8954278379815738,0.22132469571843258,0.4238831182340159
arm5_posture_shifted,push_to_zone,nominal,23011,v2_no_torque,True,True,1.0,0.0073540932710219435,0.0073540932710219435,0.0002138029798018919,720,720,0,False,,2ebd5a46a509772b,0.747783203497753,0.23441490536338228,22.3571629567657,0,0,0,0,True,True,35,6,29,145,0.0,0.6137931034482759,21,0.21353789001388412,0.8339887916987679,0.23617329220532007,0.49375772972294296
arm5_posture_shifted,push_to_zone,nominal,23012,v2_no_torque,True,True,1.0,0.006934385953468689,0.006934385953468689,0.00032739613800590063,720,720,0,False,,2ebd5a46a509772b,0.6275201731586129,0.21393953917433903,18.94642093460743,0,0,0,0,True,True,36,5,31,162,0.0,0.6358024691358025,25,0.20072922218379424,0.9302434455258277,0.21506615406005133,0.4035707752003188
arm5_posture_shifted,push_to_zone,nominal,23013,v2_no_torque,True,True,1.0,0.006922985404138129,0.006922985404138129,0.0003315428667090925,720,720,0,False,,2ebd5a46a509772b,0.6086812915526005,0.21362185693510163,20.42694691005352,0,0,0,0,True,True,37,8,29,167,0.0,0.6826347305389222,25,0.2038671036590786,0.9073691327929194,0.21423232105329154,0.3723182005952781
arm5_posture_shifted,push_to_zone,nominal,23014,v2_no_torque,True,True,1.0,0.007335584461006631,0.007335584461006631,0.0003042178727561057,720,720,0,False,,2ebd5a46a509772b,0.6128369849187005,0.21393817389968076,21.006613321905423,0,0,0,0,True,True,37,6,31,157,0.0,0.6624203821656051,26,0.1969074822964728,0.8929193738888362,0.21507025548668288,0.36733781533567145
arm5_posture_shifted,push_to_zone,nominal,23015,v2_no_torque,True,True,1.0,0.024215187573683624,0.024215187573683624,0.00017275748322321388,720,720,0,False,,2ebd5a46a509772b,0.6763421830830167,0.22436391196954075,20.736062896883194,0,0,0,0,True,True,29,5,24,149,0.0,0.610738255033557,22,0.18568846262525684,0.9105500696502049,0.2273525874448888,0.42663443866655326
arm5_posture_shifted,push_to_zone,nominal,23016,v2_no_torque,True,True,1.0,0.014341193170961766,0.014341193170961766,0.0002384816508112867,720,720,0,False,,2ebd5a46a509772b,0.639184709113823,0.21847749887964138,21.42212189739175,0,0,0,0,True,True,35,6,29,156,0.0,0.6538461538461539,25,0.19274771971832255,0.7580023394628699,0.21924213666387438,0.3862694497963446
arm5_posture_shifted,push_to_zone,nominal,23017,v2_no_torque,True,True,1.0,0.01777684185394197,0.01777684185394197,0.0003073612142051478,720,720,0,False,,2ebd5a46a509772b,0.645122599244218,0.21570838284179017,18.186356266381672,0,0,0,0,True,True,27,4,23,155,0.0,0.7483870967741936,23,0.19284490130100249,0.9054484722555861,0.21689361501576962,0.4077362620838927
arm5_posture_shifted,push_to_zone,nominal,23018,v2_no_torque,True,True,1.0,0.015812737740300037,0.015812737740300037,0.00031669110875841077,720,720,0,False,,2ebd5a46a509772b,0.6361698001695744,0.22327703805946159,20.259000981298737,0,0,0,0,True,True,37,8,29,169,0.0,0.6745562130177515,24,0.20919996941255528,0.9284803250418234,0.22486567071521096,0.406803447550375
arm5_posture_shifted,push_to_zone,nominal,23019,v2_no_torque,True,True,1.0,0.008394783375105536,0.008394783375105536,0.00027729806348405123,720,720,0,False,,2ebd5a46a509772b,0.6346259032140567,0.22035880498815286,21.142351768895033,0,0,0,0,True,True,36,6,30,158,0.0,0.6012658227848101,22,0.2005961229681851,0.8961789956181309,0.2213859527463749,0.39038210065368206
arm5_posture_shifted,push_to_zone,nominal,23020,v2_no_torque,True,True,1.0,0.035530199958256646,0.035530199958256646,7.042311881924507e-05,720,720,0,False,,2ebd5a46a509772b,0.6394007535082693,0.22159615073951863,20.98011063205012,0,0,0,0,True,True,29,5,24,149,0.0,0.5906040268456376,22,0.17534309996520275,0.7598230180654058,0.2230279677581886,0.38450774157361955
arm5_posture_shifted,push_to_zone,nominal,23021,v2_no_torque,True,True,1.0,0.009877762005365477,0.009877762005365477,0.00029033189489969494,720,720,0,False,,2ebd5a46a509772b,0.6647131532712032,0.22198008061825597,20.36120665952801,0,0,0,0,True,True,28,5,23,175,0.0,0.6971428571428572,22,0.20872398122680033,0.9876917570321223,0.2227812409454016,0.43056323080823367
arm5_posture_shifted,push_to_zone,nominal,23022,v2_no_torque,True,True,1.0,0.023200169617319955,0.023200169617319955,0.0002988418201704535,720,720,0,False,,2ebd5a46a509772b,0.6885077820499128,0.22475895306345622,20.738044685979848,0,0,0,0,True,True,28,4,24,205,0.0,0.6,31,0.2557770063688327,0.8289366202420285,0.2258340188319481,0.46959215244959696
arm5_posture_shifted,push_to_zone,nominal,23023,v2_no_torque,True,True,1.0,0.04560928410416945,0.04560928410416945,7.717810017599625e-08,720,720,0,False,,2ebd5a46a509772b,0.7430420286129436,0.2291155570629516,22.972759614827144,0,0,0,0,True,True,37,7,30,149,0.0,0.6308724832214765,23,0.1620960129035821,0.9528175643296891,0.23217212851934246,0.47032995900263463
arm5_posture_shifted,push_to_zone,nominal,23024,v2_no_torque,True,True,1.0,0.011588741709837645,0.011588741709837645,0.00029118244883534814,720,720,0,False,,2ebd5a46a509772b,0.6329548261664342,0.21738821506372194,20.125957843348402,0,0,0,0,True,True,31,6,25,167,0.0,0.6586826347305389,26,0.19995061615812654,1.0113408563620745,0.21853842027235038,0.39886625088124994
arm5_posture_shifted,push_to_zone,low_friction,23001,v2_no_torque,True,True,1.0,0.005784501681036898,0.005784501681036898,0.0007113121396111132,720,720,0,False,,2ebd5a46a509772b,0.6591735814715873,0.22189865390894686,21.60871605640306,0,0,0,0,True,True,33,9,24,179,0.0,0.7597765363128491,26,0.19916027430337724,0.7772069290131337,0.21412129595169566,0.4153533319619065
arm5_posture_shifted,push_to_zone,low_friction,23002,v2_no_torque,True,True,1.0,0.01318139998446284,0.01318139998446284,0.0003546830266803328,720,720,0,False,,2ebd5a46a509772b,0.6400125392715763,0.22155291330957047,23.462263244832123,0,0,0,0,True,True,38,12,26,186,0.0,0.6881720430107527,26,0.2040585344086768,0.8118510925719837,0.2149032908129849,0.39191550254715724
arm5_posture_shifted,push_to_zone,low_friction,23003,v2_no_torque,True,True,1.0,0.011859810668649126,0.011859810668649126,0.00017352693344660887,720,720,0,False,,2ebd5a46a509772b,0.6538321904179698,0.22560879856361324,24.965271086487075,0,0,0,0,True,True,42,11,31,161,0.0,0.6521739130434783,22,0.18245584766435435,0.938874736769587,0.21969688650072747,0.3940092219672202
arm5_posture_shifted,push_to_zone,low_friction,23004,v2_no_torque,True,True,1.0,0.010150121505310276,0.010150121505310276,6.801240109202389e-05,720,720,0,False,,2ebd5a46a509772b,0.7098171028357663,0.2297784547165473,24.511713863893767,0,0,0,0,True,True,32,8,24,175,0.0,0.6857142857142857,27,0.19221604638380252,0.99882531848202,0.22308498740831928,0.4266625195706353
arm5_posture_shifted,push_to_zone,low_friction,23005,v2_no_torque,True,True,1.0,0.006543725334878571,0.006543725334878571,0.00039341189906610084,720,720,0,False,,2ebd5a46a509772b,0.706268140421733,0.22860958636332884,24.67293473419881,0,0,0,0,True,True,43,12,31,227,0.0,0.7312775330396476,35,0.25403118668397645,0.9834631639825068,0.22391109102290685,0.4806343048567121
arm5_posture_shifted,push_to_zone,low_friction,23006,v2_no_torque,True,True,1.0,0.013045168982469124,0.013045168982469124,0.0003178985925233255,720,720,0,False,,2ebd5a46a509772b,0.6569071228573766,0.22399260693818482,22.394445410837264,0,0,0,0,True,True,34,10,24,173,0.0,0.7225433526011561,25,0.19554450482617936,0.9322977273287464,0.21728536811809496,0.4096955658549284
arm5_posture_shifted,push_to_zone,low_friction,23007,v2_no_torque,True,True,1.0,0.011800026950210513,0.011800026950210513,7.877488470976572e-05,720,720,0,False,,2ebd5a46a509772b,0.7412446655766232,0.2312681884801929,24.700460230070192,0,0,0,0,True,True,36,10,26,164,0.0,0.6585365853658537,24,0.1888074593184406,0.9800261307653121,0.22505335331302795,0.46724127835972595
arm5_posture_shifted,push_to_zone,low_friction,23008,v2_no_torque,True,True,1.0,0.007443251981602673,0.007443251981602673,4.399592643217282e-05,720,720,0,False,,2ebd5a46a509772b,0.7093190294550542,0.23244836100170724,24.145477740626706,0,0,0,0,True,True,34,11,23,153,0.0,0.6797385620915033,24,0.19315066256292993,0.9047764803609959,0.227863052994073,0.4555083025809079
arm5_posture_shifted,push_to_zone,low_friction,23009,v2_no_torque,True,True,1.0,0.022911302311761476,0.022911302311761476,0.00012561292526843697,720,720,0,False,,2ebd5a46a509772b,0.6796976835457125,0.2299327706989659,23.889589129228632,0,0,0,0,True,True,38,10,28,156,0.0,0.7051282051282052,20,0.17444779526487342,0.8649543343946252,0.22462106430579998,0.4309690186365023
arm5_posture_shifted,push_to_zone,low_friction,23010,v2_no_torque,True,True,1.0,0.011089888909057748,0.011089888909057748,7.612450916479403e-05,720,720,0,False,,2ebd5a46a509772b,0.7421691527082226,0.23186204133294705,23.864341171080127,0,0,0,0,True,True,30,7,23,182,0.0,0.6868131868131868,28,0.20265186582833677,0.8476449955853794,0.22553358260137166,0.4924019351347666
arm5_posture_shifted,push_to_zone,low_friction,23011,v2_no_torque,True,True,1.0,0.02336982306477709,0.02336982306477709,0.00047960486088932756,720,720,0,False,,2ebd5a46a509772b,0.8098387908954798,0.24577849419791695,26.929904129092176,0,0,0,0,True,True,30,9,21,167,0.0,0.6347305389221557,21,0.20327426190173953,0.8921259606610102,0.24252067360827417,0.5494342015163642
arm5_posture_shifted,push_to_zone,low_friction,23012,v2_no_torque,True,True,1.0,0.018689746690561226,0.018689746690561226,0.0006923316259907355,720,720,0,False,,2ebd5a46a509772b,0.6953511656493165,0.22629599225219899,21.65951165438906,0,0,0,0,True,True,29,7,22,194,0.0,0.7319587628865979,34,0.20857769425250464,0.9762930449088887,0.22004660691727,0.4807090106479692
arm5_posture_shifted,push_to_zone,low_friction,23013,v2_no_torque,True,True,1.0,0.019992059834043948,0.019992059834043948,3.990207279024458e-05,720,720,0,False,,2ebd5a46a509772b,0.688813378299526,0.22765143510649347,24.538418329166383,0,0,0,0,True,True,38,8,30,165,0.0,0.6242424242424243,28,0.18563816812984427,0.7764120994863988,0.22129819839789758,0.4260241924530579
arm5_posture_shifted,push_to_zone,low_friction,23014,v2_no_torque,True,True,1.0,0.014195681020954667,0.014195681020954667,0.0004848342024742157,720,720,0,False,,2ebd5a46a509772b,0.6833610769892284,0.22663786683675635,23.053552275139484,0,0,0,0,True,True,35,14,21,203,0.0,0.7832512315270936,31,0.22816857825143844,0.9055922588282015,0.2213420241972872,0.45717707988122847
arm5_posture_shifted,push_to_zone,low_friction,23015,v2_no_torque,True,True,1.0,0.007035559747841567,0.007035559747841567,0.0006247870222758548,720,720,0,False,,2ebd5a46a509772b,0.7133125215666145,0.23174722239388568,22.46153855529185,0,0,0,0,True,True,37,11,26,159,0.0,0.710691823899371,22,0.19332161098372605,0.9759396378495117,0.2262095483419279,0.4704105485854311
arm5_posture_shifted,push_to_zone,low_friction,23016,v2_no_torque,True,True,1.0,0.005715874436357919,0.005715874436357919,0.00035863183667830817,720,720,0,False,,2ebd5a46a509772b,0.7351689541072104,0.23519716469883126,24.813948689656055,0,0,0,0,True,True,40,11,29,217,0.0,0.6682027649769585,36,0.2699177278714043,0.8483266658741822,0.2317381314482095,0.4906618412013293
arm5_posture_shifted,push_to_zone,low_friction,23017,v2_no_torque,True,True,1.0,0.013703337892877093,0.013703337892877093,0.0011865656944460518,720,720,0,False,,2ebd5a46a509772b,0.7272670008461803,0.23017057928047385,22.086806278385712,0,0,0,0,True,True,40,8,32,177,0.0,0.7796610169491526,23,0.19864710400937477,0.961791765628883,0.22403992982175344,0.4796032303087885
arm5_posture_shifted,push_to_zone,low_friction,23018,v2_no_torque,True,True,1.0,0.016086712741787575,0.016086712741787575,0.0006486768016866116,720,720,0,False,,2ebd5a46a509772b,0.6620014478518694,0.22875124635958263,22.387571772151965,0,0,0,0,True,True,42,12,30,213,0.0,0.7511737089201878,31,0.24191403661524302,0.9401209873075883,0.22514624559309265,0.49800430588406686
arm5_posture_shifted,push_to_zone,low_friction,23019,v2_no_torque,True,True,1.0,0.014426575636687594,0.014426575636687594,0.0003171408143655604,720,720,0,False,,2ebd5a46a509772b,0.6885672597934902,0.23004588765999853,23.224740191324535,0,0,0,0,True,True,39,9,30,156,0.0,0.6858974358974359,22,0.19101824540662002,0.9118856270716784,0.2244700973588774,0.44097335279618566
arm5_posture_shifted,push_to_zone,low_friction,23020,v2_no_torque,True,True,1.0,0.006004204527115012,0.006004204527115012,0.0001652461943977205,720,720,0,False,,2ebd5a46a509772b,0.6678955504006456,0.22745943008555605,23.111973829915694,0,0,0,0,True,True,39,10,29,158,0.0,0.6582278481012658,23,0.1940607298265848,0.9322581003452074,0.22227409808592966,0.43430982515963645
arm5_posture_shifted,push_to_zone,low_friction,23021,v2_no_torque,True,True,1.0,0.014768350485647503,0.014768350485647503,0.000634801992360079,720,720,0,False,,2ebd5a46a509772b,0.719644117750402,0.23259915224771346,24.075235145498073,0,0,0,0,True,True,42,9,33,166,0.0,0.6807228915662651,24,0.18794967712870866,0.9494289850002376,0.22754733850225545,0.4769466349341638
arm5_posture_shifted,push_to_zone,low_friction,23022,v2_no_torque,True,True,1.0,0.02672427847874139,0.02672427847874139,0.0019526359279356158,720,720,0,False,,2ebd5a46a509772b,0.7342769582279258,0.23493791403348677,23.19454491675254,0,0,0,0,True,True,49,14,35,310,0.0,0.7903225806451613,45,0.35379341690723265,1.029170579198906,0.23312518819350492,0.4349869605555168
arm5_posture_shifted,push_to_zone,low_friction,23023,v2_no_torque,True,True,1.0,0.011616448084134727,0.011616448084134727,3.881480748630243e-05,720,720,0,False,,2ebd5a46a509772b,0.7784675618694057,0.23665968689859215,24.301161229884052,0,0,0,0,True,True,51,10,41,157,0.0,0.7197452229299363,25,0.1842759529431417,0.9622644907880645,0.2313360824848274,0.5142715332791146
arm5_posture_shifted,push_to_zone,low_friction,23024,v2_no_torque,True,True,1.0,0.007610060781520297,0.007610060781520297,7.09760210996768e-05,720,720,0,False,,2ebd5a46a509772b,0.7006739269163744,0.22939429418256027,22.801030388939754,0,0,0,0,True,True,32,9,23,181,0.0,0.7348066298342542,27,0.20838888221318053,0.9413025913392512,0.22378058905223808,0.46107173880902774
arm5_posture_shifted,push_to_zone,latency_load,23001,v2_no_torque,True,True,1.0,0.01882921941290783,0.01882921941290783,0.0016510287838102254,720,720,0,False,,2ebd5a46a509772b,0.758661986068772,0.23666549203559106,40.060954709547836,0,0,0,0,True,True,42,8,34,162,0.0,0.6666666666666666,24,0.1808230848096628,0.8338751944890659,0.2301769929121053,0.5596352411292824
arm5_posture_shifted,push_to_zone,latency_load,23002,v2_no_torque,True,True,1.0,0.02851977349911787,0.02851977349911787,4.261285302249186e-11,720,720,0,False,,2ebd5a46a509772b,0.7444685150869534,0.23688449666938483,39.39797636946754,0,0,0,0,True,True,62,13,49,223,0.0,0.6412556053811659,33,0.24081986398760713,0.816384290447829,0.2315306851017341,0.5542345523951302
arm5_posture_shifted,push_to_zone,latency_load,23003,v2_no_torque,True,True,1.0,0.007565958120743451,0.007565958120743451,0.00017495002014938284,720,720,0,False,,2ebd5a46a509772b,0.7580121498527421,0.24091536127165014,39.248612134128905,0,0,0,0,True,True,53,12,41,209,0.0,0.7033492822966507,30,0.23662481455152953,0.9924501430053896,0.23821999408395414,0.5513772048971761
arm5_posture_shifted,push_to_zone,latency_load,23004,v2_no_torque,True,True,1.0,0.00560317727846057,0.00560317727846057,0.00021035893303112077,720,720,0,False,,2ebd5a46a509772b,0.7958872871677816,0.24205011143479074,38.105538254164316,0,0,0,0,True,True,46,9,37,197,0.0,0.7309644670050761,27,0.22227027538632974,1.01980665219667,0.2382474838091326,0.5937211001860798
arm5_posture_shifted,push_to_zone,latency_load,23005,v2_no_torque,True,True,1.0,0.010786143854665194,0.010786143854665194,3.388667878087595e-05,720,720,0,False,,2ebd5a46a509772b,0.7766106159466655,0.23846854863916886,37.326702667032684,0,0,0,0,True,True,43,14,29,196,0.0,0.7193877551020408,30,0.2307919804441126,0.8577426897538545,0.23394451322302517,0.6091973319030437
arm5_posture_shifted,push_to_zone,latency_load,23006,v2_no_torque,True,True,1.0,0.009999805264421615,0.009999805264421615,1.143012469268476e-06,720,720,0,False,,2ebd5a46a509772b,0.7766604907954751,0.2415712452848113,43.03865801620536,0,0,0,0,True,True,42,11,31,176,0.0,0.6420454545454546,23,0.20649457860186246,0.9721844962390418,0.23524114385909442,0.5592950501948519
arm5_posture_shifted,push_to_zone,latency_load,23007,v2_no_torque,True,True,1.0,0.009162288705085658,0.009162288705085658,0.0002633717369631502,720,720,0,False,,2ebd5a46a509772b,0.865218468912224,0.24986363029776607,40.26437961856547,0,0,0,0,True,True,48,7,41,262,0.0,0.6908396946564885,38,0.30834036089709116,0.9763182023151767,0.2485367007448057,0.6097552390530767
arm5_posture_shifted,push_to_zone,latency_load,23008,v2_no_torque,True,True,1.0,0.006731184749304225,0.006731184749304225,6.89355744868717e-05,720,720,0,False,,2ebd5a46a509772b,0.8267086999113249,0.2497687174667013,39.765911993016054,0,0,0,0,True,True,35,9,26,190,0.0,0.6157894736842106,24,0.22846832769021344,0.8321737476470842,0.24656904985198794,0.5970806170006471
arm5_posture_shifted,push_to_zone,latency_load,23009,v2_no_torque,False,False,0.3333333333333333,0.31718019593502117,0.31718019593502117,0.01468116078717786,720,213,0,True,stage_timeout,2ebd5a46a509772b,0.5783970163000038,0.2781763162524837,31.340193091299916,0,0,0,0,False,False,54,13,41,0,0.0,0.0,0,0.0,0.0,nan,nan
arm5_posture_shifted,push_to_zone,latency_load,23010,v2_no_torque,False,False,0.3333333333333333,0.3317927441409947,0.3317927441409947,0.010519659731203763,720,215,0,True,stage_timeout,2ebd5a46a509772b,0.6552207920152862,0.2847633010564731,32.40430687371239,0,0,0,0,False,False,49,10,39,0,0.0,0.0,0,0.0,0.0,nan,nan
arm5_posture_shifted,push_to_zone,latency_load,23011,v2_no_torque,True,True,1.0,0.00612316042038655,0.00612316042038655,0.0011887288369721936,720,720,0,False,,2ebd5a46a509772b,0.8634266451888171,0.25305369301097075,40.037416759751295,0,0,0,0,True,True,62,15,47,190,0.0,0.6684210526315789,28,0.2318443630759602,0.8452025480936195,0.2519385013305373,0.6583072426963259
arm5_posture_shifted,push_to_zone,latency_load,23012,v2_no_torque,True,True,1.0,0.0049219776729593386,0.0049219776729593386,0.0016253701960872759,720,720,0,False,,2ebd5a46a509772b,0.7928269473032747,0.241188521019741,37.1531199056079,0,0,0,0,True,True,47,11,36,255,0.0,0.7450980392156863,43,0.29242710203305816,0.8571463983178668,0.2381913831257649,0.6130649763419718
arm5_posture_shifted,push_to_zone,latency_load,23013,v2_no_torque,True,True,1.0,0.017324164849064596,0.017324164849064596,0.0017107847137099491,720,720,0,False,,2ebd5a46a509772b,0.7570147455312948,0.23800222463016815,36.33840899305356,0,0,0,0,True,True,66,20,46,245,0.0,0.746938775510204,42,0.27456533811844686,0.9015533279311159,0.23522284885575942,0.5880425549789674
arm5_posture_shifted,push_to_zone,latency_load,23014,v2_no_torque,True,True,1.0,0.006875776293465068,0.006875776293465068,2.5723793047592274e-05,720,720,0,False,,2ebd5a46a509772b,0.7774431137177213,0.2400013846823263,38.2047007089055,0,0,0,0,True,True,36,12,24,146,0.0,0.678082191780822,20,0.18161959758409219,0.8715958582586344,0.23434313564282766,0.5436507453976707
arm5_posture_shifted,push_to_zone,latency_load,23015,v2_no_torque,True,True,1.0,0.028987059337722363,0.028987059337722363,6.654899598065365e-11,720,720,0,False,,2ebd5a46a509772b,0.8355591028011307,0.24960448589159118,45.57312783094895,0,0,0,0,True,True,70,15,55,166,0.0,0.6144578313253012,26,0.1827702981231794,0.8743994564048436,0.24427946327090386,0.6106010697567594
arm5_posture_shifted,push_to_zone,latency_load,23016,v2_no_torque,True,True,1.0,0.02014542896043687,0.02014542896043687,5.330316510231564e-08,720,720,0,False,,2ebd5a46a509772b,0.8156338678064237,0.2457407611144573,43.84685597267032,0,0,0,0,True,True,40,9,31,142,0.0,0.5915492957746479,21,0.16130999884289116,0.8547588046634071,0.23899139858144322,0.5944895353625359
arm5_posture_shifted,push_to_zone,latency_load,23017,v2_no_torque,True,True,1.0,0.019790366169028448,0.019790366169028448,0.00037600282811096734,720,720,0,False,,2ebd5a46a509772b,0.8141575682740583,0.2428215824689621,35.13780808140952,0,0,0,0,True,True,45,11,34,176,0.0,0.7102272727272727,27,0.19903835713369805,0.8283911476519971,0.23789758832062063,0.6102843471002481
arm5_posture_shifted,push_to_zone,latency_load,23018,v2_no_torque,True,True,1.0,0.021457097654591088,0.021457097654591088,6.077199751969152e-06,720,720,0,False,,2ebd5a46a509772b,0.7587077497809882,0.24253306792801832,38.86847966183411,0,0,0,0,True,True,31,7,24,137,0.0,0.5766423357664233,20,0.165566516714181,0.8016056336123656,0.23863097850402476,0.5590316807082516
arm5_posture_shifted,push_to_zone,latency_load,23019,v2_no_torque,False,False,0.3333333333333333,0.33183157582034206,0.33183157582034206,0.02173612270973994,720,215,0,True,stage_timeout,2ebd5a46a509772b,0.568274162842294,0.27649097156764074,32.31199287268283,0,0,0,0,False,False,51,13,38,0,0.0,0.0,0,0.0,0.0,nan,nan
arm5_posture_shifted,push_to_zone,latency_load,23020,v2_no_torque,False,False,0.3333333333333333,0.326016357940984,0.326016357940984,0.01500129394645406,720,212,0,True,stage_timeout,2ebd5a46a509772b,0.5905088199260295,0.27915529079696627,31.644692076556094,0,0,0,0,False,False,53,10,43,0,0.0,0.0,0,0.0,0.0,nan,nan
arm5_posture_shifted,push_to_zone,latency_load,23021,v2_no_torque,True,True,1.0,0.01978928991121509,0.01978928991121509,2.0537221433239722e-07,720,720,0,False,,2ebd5a46a509772b,0.8312585974583557,0.24921496391330747,40.68521762577579,0,0,0,0,True,True,54,15,39,207,0.0,0.6956521739130435,31,0.24970315314271027,0.8532874203105663,0.24551849591927669,0.6266818919559412
arm5_posture_shifted,push_to_zone,latency_load,23022,v2_no_torque,True,True,1.0,0.019869112750920976,0.019869112750920976,0.001272485480744675,720,720,0,False,,2ebd5a46a509772b,0.7775050176001157,0.23956179218767004,42.39416173722412,0,0,0,0,True,True,47,12,35,227,0.0,0.6916299559471366,35,0.2377063884590208,0.9372298624365681,0.2357380141038157,0.6288344247709512
arm5_posture_shifted,push_to_zone,latency_load,23023,v2_no_torque,True,True,1.0,0.01849301183423115,0.01849301183423115,0.00016733061049339123,720,720,0,False,,2ebd5a46a509772b,0.8969985199288197,0.25352058303749725,39.80659122256626,0,0,0,0,True,True,58,11,47,205,0.0,0.6780487804878049,31,0.24598091358845975,0.91674971187356,0.2508518843602344,0.6432226715663796
arm5_posture_shifted,push_to_zone,latency_load,23024,v2_no_torque,True,True,1.0,0.02483620208123003,0.02483620208123003,0.0012601548029603925,720,720,0,False,,2ebd5a46a509772b,0.7926964140204356,0.24330834794309766,36.28941234828576,0,0,0,0,True,True,54,8,46,262,0.0,0.7366412213740458,42,0.2929598674176504,0.9146797664233369,0.24154908768027675,0.6350332681013215
arm5_posture_shifted,push_to_zone,severe,23001,v2_no_torque,False,False,0.0,0.23942380666058974,0.23942380666058974,0.14604943347587163,720,135,0,True,stage_timeout,2ebd5a46a509772b,0.7481497518075222,0.2859018579366178,149.5025540347485,0,0,0,0,False,False,0,0,0,0,0.0,0.0,0,0.0,0.0,nan,nan
arm5_posture_shifted,push_to_zone,severe,23002,v2_no_torque,False,False,0.0,0.3528703460597606,0.3528703460597606,0.13942933480558298,720,135,0,True,stage_timeout,2ebd5a46a509772b,0.7311484866609521,0.28357851989419613,148.98009715015493,0,0,0,0,False,False,0,0,0,0,0.0,0.0,0,0.0,0.0,nan,nan
arm5_posture_shifted,push_to_zone,severe,23003,v2_no_torque,False,False,0.0,0.2595857168548908,0.2595857168548908,6.873958663997831e-08,720,135,0,True,stage_timeout,2ebd5a46a509772b,0.7604233584728397,0.28241265613456185,150.8374931039755,0,0,0,0,False,False,0,0,0,0,0.0,0.0,0,0.0,0.0,nan,nan
arm5_posture_shifted,push_to_zone,severe,23004,v2_no_torque,False,False,0.0,0.7021538750131789,0.7021538750131789,0.5832569460439266,720,135,0,True,stage_timeout,2ebd5a46a509772b,0.7873932597655999,0.28465153881866273,150.58975405688795,0,0,0,0,False,False,0,0,0,0,0.0,0.0,0,0.0,0.0,nan,nan
arm5_posture_shifted,push_to_zone,severe,23005,v2_no_torque,False,False,0.0,0.281441879920414,0.281441879920414,0.0978756590888747,720,135,0,True,stage_timeout,2ebd5a46a509772b,0.7628241767340862,0.28446984058379765,151.00324017498414,0,0,0,0,False,False,0,0,0,0,0.0,0.0,0,0.0,0.0,nan,nan
arm5_posture_shifted,push_to_zone,severe,23006,v2_no_torque,False,False,0.0,0.498433768769181,0.498433768769181,0.33207666700748145,720,135,0,True,stage_timeout,2ebd5a46a509772b,0.7454149236144731,0.28388644020898496,148.85676915258955,0,0,0,0,False,False,0,0,0,0,0.0,0.0,0,0.0,0.0,nan,nan
arm5_posture_shifted,push_to_zone,severe,23007,v2_no_torque,False,False,0.0,0.7257743296042622,0.7257743296042622,0.5948757010531304,720,135,0,True,stage_timeout,2ebd5a46a509772b,0.8189628381672818,0.2849952750374011,154.12018689218084,0,0,0,0,False,False,0,0,0,0,0.0,0.0,0,0.0,0.0,nan,nan
arm5_posture_shifted,push_to_zone,severe,23008,v2_no_torque,False,False,0.0,0.6408622345576915,0.6408622345576915,0.5075545506683383,720,135,0,True,stage_timeout,2ebd5a46a509772b,0.7656592698437739,0.2814543684223982,148.16416238655617,0,0,0,0,False,False,0,0,0,0,0.0,0.0,0,0.0,0.0,nan,nan
arm5_posture_shifted,push_to_zone,severe,23009,v2_no_torque,False,False,0.0,0.2589584787254182,0.2589584787254182,0.0911614685398776,720,135,0,True,stage_timeout,2ebd5a46a509772b,0.7361959337160338,0.28143287565083824,148.35993633134575,0,0,0,0,False,False,0,0,0,0,0.0,0.0,0,0.0,0.0,nan,nan
arm5_posture_shifted,push_to_zone,severe,23010,v2_no_torque,False,False,0.0,0.3331950170982819,0.3331950170982819,0.17689779569998487,720,135,0,True,stage_timeout,2ebd5a46a509772b,0.7910437208096122,0.2860356627563467,152.27598497764495,0,0,0,0,False,False,0,0,0,0,0.0,0.0,0,0.0,0.0,nan,nan
arm5_posture_shifted,push_to_zone,severe,23011,v2_no_torque,False,False,0.0,0.39619001816495547,0.39619001816495547,0.3195248551125326,720,135,0,True,stage_timeout,2ebd5a46a509772b,0.8025728923612014,0.28034077385105366,147.9714982043177,0,0,0,0,False,False,0,0,0,0,0.0,0.0,0,0.0,0.0,nan,nan
arm5_posture_shifted,push_to_zone,severe,23012,v2_no_torque,False,False,0.0,0.20960799901405308,0.20960799901405308,0.15286983641305327,720,135,0,True,stage_timeout,2ebd5a46a509772b,0.7617445969487426,0.2845306668035261,150.44296195046192,0,0,0,0,False,False,0,0,0,0,0.0,0.0,0,0.0,0.0,nan,nan
arm5_posture_shifted,push_to_zone,severe,23013,v2_no_torque,False,False,0.0,0.6525037088725951,0.6525037088725951,0.5095089882373995,720,135,0,True,stage_timeout,2ebd5a46a509772b,0.761341987845765,0.28415176964192707,152.25752159158264,0,0,0,0,False,False,0,0,0,0,0.0,0.0,0,0.0,0.0,nan,nan
arm5_posture_shifted,push_to_zone,severe,23014,v2_no_torque,False,False,0.0,0.5272184345801737,0.5272184345801737,0.3324208450107879,720,135,0,True,stage_timeout,2ebd5a46a509772b,0.7605935002070554,0.2830012410648057,150.12483989704623,0,0,0,0,False,False,0,0,0,0,0.0,0.0,0,0.0,0.0,nan,nan
arm5_posture_shifted,push_to_zone,severe,23015,v2_no_torque,False,False,0.0,0.28736293651415246,0.28736293651415246,0.21179603659724097,720,135,0,True,stage_timeout,2ebd5a46a509772b,0.7717013351322644,0.28340274587620007,146.59781996077416,0,0,0,0,False,False,0,0,0,0,0.0,0.0,0,0.0,0.0,nan,nan
arm5_posture_shifted,push_to_zone,severe,23016,v2_no_torque,False,False,0.0,0.23532693602466803,0.23532693602466803,6.502340608919814e-08,720,135,0,True,stage_timeout,2ebd5a46a509772b,0.7711354846290268,0.2828883978888232,148.42532655731165,0,0,0,0,False,False,0,0,0,0,0.0,0.0,0,0.0,0.0,nan,nan
arm5_posture_shifted,push_to_zone,severe,23017,v2_no_torque,False,False,0.0,0.2616107085485091,0.2616107085485091,0.1597182905900921,720,135,0,True,stage_timeout,2ebd5a46a509772b,0.7965434333505157,0.2863540816319493,150.52492372555042,0,0,0,0,False,False,0,0,0,0,0.0,0.0,0,0.0,0.0,nan,nan
arm5_posture_shifted,push_to_zone,severe,23018,v2_no_torque,False,False,0.0,0.2844948594410863,0.2844948594410863,3.023943107188459e-08,720,135,0,True,stage_timeout,2ebd5a46a509772b,0.7056562950807717,0.27905036269373024,141.73172306255785,0,0,0,0,False,False,0,0,0,0,0.0,0.0,0,0.0,0.0,nan,nan
arm5_posture_shifted,push_to_zone,severe,23019,v2_no_torque,False,False,0.0,0.6393792242621669,0.6393792242621669,0.49340596857757457,720,135,0,True,stage_timeout,2ebd5a46a509772b,0.7618045839500454,0.28215297623730706,146.35366151260217,0,0,0,0,False,False,0,0,0,0,0.0,0.0,0,0.0,0.0,nan,nan
arm5_posture_shifted,push_to_zone,severe,23020,v2_no_torque,False,False,0.0,0.6394214500651698,0.6394214500651698,0.48720318514158445,720,135,0,True,stage_timeout,2ebd5a46a509772b,0.7335815620374975,0.28111581636764155,146.6863291932112,0,0,0,0,False,False,0,0,0,0,0.0,0.0,0,0.0,0.0,nan,nan
arm5_posture_shifted,push_to_zone,severe,23021,v2_no_torque,False,False,0.0,0.565046781935052,0.565046781935052,0.4700725663196266,720,135,0,True,stage_timeout,2ebd5a46a509772b,0.7656033453388589,0.2863078723102773,149.8819846336902,0,0,0,0,False,False,0,0,0,0,0.0,0.0,0,0.0,0.0,nan,nan
arm5_posture_shifted,push_to_zone,severe,23022,v2_no_torque,False,False,0.0,0.2775020521765382,0.2775020521765382,0.1288279118378515,720,135,0,True,stage_timeout,2ebd5a46a509772b,0.7430037893366777,0.28415169597499873,149.63071005729506,0,0,0,0,False,False,0,0,0,0,0.0,0.0,0,0.0,0.0,nan,nan
arm5_posture_shifted,push_to_zone,severe,23023,v2_no_torque,False,False,0.0,0.6892412565492039,0.6892412565492039,0.5555652871822032,720,135,0,True,stage_timeout,2ebd5a46a509772b,0.834068978549785,0.28576875949072866,151.77677038208472,0,0,0,0,False,False,0,0,0,0,0.0,0.0,0,0.0,0.0,nan,nan
arm5_posture_shifted,push_to_zone,severe,23024,v2_no_torque,False,False,0.0,0.27306308168257404,0.27306308168257404,0.14078859010767553,720,135,0,True,stage_timeout,2ebd5a46a509772b,0.7589161786390886,0.2837331971148337,147.43527361592947,0,0,0,0,False,False,0,0,0,0,0.0,0.0,0,0.0,0.0,nan,nan
arm5_reference,push_to_zone,nominal,23001,v2_no_jacobian,True,True,1.0,0.008028971416681071,0.008028971416681071,0.00030146712460563704,720,720,0,False,,2ebd5a46a509772b,0.6278331028360258,0.21444204103919048,17.912796432572122,0,0,0,0,True,True,29,4,25,165,0.0,0.7151515151515152,25,0.19657241820140922,0.8873355639692619,0.2153623557569828,0.40981782360312247
arm5_reference,push_to_zone,nominal,23002,v2_no_jacobian,True,True,1.0,0.010673956617021564,0.010673956617021564,0.0003610021951422271,720,720,0,False,,2ebd5a46a509772b,0.5810531250404494,0.21022512641328384,17.813676898200956,0,0,0,0,True,True,30,4,26,167,0.0,0.7425149700598802,24,0.1975487099343118,0.9434088089848983,0.21125088685118912,0.37090825777735903
arm5_reference,push_to_zone,nominal,23003,v2_no_jacobian,True,True,1.0,0.02999396224791765,0.02999396224791765,0.0001465710123734341,720,720,0,False,,2ebd5a46a509772b,0.620684834024134,0.2177127831789563,21.224132462293593,0,0,0,0,True,True,31,4,27,140,0.0,0.6857142857142857,19,0.15786548173420956,0.9759502446689172,0.2204063616020372,0.3776127385682546
arm5_reference,push_to_zone,nominal,23004,v2_no_jacobian,True,True,1.0,0.0328435885884657,0.0328435885884657,1.8637250495362308e-11,720,720,0,False,,2ebd5a46a509772b,0.6743943825583223,0.2216300640646262,20.437657057331908,0,0,0,0,True,True,28,4,24,141,0.0,0.624113475177305,19,0.15701503358311322,0.8836391604782043,0.22352562315357383,0.41731641749334436
arm5_reference,push_to_zone,nominal,23005,v2_no_jacobian,True,True,1.0,0.008713348316086103,0.008713348316086103,0.0003279065914496426,720,720,0,False,,2ebd5a46a509772b,0.6771645427774939,0.220601259720235,18.3944224975772,0,0,0,0,True,True,36,6,30,164,0.0,0.6890243902439024,26,0.20571331407019153,0.8519325888527852,0.22137017674212905,0.47152080535401675
arm5_reference,push_to_zone,nominal,23006,v2_no_jacobian,True,True,1.0,0.01787968219219624,0.01787968219219624,0.0003291013235694506,720,720,0,False,,2ebd5a46a509772b,0.6179653830678045,0.21519565742577113,17.601207526931898,0,0,0,0,True,True,43,6,37,163,0.0,0.7791411042944786,23,0.17808921316765186,0.8695909346946686,0.21578933580051038,0.40204823174049187
arm5_reference,push_to_zone,nominal,23007,v2_no_jacobian,True,True,1.0,0.02680997406555702,0.02680997406555702,9.548751383495823e-05,720,720,0,False,,2ebd5a46a509772b,0.7379913874305917,0.22716844434053668,21.044417112442172,0,0,0,0,True,True,32,4,28,143,0.0,0.6153846153846154,20,0.16387221631118404,1.0482118745431999,0.22926777426431824,0.49614698454685113
arm5_reference,push_to_zone,nominal,23008,v2_no_jacobian,True,True,1.0,0.014606647161409926,0.014606647161409926,0.0001812299265787964,720,720,0,False,,2ebd5a46a509772b,0.7260952291603942,0.23152476144543033,20.225825351368158,0,0,0,0,True,True,24,3,21,150,0.0,0.6333333333333333,24,0.17613430675967295,1.0069467146490034,0.232856248316466,0.49235919815259077
arm5_reference,push_to_zone,nominal,23009,v2_no_jacobian,True,True,1.0,0.01829898085060581,0.01829898085060581,0.0001572004449149318,720,720,0,False,,2ebd5a46a509772b,0.6780898657495271,0.22649190091376278,19.37859642984667,0,0,0,0,True,True,26,4,22,145,0.0,0.6068965517241379,24,0.16892961385990127,0.9113095512962449,0.22780242867085349,0.444201432141726
arm5_reference,push_to_zone,nominal,23010,v2_no_jacobian,True,True,1.0,0.010019702953508037,0.010019702953508037,0.00027607437032169135,720,720,0,False,,2ebd5a46a509772b,0.7115422407461667,0.22325303250607517,17.89806119827569,0,0,0,0,True,True,33,5,28,159,0.0,0.7044025157232704,28,0.18916981777055736,1.0040161260066185,0.22443731923370394,0.4957635283584936
arm5_reference,push_to_zone,nominal,23011,v2_no_jacobian,True,True,1.0,0.011309224155161456,0.011309224155161456,0.00020266074363201077,720,720,0,False,,2ebd5a46a509772b,0.8520185247705303,0.24878425447676292,21.618455645496084,0,0,0,0,True,True,36,6,30,163,0.0,0.6380368098159509,27,0.20122563221880996,0.9588995753544305,0.24911965563776345,0.6042811440514435
arm5_reference,push_to_zone,nominal,23012,v2_no_jacobian,True,True,1.0,0.010783348032212462,0.010783348032212462,0.00032810407034473976,720,720,0,False,,2ebd5a46a509772b,0.6832358018427822,0.22093433048244168,16.996330940751616,0,0,0,0,True,True,30,5,25,166,0.0,0.7469879518072289,25,0.1961009521633098,0.9829682780440812,0.2221045664949476,0.48513002523481186
arm5_reference,push_to_zone,nominal,23013,v2_no_jacobian,True,True,1.0,0.00886703013315307,0.00886703013315307,0.0002828760107107335,720,720,0,False,,2ebd5a46a509772b,0.6608815083049722,0.21975319717323843,18.179849699981823,0,0,0,0,True,True,29,4,25,157,0.0,0.7643312101910829,20,0.19695659758077255,0.8022194649963121,0.22054348121866443,0.44687029843685444
arm5_reference,push_to_zone,nominal,23014,v2_no_jacobian,True,True,1.0,0.01363795753382345,0.01363795753382345,0.00027417670552433015,720,720,0,False,,2ebd5a46a509772b,0.6991884012444736,0.22559424771343262,20.322105514870582,0,0,0,0,True,True,36,7,29,160,0.0,0.725,27,0.19418483870296177,0.9241402377907375,0.2271853650026373,0.48170310063845845
arm5_reference,push_to_zone,nominal,23015,v2_no_jacobian,True,True,1.0,0.007536780680834438,0.007536780680834438,0.0002314268392211919,720,720,0,False,,2ebd5a46a509772b,0.7246229451726331,0.23024732152289853,18.883227597427258,0,0,0,0,True,True,33,5,28,155,0.0,0.7419354838709677,23,0.18367242808407083,0.9703242216425422,0.23111545332363687,0.5025088316273925
arm5_reference,push_to_zone,nominal,23016,v2_no_jacobian,True,True,1.0,0.007058944923874867,0.007058944923874867,0.00028622466343565896,720,720,0,False,,2ebd5a46a509772b,0.717467538669923,0.22918585098476263,20.245133870010964,0,0,0,0,True,True,38,6,32,165,0.0,0.696969696969697,25,0.20319611125207793,0.9157204213153673,0.23015091655460215,0.4910014217740546
arm5_reference,push_to_zone,nominal,23017,v2_no_jacobian,True,True,1.0,0.01589072172900906,0.01589072172900906,0.00024242390671704386,720,720,0,False,,2ebd5a46a509772b,0.7348422792583023,0.2280449047918667,18.79511597243505,0,0,0,0,True,True,30,5,25,156,0.0,0.6730769230769231,29,0.18689826272048615,0.9355239165861465,0.2298259661268253,0.5109665994091879
arm5_reference,push_to_zone,nominal,23018,v2_no_jacobian,True,True,1.0,0.013575480279147381,0.013575480279147381,0.00023429483470854611,720,720,0,False,,2ebd5a46a509772b,0.7064769794273302,0.2324650340954373,19.517013760982422,0,0,0,0,True,True,28,5,23,159,0.0,0.6540880503144654,24,0.19687130413301313,0.8905009143828078,0.23334817097077595,0.5033177572337486
arm5_reference,push_to_zone,nominal,23019,v2_no_jacobian,True,True,1.0,0.007026553837202818,0.007026553837202818,0.0002617716174877509,720,720,0,False,,2ebd5a46a509772b,0.6945259387477645,0.22807866208147573,19.422745350526704,0,0,0,0,True,True,32,6,26,156,0.0,0.7051282051282052,26,0.19191157865113675,0.9182060531551431,0.22921866026845325,0.4716361081643443
arm5_reference,push_to_zone,nominal,23020,v2_no_jacobian,True,True,1.0,0.013070562330249676,0.013070562330249676,0.000254542324576318,720,720,0,False,,2ebd5a46a509772b,0.6925783030907926,0.22829715601681033,18.858377294723415,0,0,0,0,True,True,27,4,23,158,0.0,0.689873417721519,26,0.19108385897718752,0.8093227262657405,0.228893772931441,0.4841104810817787
arm5_reference,push_to_zone,nominal,23021,v2_no_jacobian,True,True,1.0,0.02059946987555303,0.02059946987555303,0.0001756964107136533,720,720,0,False,,2ebd5a46a509772b,0.7140422457135105,0.227746974048161,19.211615023127234,0,0,0,0,True,True,26,4,22,144,0.0,0.625,20,0.1695408071025613,0.9412926252370308,0.229720467214909,0.4927882498243932
arm5_reference,push_to_zone,nominal,23022,v2_no_jacobian,True,True,1.0,0.023029063243530712,0.023029063243530712,0.00019461537438557742,720,720,0,False,,2ebd5a46a509772b,0.6827264932782069,0.2216341991866649,19.48881772281757,0,0,0,0,True,True,27,4,23,156,0.0,0.6346153846153846,24,0.18538893229849224,0.8539917695535235,0.22328577888713178,0.4901648780202499
arm5_reference,push_to_zone,nominal,23023,v2_no_jacobian,True,True,1.0,0.007112655256026984,0.007112655256026984,0.00021649450699041898,720,720,0,False,,2ebd5a46a509772b,0.7821927008723448,0.23372124341556721,19.553508646253174,0,0,0,0,True,True,34,4,30,148,0.0,0.7094594594594594,25,0.186569721685238,0.8969258799612837,0.23493381861715357,0.552600955559905
arm5_reference,push_to_zone,nominal,23024,v2_no_jacobian,True,True,1.0,0.009397280236081154,0.009397280236081154,0.00025886097286643013,720,720,0,False,,2ebd5a46a509772b,0.6963819053877525,0.22573990742746633,18.823316937476832,0,0,0,0,True,True,28,4,24,161,0.0,0.6894409937888198,25,0.1983627211714113,0.9297229103174166,0.22702430271393667,0.47028245776995004
arm5_reference,push_to_zone,low_friction,23001,v2_no_jacobian,True,True,1.0,0.01352324753724701,0.01352324753724701,0.0007003492398651704,720,720,0,False,,2ebd5a46a509772b,0.6936745822799759,0.2263813355801353,20.324285768568902,0,0,0,0,True,True,35,10,25,189,0.0,0.7724867724867724,26,0.19797463057814926,0.9907993409987566,0.22056384419028766,0.48847856451412497
arm5_reference,push_to_zone,low_friction,23002,v2_no_jacobian,True,True,1.0,0.02580145048035276,0.02580145048035276,0.00040803409302047234,720,720,0,False,,2ebd5a46a509772b,0.6476369844647292,0.22165930931473335,19.88534144056126,0,0,0,0,True,True,36,8,28,197,0.0,0.7614213197969543,28,0.18172947123465688,0.858259306631574,0.215643984729698,0.4401222932757669
arm5_reference,push_to_zone,low_friction,23003,v2_no_jacobian,True,True,1.0,0.0060967959712781685,0.0060967959712781685,0.00021330099097959605,720,720,0,False,,2ebd5a46a509772b,0.7154330867723324,0.23339298930666472,23.94418535150641,0,0,0,0,True,True,40,9,31,171,0.0,0.7076023391812866,25,0.1896623489952303,1.0679221415800395,0.2300877318240487,0.4966888181174447
arm5_reference,push_to_zone,low_friction,23004,v2_no_jacobian,True,True,1.0,0.016195678731099093,0.016195678731099093,0.00023442768616817731,720,720,0,False,,2ebd5a46a509772b,0.7505035295081863,0.23461035401614466,22.1621951414315,0,0,0,0,True,True,37,9,28,174,0.0,0.7126436781609196,28,0.18742353656828792,0.9851323223743053,0.22990319557092412,0.522360333242244
arm5_reference,push_to_zone,low_friction,23005,v2_no_jacobian,True,True,1.0,0.023490147343859305,0.023490147343859305,0.0005977953873731022,720,720,0,False,,2ebd5a46a509772b,0.7345846630708008,0.23087118808492946,20.661892274289798,0,0,0,0,True,True,29,6,23,177,0.0,0.768361581920904,28,0.18520107011867315,0.9761092502474882,0.225845388636695,0.5283655864229515
arm5_reference,push_to_zone,low_friction,23006,v2_no_jacobian,True,True,1.0,0.027475968890297037,0.027475968890297037,0.00028413188124066813,720,720,0,False,,2ebd5a46a509772b,0.7253813679974233,0.23330704042328723,23.000325950187715,0,0,0,0,True,True,42,9,33,164,0.0,0.6829268292682927,25,0.17134187879652105,0.902728326909728,0.2289419985267193,0.4988983019810971
arm5_reference,push_to_zone,low_friction,23007,v2_no_jacobian,True,True,1.0,0.007946704050385299,0.007946704050385299,0.00013039167633107138,720,720,0,False,,2ebd5a46a509772b,0.8041955194851869,0.2388971578563831,22.414150026656912,0,0,0,0,True,True,36,10,26,156,0.0,0.6794871794871795,24,0.19156683637797497,0.901392356972307,0.23506252225141938,0.5816543210567509
arm5_reference,push_to_zone,low_friction,23008,v2_no_jacobian,True,True,1.0,0.010794475382991813,0.010794475382991813,4.082024800244353e-05,720,720,0,False,,2ebd5a46a509772b,0.7862158221208073,0.24210704291647017,23.262389309850974,0,0,0,0,True,True,37,8,29,168,0.0,0.7142857142857143,26,0.18693660334629034,0.9711429093940964,0.23986116241336225,0.5794700978932843
arm5_reference,push_to_zone,low_friction,23009,v2_no_jacobian,True,True,1.0,0.012053433198122292,0.012053433198122292,0.00018659899493432032,720,720,0,False,,2ebd5a46a509772b,0.7301868413098718,0.23609529861516382,21.629251877790384,0,0,0,0,True,True,44,8,36,160,0.0,0.73125,24,0.18520316803050202,0.8680171986873102,0.23276614916737862,0.5247913145998413
arm5_reference,push_to_zone,low_friction,23010,v2_no_jacobian,True,True,1.0,0.01408953054292442,0.01408953054292442,0.0001838732423877531,720,720,0,False,,2ebd5a46a509772b,0.7880773242806529,0.23701346705948942,21.31872095654191,0,0,0,0,True,True,36,10,26,164,0.0,0.6890243902439024,25,0.19249517767354749,0.8150116737604983,0.23300306619004701,0.582691408257491
arm5_reference,push_to_zone,low_friction,23011,v2_no_jacobian,True,True,1.0,0.010806748287415196,0.010806748287415196,0.0006903047481315539,720,720,0,False,,2ebd5a46a509772b,0.8632440691385799,0.2515946663005113,22.83114619140995,0,0,0,0,True,True,35,10,25,156,0.0,0.6858974358974359,24,0.19410799083618085,0.8654524959154387,0.25052354050671427,0.6615584219787727
arm5_reference,push_to_zone,low_friction,23012,v2_no_jacobian,True,True,1.0,0.027720898450562644,0.027720898450562644,0.0006410480230872578,720,720,0,False,,2ebd5a46a509772b,0.7407448843471065,0.2317039475315936,19.85745482094357,0,0,0,0,True,True,31,7,24,180,0.0,0.7222222222222222,26,0.18057882029173863,0.9492689991285691,0.2269702285161166,0.5396550628939099
arm5_reference,push_to_zone,low_friction,23013,v2_no_jacobian,True,True,1.0,0.025753462944534622,0.025753462944534622,0.0007775897503153644,720,720,0,False,,2ebd5a46a509772b,0.7109539060452343,0.22899900395498557,20.59767708127551,0,0,0,0,True,True,36,9,27,202,0.0,0.7970297029702971,25,0.1792537821624916,0.7982790375590098,0.22450021013511973,0.5257449951855744
arm5_reference,push_to_zone,low_friction,23014,v2_no_jacobian,True,True,1.0,0.012001092975041896,0.012001092975041896,0.0005012593003580163,720,720,0,False,,2ebd5a46a509772b,0.7413970264345964,0.23323635486310376,22.203608493099445,0,0,0,0,True,True,39,12,27,176,0.0,0.7784090909090909,26,0.194958401265647,0.9920891419120771,0.22935800018372318,0.5355628288856127
arm5_reference,push_to_zone,low_friction,23015,v2_no_jacobian,True,True,1.0,0.010019968151474452,0.010019968151474452,0.000569238112929528,720,720,0,False,,2ebd5a46a509772b,0.7976289633620421,0.24307149000663575,22.75634964974953,0,0,0,0,True,True,31,7,24,175,0.0,0.6914285714285714,30,0.18777632957087015,1.084612287778946,0.24017490414606368,0.5762044012256413
arm5_reference,push_to_zone,low_friction,23016,v2_no_jacobian,True,True,1.0,0.006645865456765948,0.006645865456765948,0.00017552798080006142,720,720,0,False,,2ebd5a46a509772b,0.7745865378792014,0.23892626283519075,23.02672875064956,0,0,0,0,True,True,37,11,26,170,0.0,0.6882352941176471,28,0.1975273701708513,0.9621912815141438,0.23564000101460472,0.5581385829422301
arm5_reference,push_to_zone,low_friction,23017,v2_no_jacobian,True,True,1.0,0.026538015177848075,0.026538015177848075,1.5166730581920117e-06,720,720,0,False,,2ebd5a46a509772b,0.8054694619452962,0.24051176856272838,22.96456595118851,0,0,0,0,True,True,38,11,27,170,0.0,0.6823529411764706,26,0.1735401155513938,1.035997481538886,0.2369696362014627,0.5770122324315397
arm5_reference,push_to_zone,low_friction,23018,v2_no_jacobian,True,True,1.0,0.014480665737204714,0.014480665737204714,0.0004336986377940595,720,720,0,False,,2ebd5a46a509772b,0.7229895432041356,0.23624313746989178,21.568223404141413,0,0,0,0,True,True,47,11,36,178,0.0,0.7471910112359551,30,0.1957545248021871,0.9817278883593674,0.23429221195745892,0.5581944678060267
arm5_reference,push_to_zone,low_friction,23019,v2_no_jacobian,True,True,1.0,0.015366125659989259,0.015366125659989259,0.0002031137428562906,720,720,0,False,,2ebd5a46a509772b,0.7567179423886472,0.23878056644760318,22.057740633281842,0,0,0,0,True,True,31,9,22,169,0.0,0.7218934911242604,24,0.18612981688700783,0.9062322562832504,0.23582826559957387,0.5484322579128702
arm5_reference,push_to_zone,low_friction,23020,v2_no_jacobian,True,True,1.0,0.022704269508531157,0.022704269508531157,0.00023729615337251856,720,720,0,False,,2ebd5a46a509772b,0.7378813211846196,0.23671675379418833,21.58342515338611,0,0,0,0,True,True,37,9,28,174,0.0,0.735632183908046,24,0.18160181560606653,0.9167158629571818,0.23386478408633954,0.5413264221444196
arm5_reference,push_to_zone,low_friction,23021,v2_no_jacobian,True,True,1.0,0.021567600985935634,0.021567600985935634,0.0005455380221835574,720,720,0,False,,2ebd5a46a509772b,0.7667860426628361,0.2381643017487791,21.19064137217659,0,0,0,0,True,True,38,10,28,178,0.0,0.7528089887640449,28,0.18348742623684156,0.9835306128653515,0.235171001055834,0.5781197920624197
arm5_reference,push_to_zone,low_friction,23022,v2_no_jacobian,True,True,1.0,0.008104482911871715,0.008104482911871715,0.0008696357056464145,720,720,0,False,,2ebd5a46a509772b,0.7376776957144497,0.2321424666863471,22.41267324491342,0,0,0,0,True,True,32,9,23,179,0.0,0.7039106145251397,30,0.20744888362885147,0.8950475884574296,0.22798193959119342,0.5489445181343502
arm5_reference,push_to_zone,low_friction,23023,v2_no_jacobian,True,True,1.0,0.0071587881109816415,0.0071587881109816415,3.667966083312871e-05,720,720,0,False,,2ebd5a46a509772b,0.8600570761181265,0.24708865258843282,23.329265193714054,0,0,0,0,True,True,42,9,33,155,0.0,0.6967741935483871,21,0.18741675137697486,0.9311900297164973,0.24436786347888292,0.6447926597467291
arm5_reference,push_to_zone,low_friction,23024,v2_no_jacobian,True,True,1.0,0.01302106664192984,0.01302106664192984,0.000350224959098671,720,720,0,False,,2ebd5a46a509772b,0.7459293239137064,0.23488760686333146,21.077545081837513,0,0,0,0,True,True,38,10,28,180,0.0,0.75,26,0.19170334400106015,1.0064813486137147,0.23125679393038598,0.5507302125324278
arm5_reference,push_to_zone,latency_load,23001,v2_no_jacobian,False,False,0.3333333333333333,0.42915678722650175,0.42915678722650175,0.039956585869407805,720,225,0,True,stage_timeout,2ebd5a46a509772b,0.3467271615413634,0.19600064908940876,31.403362391431905,0,0,0,0,False,False,43,13,30,0,0.0,0.0,0,0.0,0.0,nan,nan
arm5_reference,push_to_zone,latency_load,23002,v2_no_jacobian,True,True,1.0,0.008588908149402294,0.008588908149402294,0.0006763713448747727,720,720,0,False,,2ebd5a46a509772b,0.7636763295344537,0.23939294205108536,34.34263144370719,0,0,0,0,True,True,43,12,31,221,0.0,0.7692307692307693,32,0.22780174236985976,1.116938382009199,0.23651618436561675,0.6153758765690798
arm5_reference,push_to_zone,latency_load,23003,v2_no_jacobian,True,True,1.0,0.013541393113664493,0.013541393113664493,0.0003045783020688054,720,720,0,False,,2ebd5a46a509772b,0.8262166627679193,0.24876833155328454,35.63267240795833,0,0,0,0,True,True,39,10,29,194,0.0,0.7783505154639175,31,0.2071172412668656,1.0682074663787817,0.2487962742791663,0.6624337023514868
arm5_reference,push_to_zone,latency_load,23004,v2_no_jacobian,True,True,1.0,0.015233799190606814,0.015233799190606814,0.0003014672129392138,720,720,0,False,,2ebd5a46a509772b,0.8615326672480605,0.25022435604146565,35.5064066618479,0,0,0,0,True,True,56,16,40,189,0.0,0.6984126984126984,30,0.21896187641421488,0.975155461943273,0.24912564620378838,0.6739653614791323
arm5_reference,push_to_zone,latency_load,23005,v2_no_jacobian,True,True,1.0,0.018524352535778443,0.018524352535778443,0.0011904824907312853,720,720,0,False,,2ebd5a46a509772b,0.8751681322665159,0.2519158832280502,36.078897267460924,0,0,0,0,True,True,38,5,33,247,0.0,0.7489878542510121,38,0.30028732256484303,0.9756407350233351,0.2515857335941124,0.7090536016319207
arm5_reference,push_to_zone,latency_load,23006,v2_no_jacobian,True,True,1.0,0.019674795058921158,0.019674795058921158,0.0005521990164882426,720,720,0,False,,2ebd5a46a509772b,0.8141457734612461,0.2461634737147043,34.04089382727001,0,0,0,0,True,True,43,9,34,176,0.0,0.7159090909090909,27,0.2041471109160467,0.9020430592593129,0.24462169025651476,0.6425465841704203
arm5_reference,push_to_zone,latency_load,23007,v2_no_jacobian,True,True,1.0,0.028703092005941944,0.028703092005941944,0.0002847029988573405,720,720,0,False,,2ebd5a46a509772b,0.8956411300081022,0.25168816695051566,34.41937262356506,0,0,0,0,True,True,47,12,35,224,0.0,0.7589285714285714,30,0.20369494407093497,0.8699333426326906,0.2505477937174788,0.7291590672786912
arm5_reference,push_to_zone,latency_load,23008,v2_no_jacobian,True,True,1.0,0.01272685984342978,0.01272685984342978,9.192092385715895e-05,720,720,0,False,,2ebd5a46a509772b,0.8898887354965708,0.25655733216684906,36.75057479769836,0,0,0,0,True,True,72,15,57,197,0.0,0.7157360406091371,31,0.22760335018563208,0.9690321835667237,0.2578335358840666,0.712196074535794
arm5_reference,push_to_zone,latency_load,23009,v2_no_jacobian,True,True,1.0,0.02573283391397779,0.02573283391397779,7.579324768699759e-11,720,720,0,False,,2ebd5a46a509772b,0.8715268673439667,0.2566121564506779,40.023791567437414,0,0,0,0,True,True,51,13,38,151,0.0,0.543046357615894,24,0.1712509241757659,0.7374411836697511,0.25456796004882054,0.6761473050440241
arm5_reference,push_to_zone,latency_load,23010,v2_no_jacobian,True,True,1.0,0.010902658026767013,0.010902658026767013,0.0007325693146238819,720,720,0,False,,2ebd5a46a509772b,0.8901656464538146,0.2520197756940141,35.67586096076012,0,0,0,0,True,True,55,9,46,213,0.0,0.7276995305164319,30,0.24838953939168545,0.9049418164372687,0.2511001845817853,0.7403951424894979
arm5_reference,push_to_zone,latency_load,23011,v2_no_jacobian,True,True,1.0,0.01759793019489615,0.01759793019489615,0.001071738198534847,720,720,0,False,,2ebd5a46a509772b,0.952910758331964,0.26340199421484184,35.192613419702795,0,0,0,0,True,True,50,8,42,159,0.0,0.6981132075471698,22,0.18367091926728712,0.8558236266169119,0.2659744794644265,0.8021692643951801
arm5_reference,push_to_zone,latency_load,23012,v2_no_jacobian,True,True,1.0,0.006953164505314897,0.006953164505314897,2.4420602634532916e-05,720,720,0,False,,2ebd5a46a509772b,0.8628773620525518,0.25014002059104395,36.303953004737394,0,0,0,0,True,True,34,12,22,180,0.0,0.6222222222222222,25,0.21185484792075954,0.8655736373146722,0.24734819724357968,0.7075750593583758
arm5_reference,push_to_zone,latency_load,23013,v2_no_jacobian,True,True,1.0,0.006678683766106688,0.006678683766106688,6.040553040404729e-05,720,720,0,False,,2ebd5a46a509772b,0.8538319714682561,0.2502344834981634,37.01709055502852,0,0,0,0,True,True,48,11,37,192,0.0,0.6875,28,0.2219820337256162,1.0032797240612608,0.24941766525012482,0.6881116291401721
arm5_reference,push_to_zone,latency_load,23014,v2_no_jacobian,False,False,0.3333333333333333,0.313386556391991,0.313386556391991,0.0166159046228681,720,214,0,True,stage_timeout,2ebd5a46a509772b,0.7083897692979155,0.28632518965124776,31.772940711066685,0,0,0,0,False,False,56,7,49,0,0.0,0.0,0,0.0,0.0,nan,nan
arm5_reference,push_to_zone,latency_load,23015,v2_no_jacobian,True,True,1.0,0.0058542160708365595,0.0058542160708365595,0.00365037103166799,720,720,0,False,,2ebd5a46a509772b,0.8872960457874728,0.25562687545634466,35.68230858384899,0,0,0,0,True,True,57,11,46,178,0.0,0.7247191011235955,25,0.21097699311877383,0.9272600317932354,0.2556311151343019,0.7039538655493867
arm5_reference,push_to_zone,latency_load,23016,v2_no_jacobian,True,True,1.0,0.00551449550320416,0.00551449550320416,0.00034424526134545675,720,720,0,False,,2ebd5a46a509772b,0.917785037092717,0.2590576247047886,37.530984302702684,0,0,0,0,True,True,49,8,41,238,0.0,0.680672268907563,36,0.2963265467224518,0.9104724300999592,0.25955927859029826,0.7257639085376475
arm5_reference,push_to_zone,latency_load,23017,v2_no_jacobian,True,True,1.0,0.009930724465349944,0.009930724465349944,0.00042913027628575464,720,720,0,False,,2ebd5a46a509772b,0.8998193825013705,0.2539092180325203,34.68798235710223,0,0,0,0,True,True,50,12,38,175,0.0,0.6914285714285714,30,0.21575200443517295,0.855028959680582,0.25266982402408544,0.7299137622323686
arm5_reference,push_to_zone,latency_load,23018,v2_no_jacobian,False,False,0.3333333333333333,0.3259290715156763,0.3259290715156763,0.015301465544044672,720,215,0,True,stage_timeout,2ebd5a46a509772b,0.6636493930715064,0.2785765914891834,31.490588015801734,0,0,0,0,False,False,48,11,37,0,0.0,0.0,0,0.0,0.0,nan,nan
arm5_reference,push_to_zone,latency_load,23019,v2_no_jacobian,False,False,0.6666666666666666,0.00802107796784463,0.00802107796784463,0.01203155971392134,720,318,0,True,false_terminal_accept,2ebd5a46a509772b,0.854831672721841,0.25564359824049404,36.96119952436585,0,0,0,0,True,True,44,11,33,149,0.0,0.610738255033557,25,0.19563967749933825,0.7759313676090881,0.2557015254082937,0.6865080630537408
arm5_reference,push_to_zone,latency_load,23020,v2_no_jacobian,True,True,1.0,0.02545139857700109,0.02545139857700109,0.00035872271994386945,720,720,0,False,,2ebd5a46a509772b,0.8210848976879674,0.2486341579462633,34.07287398436519,0,0,0,0,True,True,54,12,42,195,0.0,0.7384615384615385,28,0.1919196343208798,0.8705049087899098,0.2485483037846925,0.6765364333311568
arm5_reference,push_to_zone,latency_load,23021,v2_no_jacobian,True,True,1.0,0.016827026163723037,0.016827026163723037,0.001179921993690883,720,720,0,False,,2ebd5a46a509772b,0.8501774825704502,0.2507815569815517,34.484346962480366,0,0,0,0,True,True,58,15,43,250,0.0,0.776,32,0.23836175802709061,0.799456758279482,0.25075635771803345,0.7090665263164166
arm5_reference,push_to_zone,latency_load,23022,v2_no_jacobian,True,True,1.0,0.019012817673349242,0.019012817673349242,5.195317418841531e-07,720,720,0,False,,2ebd5a46a509772b,0.840580922062435,0.24767309120267852,37.34066423360348,0,0,0,0,True,True,47,9,38,178,0.0,0.6235955056179775,30,0.20836426828496474,0.8973701125835207,0.2446730558256885,0.703410810843013
arm5_reference,push_to_zone,latency_load,23023,v2_no_jacobian,True,True,1.0,0.020935179761653506,0.020935179761653506,0.0001380411307218423,720,720,0,False,,2ebd5a46a509772b,0.9534706480728192,0.25954877659285197,34.81838495750484,0,0,0,0,True,True,52,8,44,184,0.0,0.7717391304347826,26,0.1988601810869154,1.0056269016817148,0.2599149162268823,0.7661864556899927
arm5_reference,push_to_zone,latency_load,23024,v2_no_jacobian,True,True,1.0,0.008066266842221326,0.008066266842221326,0.0006465341889602147,720,720,0,False,,2ebd5a46a509772b,0.8712305020206816,0.25323353382017155,35.64594183210335,0,0,0,0,True,True,42,6,36,216,0.0,0.7453703703703703,34,0.25063846358102426,0.9783306064194719,0.2530733420215955,0.7105661518672877
arm5_reference,push_to_zone,severe,23001,v2_no_jacobian,False,False,0.0,0.19608567980304753,0.19608567980304753,3.5443283909622096e-11,720,135,0,True,stage_timeout,2ebd5a46a509772b,0.7864291552308194,0.2844236802567871,136.70616359020897,0,0,0,0,False,False,0,0,0,0,0.0,0.0,0,0.0,0.0,nan,nan
arm5_reference,push_to_zone,severe,23002,v2_no_jacobian,False,False,0.0,0.20338002486828877,0.20338002486828877,4.889157745928703e-08,720,135,0,True,stage_timeout,2ebd5a46a509772b,0.7642265234540546,0.28200315824804933,136.80164285499424,0,0,0,0,False,False,0,0,0,0,0.0,0.0,0,0.0,0.0,nan,nan
arm5_reference,push_to_zone,severe,23003,v2_no_jacobian,False,False,0.0,0.2517098986403912,0.2517098986403912,5.136945447307281e-11,720,135,0,True,stage_timeout,2ebd5a46a509772b,0.8215871463863489,0.28427588498447276,141.30734296763038,0,0,0,0,False,False,0,0,0,0,0.0,0.0,0,0.0,0.0,nan,nan
arm5_reference,push_to_zone,severe,23004,v2_no_jacobian,False,False,0.0,0.241407748073096,0.241407748073096,8.760694274874964e-08,720,135,0,True,stage_timeout,2ebd5a46a509772b,0.8368886273788751,0.28488946936462395,140.02043902701004,0,0,0,0,False,False,0,0,0,0,0.0,0.0,0,0.0,0.0,nan,nan
arm5_reference,push_to_zone,severe,23005,v2_no_jacobian,False,False,0.0,0.25518471379387836,0.25518471379387836,9.015403835245676e-08,720,135,0,True,stage_timeout,2ebd5a46a509772b,0.8169276833228074,0.2858393236292228,139.722850512875,0,0,0,0,False,False,0,0,0,0,0.0,0.0,0,0.0,0.0,nan,nan
arm5_reference,push_to_zone,severe,23006,v2_no_jacobian,False,False,0.0,0.2315460862750827,0.2315460862750827,3.059175844989642e-07,720,135,0,True,stage_timeout,2ebd5a46a509772b,0.7880707773999158,0.28458542801662634,137.74696435775272,0,0,0,0,False,False,0,0,0,0,0.0,0.0,0,0.0,0.0,nan,nan
arm5_reference,push_to_zone,severe,23007,v2_no_jacobian,False,False,0.0,0.23395226555159,0.23395226555159,5.5096029712273785e-11,720,135,0,True,stage_timeout,2ebd5a46a509772b,0.8905050730376389,0.28659932102388047,145.01840011848654,0,0,0,0,False,False,0,0,0,0,0.0,0.0,0,0.0,0.0,nan,nan
arm5_reference,push_to_zone,severe,23008,v2_no_jacobian,False,False,0.0,0.26949333745410436,0.26949333745410436,2.0589287070522177e-07,720,135,0,True,stage_timeout,2ebd5a46a509772b,0.8337474942313712,0.284486252871375,139.3552864774209,0,0,0,0,False,False,0,0,0,0,0.0,0.0,0,0.0,0.0,nan,nan
arm5_reference,push_to_zone,severe,23009,v2_no_jacobian,False,False,0.0,0.22595258050963182,0.22595258050963182,3.3102026349547205e-11,720,135,0,True,stage_timeout,2ebd5a46a509772b,0.7805075645066086,0.28180450610633906,136.19570553838545,0,0,0,0,False,False,0,0,0,0,0.0,0.0,0,0.0,0.0,nan,nan
arm5_reference,push_to_zone,severe,23010,v2_no_jacobian,False,False,0.0,0.22243883460127822,0.22243883460127822,1.3658202124256154e-07,720,135,0,True,stage_timeout,2ebd5a46a509772b,0.8453822268721587,0.28655084328476493,141.4117880022027,0,0,0,0,False,False,0,0,0,0,0.0,0.0,0,0.0,0.0,nan,nan
arm5_reference,push_to_zone,severe,23011,v2_no_jacobian,False,False,0.0,0.27791631390959176,0.27791631390959176,0.15084352623883066,720,135,0,True,stage_timeout,2ebd5a46a509772b,0.8703754026880022,0.28200464348538434,140.0271149839555,0,0,0,0,False,False,0,0,0,0,0.0,0.0,0,0.0,0.0,nan,nan
arm5_reference,push_to_zone,severe,23012,v2_no_jacobian,False,False,0.0,0.22482668102232686,0.22482668102232686,0.08267007842140653,720,135,0,True,stage_timeout,2ebd5a46a509772b,0.7995436272016292,0.28426661052078744,138.15120859631745,0,0,0,0,False,False,0,0,0,0,0.0,0.0,0,0.0,0.0,nan,nan
arm5_reference,push_to_zone,severe,23013,v2_no_jacobian,False,False,0.0,0.23903764357087812,0.23903764357087812,3.954746343623538e-11,720,135,0,True,stage_timeout,2ebd5a46a509772b,0.8193893869401982,0.2859174291713134,141.97476306076123,0,0,0,0,False,False,0,0,0,0,0.0,0.0,0,0.0,0.0,nan,nan
arm5_reference,push_to_zone,severe,23014,v2_no_jacobian,False,False,0.0,0.2034010220584128,0.2034010220584128,0.14612977842996933,720,135,0,True,stage_timeout,2ebd5a46a509772b,0.825695290291173,0.28557609835850084,140.99383873112365,0,0,0,0,False,False,0,0,0,0,0.0,0.0,0,0.0,0.0,nan,nan
arm5_reference,push_to_zone,severe,23015,v2_no_jacobian,False,False,0.0,0.2290367123394645,0.2290367123394645,3.807411223498406e-11,720,135,0,True,stage_timeout,2ebd5a46a509772b,0.8180480209355605,0.28362710182551437,136.58214449392128,0,0,0,0,False,False,0,0,0,0,0.0,0.0,0,0.0,0.0,nan,nan
arm5_reference,push_to_zone,severe,23016,v2_no_jacobian,False,False,0.0,0.19454723654912198,0.19454723654912198,0.14472305637134997,720,135,0,True,stage_timeout,2ebd5a46a509772b,0.8366849837781536,0.2850660023749717,139.43739665681693,0,0,0,0,False,False,0,0,0,0,0.0,0.0,0,0.0,0.0,nan,nan
arm5_reference,push_to_zone,severe,23017,v2_no_jacobian,False,False,0.0,0.22235040049654048,0.22235040049654048,1.0479654562314688e-08,720,135,0,True,stage_timeout,2ebd5a46a509772b,0.8461306413217349,0.2862812571433156,139.4634833105603,0,0,0,0,False,False,0,0,0,0,0.0,0.0,0,0.0,0.0,nan,nan
arm5_reference,push_to_zone,severe,23018,v2_no_jacobian,False,False,0.0,0.2130571147620249,0.2130571147620249,0.13456290011654973,720,135,0,True,stage_timeout,2ebd5a46a509772b,0.7497398835694997,0.28032220677347214,131.82457318856498,0,0,0,0,False,False,0,0,0,0,0.0,0.0,0,0.0,0.0,nan,nan
arm5_reference,push_to_zone,severe,23019,v2_no_jacobian,False,False,0.0,0.22396842738895417,0.22396842738895417,4.826229401436139e-08,720,135,0,True,stage_timeout,2ebd5a46a509772b,0.8207721651773103,0.28408233859435156,137.31724251716741,0,0,0,0,False,False,0,0,0,0,0.0,0.0,0,0.0,0.0,nan,nan
arm5_reference,push_to_zone,severe,23020,v2_no_jacobian,False,False,0.0,0.23680301771543585,0.23680301771543585,1.966421138066631e-11,720,135,0,True,stage_timeout,2ebd5a46a509772b,0.7812662239876262,0.28241107341132715,136.59084212377357,0,0,0,0,False,False,0,0,0,0,0.0,0.0,0,0.0,0.0,nan,nan
arm5_reference,push_to_zone,severe,23021,v2_no_jacobian,False,False,0.0,0.22756160574278006,0.22756160574278006,1.4727297370015021e-07,720,135,0,True,stage_timeout,2ebd5a46a509772b,0.8139295873025079,0.28758442829122427,139.05726441806675,0,0,0,0,False,False,0,0,0,0,0.0,0.0,0,0.0,0.0,nan,nan
arm5_reference,push_to_zone,severe,23022,v2_no_jacobian,False,False,0.0,0.2624825318265328,0.2624825318265328,6.406147595717475e-07,720,135,0,True,stage_timeout,2ebd5a46a509772b,0.7864626255917195,0.2850988533677338,137.63553404017432,0,0,0,0,False,False,0,0,0,0,0.0,0.0,0,0.0,0.0,nan,nan
arm5_reference,push_to_zone,severe,23023,v2_no_jacobian,False,False,0.0,0.27493068752875394,0.27493068752875394,6.017537196262294e-09,720,135,0,True,stage_timeout,2ebd5a46a509772b,0.9021104311003025,0.2877585568661475,142.58677482088743,0,0,0,0,False,False,0,0,0,0,0.0,0.0,0,0.0,0.0,nan,nan
arm5_reference,push_to_zone,severe,23024,v2_no_jacobian,False,False,0.0,0.22383916027710735,0.22383916027710735,1.8175994277833267e-08,720,135,0,True,stage_timeout,2ebd5a46a509772b,0.8039520421978108,0.2842440507038297,136.3416430024525,0,0,0,0,False,False,0,0,0,0,0.0,0.0,0,0.0,0.0,nan,nan
arm5_distal_heavy,push_to_zone,nominal,23001,v2_no_jacobian,True,True,1.0,0.010527700971387263,0.010527700971387263,0.0003086342402869729,720,720,0,False,,2ebd5a46a509772b,0.7078094472225716,0.22593189354616738,23.80419260421103,0,0,0,0,True,True,34,5,29,179,0.0,0.770949720670391,23,0.19169784086985484,1.0261424487040656,0.22611480488433924,0.5030800179107833
arm5_distal_heavy,push_to_zone,nominal,23002,v2_no_jacobian,True,True,1.0,0.009092786894941291,0.009092786894941291,0.0002661200574566718,720,720,0,False,,2ebd5a46a509772b,0.6853808063458686,0.22545717554586567,25.942165231849195,0,0,0,0,True,True,30,5,25,163,0.0,0.6196319018404908,25,0.18744227833647684,0.9156097672970903,0.2259035226751242,0.4707430870358458
arm5_distal_heavy,push_to_zone,nominal,23003,v2_no_jacobian,True,True,1.0,0.008915540434896924,0.008915540434896924,0.00017066734814304643,720,720,0,False,,2ebd5a46a509772b,0.7781778178550458,0.24121274163404707,32.340741625609624,0,0,0,0,True,True,35,5,30,152,0.0,0.5855263157894737,24,0.17724892711718893,0.9369032054159128,0.2412073931479419,0.5340427032524961
arm5_distal_heavy,push_to_zone,nominal,23004,v2_no_jacobian,True,True,1.0,0.01421361855094008,0.01421361855094008,0.00020664892605022013,720,720,0,False,,2ebd5a46a509772b,0.7891714444925575,0.23840199720390146,29.582207614774973,0,0,0,0,True,True,30,4,26,152,0.0,0.625,26,0.17657583205199126,0.8649078155082348,0.23933074438423133,0.5442640357505808
arm5_distal_heavy,push_to_zone,nominal,23005,v2_no_jacobian,True,True,1.0,0.007798308843864468,0.007798308843864468,0.00026992628370868483,720,720,0,False,,2ebd5a46a509772b,0.7802466936804406,0.23564244537302736,25.847977019974802,0,0,0,0,True,True,30,5,25,172,0.0,0.6918604651162791,25,0.20125960601571383,0.9373775928886157,0.23600436505051975,0.5590760022436236
arm5_distal_heavy,push_to_zone,nominal,23006,v2_no_jacobian,True,True,1.0,0.008865856577107362,0.008865856577107362,0.00027528327411852603,720,720,0,False,,2ebd5a46a509772b,0.7467899981654136,0.23447998406092443,26.078690684206506,0,0,0,0,True,True,34,5,29,163,0.0,0.6932515337423313,27,0.1910672160881325,0.9172021404077252,0.23481668727758345,0.5313913575860281
arm5_distal_heavy,push_to_zone,nominal,23007,v2_no_jacobian,True,True,1.0,0.022094708138122806,0.022094708138122806,1.1982181431886143e-05,720,720,0,False,,2ebd5a46a509772b,0.8759916006725605,0.24724310758411613,30.91094238357522,0,0,0,0,True,True,28,4,24,153,0.0,0.5620915032679739,23,0.17143238969574726,1.0043445204420947,0.24917411691483698,0.6352896948889049
arm5_distal_heavy,push_to_zone,nominal,23008,v2_no_jacobian,True,True,1.0,0.033308645687595256,0.033308645687595256,3.845426663733792e-05,720,720,0,False,,2ebd5a46a509772b,0.8628773852147495,0.25177204889355376,29.239878854952824,0,0,0,0,True,True,33,5,28,148,0.0,0.6216216216216216,23,0.1662389138116334,0.9903701757296693,0.2553151288649932,0.6208502754068714
arm5_distal_heavy,push_to_zone,nominal,23009,v2_no_jacobian,True,True,1.0,0.01693842088939981,0.01693842088939981,5.355995676586303e-05,720,720,0,False,,2ebd5a46a509772b,0.8006181071591971,0.24466567363530092,29.31009466310994,0,0,0,0,True,True,28,4,24,149,0.0,0.5436241610738255,26,0.16858708676022852,0.7480418114941371,0.2444524097248692,0.5558984553295754
arm5_distal_heavy,push_to_zone,nominal,23010,v2_no_jacobian,True,True,1.0,0.01500359007380561,0.01500359007380561,0.00024585898908832893,720,720,0,False,,2ebd5a46a509772b,0.8359325774948876,0.2417035651068225,26.74243156047769,0,0,0,0,True,True,34,5,29,161,0.0,0.6086956521739131,27,0.1884990693187755,0.9431052192841393,0.24260811958309336,0.6242821643064813
arm5_distal_heavy,push_to_zone,nominal,23011,v2_no_jacobian,True,True,1.0,0.017756663759090508,0.017756663759090508,0.00017258184371584374,720,720,0,False,,2ebd5a46a509772b,0.9899724950526669,0.26807082695278506,30.778230340804917,0,0,0,0,True,True,33,5,28,172,0.0,0.6453488372093024,26,0.19326754198196902,1.0563111914287595,0.26700379097015253,0.7319260558683287
arm5_distal_heavy,push_to_zone,nominal,23012,v2_no_jacobian,True,True,1.0,0.010687582411530372,0.010687582411530372,0.0002501631545538499,720,720,0,False,,2ebd5a46a509772b,0.7781285004777478,0.2347909208484716,24.483055924874083,0,0,0,0,True,True,25,4,21,160,0.0,0.675,22,0.18598277958172804,1.0912370639072408,0.23642237499939064,0.5735888845325365
arm5_distal_heavy,push_to_zone,nominal,23013,v2_no_jacobian,True,True,1.0,0.01287974475294046,0.01287974475294046,0.00020882070168932567,720,720,0,False,,2ebd5a46a509772b,0.8025975303730952,0.24105994301254507,30.098851689480156,0,0,0,0,True,True,33,5,28,154,0.0,0.6168831168831169,26,0.18388076751184093,0.8614636162929581,0.24241336649554782,0.5699846452418482
arm5_distal_heavy,push_to_zone,nominal,23014,v2_no_jacobian,True,True,1.0,0.009442224214343358,0.009442224214343358,0.0002383198322794331,720,720,0,False,,2ebd5a46a509772b,0.7932071342423361,0.23902898490140265,27.703751926620274,0,0,0,0,True,True,32,5,27,154,0.0,0.6363636363636364,24,0.18900208025346607,0.8898183750738287,0.24038710458266327,0.5637752060948835
arm5_distal_heavy,push_to_zone,nominal,23015,v2_no_jacobian,True,True,1.0,0.011091697486763509,0.011091697486763509,0.0002532790653353509,720,720,0,False,,2ebd5a46a509772b,0.8381395868645622,0.2469141062910895,25.853956953134205,0,0,0,0,True,True,34,5,29,163,0.0,0.6871165644171779,28,0.18470179712742776,0.9701737991981303,0.2472050677255202,0.6107760392692994
arm5_distal_heavy,push_to_zone,nominal,23016,v2_no_jacobian,True,True,1.0,0.010332699677382966,0.010332699677382966,0.0002568337311065392,720,720,0,False,,2ebd5a46a509772b,0.8339241379575033,0.24596206945785434,28.56705597397533,0,0,0,0,True,True,35,5,30,161,0.0,0.639751552795031,25,0.18960914168805268,0.9953744234376155,0.24676729197180125,0.6112327884725466
arm5_distal_heavy,push_to_zone,nominal,23017,v2_no_jacobian,True,True,1.0,0.014661958831798685,0.014661958831798685,0.00023560021759775544,720,720,0,False,,2ebd5a46a509772b,0.8336391705798145,0.24233790050086507,26.54451842470685,0,0,0,0,True,True,26,4,22,163,0.0,0.656441717791411,28,0.18379395869503665,1.033424595686422,0.24363637240821992,0.6040060504407556
arm5_distal_heavy,push_to_zone,nominal,23018,v2_no_jacobian,True,True,1.0,0.007565231647683429,0.007565231647683429,0.00017619868988745743,720,720,0,False,,2ebd5a46a509772b,0.8189819873780477,0.2490726005930247,27.2597792368276,0,0,0,0,True,True,31,5,26,154,0.0,0.5584415584415584,24,0.20109491368208737,0.8059316456061206,0.24988366355151875,0.5875351885824767
arm5_distal_heavy,push_to_zone,nominal,23019,v2_no_jacobian,True,True,1.0,0.021028823082630557,0.021028823082630557,0.00018442497368245078,720,720,0,False,,2ebd5a46a509772b,0.8271432329278059,0.24761911050631732,29.484620055660592,0,0,0,0,True,True,29,4,25,154,0.0,0.5909090909090909,21,0.1719231314377975,0.8393450358115941,0.24747904853166536,0.5911628896634378
arm5_distal_heavy,push_to_zone,nominal,23020,v2_no_jacobian,True,True,1.0,0.00893758831707504,0.00893758831707504,0.00020611695533991552,720,720,0,False,,2ebd5a46a509772b,0.810517408174587,0.24580101418751332,28.117861602918886,0,0,0,0,True,True,26,4,22,163,0.0,0.6319018404907976,30,0.1882674781772738,0.9675954937928575,0.24534829255787033,0.5832763540091976
arm5_distal_heavy,push_to_zone,nominal,23021,v2_no_jacobian,True,True,1.0,0.007402326692595123,0.007402326692595123,0.00022819547272234775,720,720,0,False,,2ebd5a46a509772b,0.826479099001372,0.24452467888135557,25.766548456234577,0,0,0,0,True,True,33,5,28,149,0.0,0.6308724832214765,28,0.1928824580866387,0.7425963627757207,0.24549192196160127,0.6133635146748135
arm5_distal_heavy,push_to_zone,nominal,23022,v2_no_jacobian,True,True,1.0,0.01824912768670084,0.01824912768670084,0.00033047510633764273,720,720,0,False,,2ebd5a46a509772b,0.7505539168897797,0.23135945968495927,22.72807365505696,0,0,0,0,True,True,35,6,29,167,0.0,0.7065868263473054,27,0.19105943181516305,0.9255303327906773,0.23258746318680049,0.567505703913076
arm5_distal_heavy,push_to_zone,nominal,23023,v2_no_jacobian,True,True,1.0,0.019804506334302887,0.019804506334302887,2.994476707786875e-11,720,720,0,False,,2ebd5a46a509772b,0.9393652080142749,0.25624537878013137,31.32583855600336,0,0,0,0,True,True,28,5,23,163,0.0,0.558282208588957,26,0.17852213470903278,0.98811989480107,0.2568019187810079,0.68798051814312
arm5_distal_heavy,push_to_zone,nominal,23024,v2_no_jacobian,True,True,1.0,0.010799580887168805,0.010799580887168805,0.000274600447432902,720,720,0,False,,2ebd5a46a509772b,0.797552714128265,0.24053475453640846,25.832758346405047,0,0,0,0,True,True,32,5,27,168,0.0,0.6726190476190477,29,0.19037101153218655,1.03609525836266,0.2412414855740269,0.5855755659393549
arm5_distal_heavy,push_to_zone,low_friction,23001,v2_no_jacobian,True,True,1.0,0.00601712251300895,0.00601712251300895,0.0006598499584028443,720,720,0,False,,2ebd5a46a509772b,0.7661256935302969,0.23716381097105135,27.153123441912076,0,0,0,0,True,True,35,8,27,187,0.0,0.7219251336898396,28,0.19298628072255208,1.0382036440565718,0.23224041198168824,0.5494731820254035
arm5_distal_heavy,push_to_zone,low_friction,23002,v2_no_jacobian,True,True,1.0,0.025204789760953205,0.025204789760953205,0.00033227230516554354,720,720,0,False,,2ebd5a46a509772b,0.723149517130568,0.23312513209738864,25.799690907837455,0,0,0,0,True,True,34,8,26,187,0.0,0.7593582887700535,27,0.1760193167389742,0.9860434213509618,0.22872089877242704,0.5195905836319512
arm5_distal_heavy,push_to_zone,low_friction,23003,v2_no_jacobian,True,True,1.0,0.006421152641203012,0.006421152641203012,0.00021787804353035666,720,720,0,False,,2ebd5a46a509772b,0.8350928654487602,0.25107166721415697,33.29246497461878,0,0,0,0,True,True,32,9,23,170,0.0,0.6235294117647059,29,0.18761336068092865,1.0455596638896005,0.24870146015239722,0.6195032194514174
arm5_distal_heavy,push_to_zone,low_friction,23004,v2_no_jacobian,True,True,1.0,0.017253082123676378,0.017253082123676378,0.00014053278138730533,720,720,0,False,,2ebd5a46a509772b,0.8509584804404988,0.24913837007861916,30.43895010732344,0,0,0,0,True,True,31,9,22,164,0.0,0.6829268292682927,26,0.17378221603376826,0.8230539690385531,0.2451761149850552,0.6224438670589096
arm5_distal_heavy,push_to_zone,low_friction,23005,v2_no_jacobian,True,True,1.0,0.022425365551902186,0.022425365551902186,0.0004470459422656538,720,720,0,False,,2ebd5a46a509772b,0.8293827141282724,0.24498205505584825,26.867149886201712,0,0,0,0,True,True,37,9,28,180,0.0,0.7111111111111111,28,0.19698414824179325,0.8750081277475721,0.24165670493955901,0.6317101143607342
arm5_distal_heavy,push_to_zone,low_friction,23006,v2_no_jacobian,True,True,1.0,0.007506066474564012,0.007506066474564012,0.00027842434415105075,720,720,0,False,,2ebd5a46a509772b,0.8030476856834006,0.24482553765898338,29.410554060550666,0,0,0,0,True,True,33,8,25,174,0.0,0.6436781609195402,27,0.18794660308493663,0.9851992430784537,0.241571303766576,0.5925766766387541
arm5_distal_heavy,push_to_zone,low_friction,23007,v2_no_jacobian,True,True,1.0,0.006455081642380757,0.006455081642380757,0.00010165327665347732,720,720,0,False,,2ebd5a46a509772b,0.9108265215974316,0.2541115438064162,31.12951651919516,0,0,0,0,True,True,29,8,21,175,0.0,0.6342857142857142,30,0.19332782716722657,1.0822449889591412,0.25166078966923566,0.6916750113242958
arm5_distal_heavy,push_to_zone,low_friction,23008,v2_no_jacobian,True,True,1.0,0.010044039764917159,0.010044039764917159,4.652950047559034e-05,720,720,0,False,,2ebd5a46a509772b,0.878999054471582,0.25547361340585883,29.840200137257806,0,0,0,0,True,True,37,9,28,166,0.0,0.6987951807228916,28,0.1837978841525058,0.998749871924546,0.2545956683856505,0.6855094587100363
arm5_distal_heavy,push_to_zone,low_friction,23009,v2_no_jacobian,True,True,1.0,0.008924189359409723,0.008924189359409723,0.0001492207800306004,720,720,0,False,,2ebd5a46a509772b,0.8287601531699371,0.250659698273335,30.495737815857634,0,0,0,0,True,True,30,6,24,155,0.0,0.5741935483870968,24,0.17802558086523576,0.8999347191067432,0.2485019330327971,0.6159260559481701
arm5_distal_heavy,push_to_zone,low_friction,23010,v2_no_jacobian,True,True,1.0,0.021924972898853,0.021924972898853,0.00014867888116635393,720,720,0,False,,2ebd5a46a509772b,0.858618702926488,0.24720230750512778,26.40384218534909,0,0,0,0,True,True,37,10,27,180,0.0,0.7277777777777777,27,0.1876403699505143,0.9596604146417361,0.24437019841444232,0.6674353408574065
arm5_distal_heavy,push_to_zone,low_friction,23011,v2_no_jacobian,True,True,1.0,0.01575618872305266,0.01575618872305266,0.0008068076665904968,720,720,0,False,,2ebd5a46a509772b,0.971656814490844,0.2663655434253681,31.567817575664762,0,0,0,0,True,True,55,9,46,163,0.0,0.6687116564417178,21,0.177782864268905,1.03491362978919,0.2662142707390382,0.7695098080771872
arm5_distal_heavy,push_to_zone,low_friction,23012,v2_no_jacobian,True,True,1.0,0.020026344050402052,0.020026344050402052,0.0005827376253916378,720,720,0,False,,2ebd5a46a509772b,0.8084215032413873,0.24160948821106787,25.095757654746404,0,0,0,0,True,True,33,8,25,179,0.0,0.7150837988826816,29,0.18491672044169163,1.0312688694346943,0.2384117080895745,0.6095067820916173
arm5_distal_heavy,push_to_zone,low_friction,23013,v2_no_jacobian,True,True,1.0,0.011626686241831673,0.011626686241831673,0.0005167837530664658,720,720,0,False,,2ebd5a46a509772b,0.8320710115013514,0.24734122136195155,29.58468833208637,0,0,0,0,True,True,34,8,26,165,0.0,0.6484848484848484,28,0.18526311364907888,0.8612619580714838,0.2451146163274257,0.6250990566798915
arm5_distal_heavy,push_to_zone,low_friction,23014,v2_no_jacobian,True,True,1.0,0.008572944816198282,0.008572944816198282,0.00045432892649234296,720,720,0,False,,2ebd5a46a509772b,0.8558752741579316,0.250212189890299,30.019368482312956,0,0,0,0,True,True,36,9,27,184,0.0,0.657608695652174,29,0.2065707098338778,0.9765549259205766,0.2476382367802603,0.6510919128315114
arm5_distal_heavy,push_to_zone,low_friction,23015,v2_no_jacobian,True,True,1.0,0.012201176283183315,0.012201176283183315,0.0005834425645600026,720,720,0,False,,2ebd5a46a509772b,0.8697884849235678,0.25327170976824126,27.957184638553187,0,0,0,0,True,True,29,6,23,161,0.0,0.6273291925465838,29,0.18448737225965436,0.936262365997484,0.25145324778106765,0.6648474770015995
arm5_distal_heavy,push_to_zone,low_friction,23016,v2_no_jacobian,True,True,1.0,0.014706380859020414,0.014706380859020414,0.00010150154752588409,720,720,0,False,,2ebd5a46a509772b,0.8955406612410661,0.2563078712381089,32.28914527719749,0,0,0,0,True,True,39,9,30,178,0.0,0.6292134831460674,24,0.19503834028934702,1.0372718228849156,0.25413909636962617,0.6698854082568704
arm5_distal_heavy,push_to_zone,low_friction,23017,v2_no_jacobian,True,True,1.0,0.018783572239957417,0.018783572239957417,0.0008603400779656225,720,720,0,False,,2ebd5a46a509772b,0.8615476986412598,0.2484401557899109,26.366947336601758,0,0,0,0,True,True,30,9,21,185,0.0,0.745945945945946,30,0.18548719890148138,0.9835825648787514,0.24548420696099527,0.652203962713108
arm5_distal_heavy,push_to_zone,low_friction,23018,v2_no_jacobian,True,True,1.0,0.022564570170888643,0.022564570170888643,0.00044530992091109035,720,720,0,False,,2ebd5a46a509772b,0.8031722572153819,0.2481351514218664,26.15972614259348,0,0,0,0,True,True,50,11,39,188,0.0,0.7180851063829787,31,0.19619448849793095,0.9735839400144761,0.24758507922395706,0.6544911258243906
arm5_distal_heavy,push_to_zone,low_friction,23019,v2_no_jacobian,True,True,1.0,0.006529252930940387,0.006529252930940387,0.00010497900714406973,720,720,0,False,,2ebd5a46a509772b,0.8580926280364034,0.25350531536544796,29.730312965872823,0,0,0,0,True,True,32,6,26,162,0.0,0.691358024691358,25,0.18990440442234238,0.8716351417702084,0.2516654188647248,0.6538055836126766
arm5_distal_heavy,push_to_zone,low_friction,23020,v2_no_jacobian,True,True,1.0,0.01844314360179135,0.01844314360179135,8.585382970004518e-05,720,720,0,False,,2ebd5a46a509772b,0.8325355695341923,0.25072097151331024,29.139648418184272,0,0,0,0,True,True,32,10,22,172,0.0,0.6569767441860465,28,0.18075937856233315,0.9409950412592777,0.24824162574369343,0.6291557267635639
arm5_distal_heavy,push_to_zone,low_friction,23021,v2_no_jacobian,True,True,1.0,0.006748800628207396,0.006748800628207396,0.0006447694014628511,720,720,0,False,,2ebd5a46a509772b,0.8538263240104291,0.2510014856316592,27.919484712046103,0,0,0,0,True,True,30,7,23,169,0.0,0.7218934911242604,30,0.1839861001037932,0.9798228514234009,0.24905391310642275,0.6626103635693488
arm5_distal_heavy,push_to_zone,low_friction,23022,v2_no_jacobian,True,True,1.0,0.014345600624826201,0.014345600624826201,0.0008002830540062474,720,720,0,False,,2ebd5a46a509772b,0.7965241036978039,0.2408026211730409,25.56328750238066,0,0,0,0,True,True,30,8,22,183,0.0,0.7540983606557377,27,0.19948547824799642,0.9723596369093671,0.23797139056410388,0.6336213081601061
arm5_distal_heavy,push_to_zone,low_friction,23023,v2_no_jacobian,True,True,1.0,0.008670352250830706,0.008670352250830706,7.847116537180367e-05,720,720,0,False,,2ebd5a46a509772b,0.9549136774799907,0.2600448212051132,30.256347608200347,0,0,0,0,True,True,46,9,37,161,0.0,0.6645962732919255,27,0.18618811632829407,0.9374349016019844,0.25883287844586833,0.737091892568912
arm5_distal_heavy,push_to_zone,low_friction,23024,v2_no_jacobian,True,True,1.0,0.014141274401360917,0.014141274401360917,0.0002800652608952824,720,720,0,False,,2ebd5a46a509772b,0.8239370014647402,0.24625750439551986,26.547275481597808,0,0,0,0,True,True,34,11,23,172,0.0,0.6918604651162791,30,0.1850633224517248,0.9418857584542347,0.2432002904082947,0.6229985726819609
arm5_distal_heavy,push_to_zone,latency_load,23001,v2_no_jacobian,True,True,1.0,0.018139368398986295,0.018139368398986295,0.0011368567243222368,720,720,0,False,,2ebd5a46a509772b,0.8360406636460063,0.24773635043602127,34.05878539610818,0,0,0,0,True,True,40,8,32,175,0.0,0.6914285714285714,31,0.19205946307835223,0.9777947450326453,0.24537061718293468,0.6635187644232623
arm5_distal_heavy,push_to_zone,latency_load,23002,v2_no_jacobian,True,True,1.0,0.021608698994130066,0.021608698994130066,0.0004265500782096938,720,720,0,False,,2ebd5a46a509772b,0.8091282733776439,0.24608000066078153,34.50455014754991,0,0,0,0,True,True,41,9,32,197,0.0,0.7309644670050761,34,0.19333496927098356,1.02158163374895,0.24369014099695838,0.6348212672381734
arm5_distal_heavy,push_to_zone,latency_load,23003,v2_no_jacobian,True,True,1.0,0.0062916813032070215,0.0062916813032070215,0.00017574317170477715,720,720,0,False,,2ebd5a46a509772b,0.9023426605816143,0.2594296138725305,39.498235394327445,0,0,0,0,True,True,56,11,45,163,0.0,0.754601226993865,21,0.17777801748310662,1.0277242733535221,0.26054154472836893,0.7362737977962461
arm5_distal_heavy,push_to_zone,latency_load,23004,v2_no_jacobian,True,True,1.0,0.01741198364946638,0.01741198364946638,6.427452810235967e-05,720,720,0,False,,2ebd5a46a509772b,0.9366225634288636,0.2604437405885965,39.607378910151816,0,0,0,0,True,True,60,12,48,162,0.0,0.6481481481481481,28,0.17405817406362292,0.8702089514618672,0.25886307090197025,0.7278993032198002
arm5_distal_heavy,push_to_zone,latency_load,23005,v2_no_jacobian,True,True,1.0,0.008863024229588186,0.008863024229588186,3.424789105406658e-05,720,720,0,False,,2ebd5a46a509772b,0.9031708365234423,0.25518980676681313,36.09964359210622,0,0,0,0,True,True,55,7,48,180,0.0,0.7055555555555556,29,0.20514938537764377,0.9312803489202934,0.25409891963114584,0.7371801910200828
arm5_distal_heavy,push_to_zone,latency_load,23006,v2_no_jacobian,True,True,1.0,0.02169384203671848,0.02169384203671848,0.0005300146614532467,720,720,0,False,,2ebd5a46a509772b,0.8560106321868444,0.25211626629052153,34.6999298918256,0,0,0,0,True,True,55,8,47,184,0.0,0.7608695652173914,27,0.17947711445104925,0.9631306872934645,0.2511671397495748,0.6994563333409869
arm5_distal_heavy,push_to_zone,latency_load,23007,v2_no_jacobian,True,True,1.0,0.006650850458074446,0.006650850458074446,4.898542142656577e-05,720,720,0,False,,2ebd5a46a509772b,0.9696746996822794,0.2614778996631861,37.83841223544501,0,0,0,0,True,True,59,7,52,173,0.0,0.7514450867052023,27,0.1787146266866778,1.1181105083167213,0.2616509589910443,0.7918315212994682
arm5_distal_heavy,push_to_zone,latency_load,23008,v2_no_jacobian,True,True,1.0,0.008200304103868818,0.008200304103868818,5.274082315191343e-05,720,720,0,False,,2ebd5a46a509772b,0.9522554097938591,0.26473668296966935,38.70712197282756,0,0,0,0,True,True,60,8,52,170,0.0,0.6882352941176471,28,0.18692921587499833,0.9009782591951554,0.2659520797962356,0.7789490593894279
arm5_distal_heavy,push_to_zone,latency_load,23009,v2_no_jacobian,True,True,1.0,0.017350118054004535,0.017350118054004535,0.00034188291041075487,720,720,0,False,,2ebd5a46a509772b,0.8755859760100788,0.2568801969531013,35.75116779472899,0,0,0,0,True,True,52,9,43,171,0.0,0.7134502923976608,27,0.17138505916467425,1.008490451989736,0.25742422066029635,0.7092315172471553
arm5_distal_heavy,push_to_zone,latency_load,23010,v2_no_jacobian,True,True,1.0,0.009581312388604619,0.009581312388604619,0.0004751204360877768,720,720,0,False,,2ebd5a46a509772b,0.9386670870421334,0.2584022630277197,36.34057398111054,0,0,0,0,True,True,48,5,43,184,0.0,0.717391304347826,25,0.19699333031161997,1.1069123590010492,0.25786594811608093,0.7670366290612836
arm5_distal_heavy,push_to_zone,latency_load,23011,v2_no_jacobian,True,True,1.0,0.011971306998221295,0.011971306998221295,0.001000736162175036,720,720,0,False,,2ebd5a46a509772b,1.0392946834134138,0.2740766467281374,40.309038523883956,0,0,0,0,True,True,57,7,50,165,0.0,0.6363636363636364,25,0.17876789113956626,0.9655679167966787,0.2760252134385638,0.864217640312614
arm5_distal_heavy,push_to_zone,latency_load,23012,v2_no_jacobian,True,True,1.0,0.01808841467742465,0.01808841467742465,6.920853531054095e-05,720,720,0,False,,2ebd5a46a509772b,0.8810403195729444,0.25238500196609587,34.41986442654922,0,0,0,0,True,True,40,7,33,188,0.0,0.723404255319149,32,0.18994175661836685,1.0783081701444825,0.2513523634662243,0.714451516884512
arm5_distal_heavy,push_to_zone,latency_load,23013,v2_no_jacobian,True,True,1.0,0.01660558937309212,0.01660558937309212,9.166425232461416e-05,720,720,0,False,,2ebd5a46a509772b,0.8981318380724357,0.2563346178585869,36.47471206391122,0,0,0,0,True,True,51,7,44,183,0.0,0.7486338797814208,29,0.18747993177545808,1.1037506592490458,0.256465556257708,0.733498072175657
arm5_distal_heavy,push_to_zone,latency_load,23014,v2_no_jacobian,True,True,1.0,0.00644131823030908,0.00644131823030908,4.456033077861176e-05,720,720,0,False,,2ebd5a46a509772b,0.9227876268227593,0.2588918196863314,38.16518937271826,0,0,0,0,True,True,53,10,43,187,0.0,0.732620320855615,28,0.20050888743945466,1.1575062707922366,0.2594529728172492,0.7573989393094158
arm5_distal_heavy,push_to_zone,latency_load,23015,v2_no_jacobian,True,True,1.0,0.012716769585185564,0.012716769585185564,2.5198567329639103e-05,720,720,0,False,,2ebd5a46a509772b,0.9456758984643954,0.2633655047422524,36.533508277102264,0,0,0,0,True,True,37,8,29,163,0.0,0.6441717791411042,27,0.1813654886277448,0.9919771233629806,0.2639440548401534,0.7570781555162811
arm5_distal_heavy,push_to_zone,latency_load,23016,v2_no_jacobian,True,True,1.0,0.025979154556126968,0.025979154556126968,0.0004052391494455167,720,720,0,False,,2ebd5a46a509772b,0.9349452808927778,0.2606999880162301,35.71719274653675,0,0,0,0,True,True,60,9,51,191,0.0,0.7329842931937173,31,0.17531435620474453,0.8938331740775546,0.2613539538642132,0.7784682055815835
arm5_distal_heavy,push_to_zone,latency_load,23017,v2_no_jacobian,True,True,1.0,0.02084067320066166,0.02084067320066166,0.001295778744805963,720,720,0,False,,2ebd5a46a509772b,0.9403978668329105,0.25922169225563024,35.8034065527513,0,0,0,0,True,True,52,9,43,173,0.0,0.7167630057803468,24,0.1812771847073159,0.91246062771548,0.2582022647813793,0.7572889329030446
arm5_distal_heavy,push_to_zone,latency_load,23018,v2_no_jacobian,True,True,1.0,0.015205298126493391,0.015205298126493391,0.0002490788102958073,720,720,0,False,,2ebd5a46a509772b,0.8865535184244435,0.2596560012797528,38.20268712835964,0,0,0,0,True,True,62,9,53,186,0.0,0.6612903225806451,29,0.19415651389358346,1.071758366960592,0.2603860181014892,0.7316875051539249
arm5_distal_heavy,push_to_zone,latency_load,23019,v2_no_jacobian,True,True,1.0,0.013719339846444014,0.013719339846444014,3.533661212076117e-05,720,720,0,False,,2ebd5a46a509772b,0.9465204554771385,0.26490563308399745,40.13815944235746,0,0,0,0,True,True,40,7,33,159,0.0,0.6289308176100629,26,0.1726430591856425,0.9111776445320122,0.2649604489881424,0.7544931959969867
arm5_distal_heavy,push_to_zone,latency_load,23020,v2_no_jacobian,True,True,1.0,0.018546092262287674,0.018546092262287674,0.00023317337371524903,720,720,0,False,,2ebd5a46a509772b,0.8801742547242157,0.25696528208235087,34.9235908028256,0,0,0,0,True,True,53,13,40,177,0.0,0.711864406779661,26,0.17545872886329697,0.8924200717755278,0.25790088901401126,0.724416201807363
arm5_distal_heavy,push_to_zone,latency_load,23021,v2_no_jacobian,True,True,1.0,0.009043142689980518,0.009043142689980518,0.0015314301152755602,720,720,0,False,,2ebd5a46a509772b,0.929562693318738,0.26164490470891416,37.496513062108,0,0,0,0,True,True,35,6,29,174,0.0,0.6609195402298851,28,0.18977122404894955,1.0054325957058625,0.2616501332360746,0.7507042339449725
arm5_distal_heavy,push_to_zone,latency_load,23022,v2_no_jacobian,True,True,1.0,0.026801596280669235,0.026801596280669235,0.0012151083121053473,720,720,0,False,,2ebd5a46a509772b,0.8483805630183086,0.24846463837179333,33.4190973777036,0,0,0,0,True,True,46,6,40,203,0.0,0.7684729064039408,29,0.1891687269374471,0.8540756291217036,0.2474022733121687,0.7248025721534757
arm5_distal_heavy,push_to_zone,latency_load,23023,v2_no_jacobian,True,True,1.0,0.013261893181105603,0.013261893181105603,5.6861378831986055e-05,720,720,0,False,,2ebd5a46a509772b,1.0305022916027369,0.2692277438294654,38.10968658107069,0,0,0,0,True,True,50,7,43,156,0.0,0.6730769230769231,24,0.17349801249656513,0.8256554739967265,0.26958234695279126,0.8407939750200368
arm5_distal_heavy,push_to_zone,latency_load,23024,v2_no_jacobian,True,True,1.0,0.00893824398785075,0.00893824398785075,4.728446711998973e-05,720,720,0,False,,2ebd5a46a509772b,0.9229731223323983,0.2600631146176476,37.704598514615135,0,0,0,0,True,True,43,8,35,179,0.0,0.6536312849162011,31,0.19758170159646096,1.0380569707688814,0.25956111355342487,0.7423148958908308
arm5_distal_heavy,push_to_zone,severe,23001,v2_no_jacobian,False,False,0.0,0.24198874446791643,0.24198874446791643,2.715940721615333e-08,720,135,0,True,stage_timeout,2ebd5a46a509772b,0.7217374377833647,0.2793213078784025,60.00861048481514,0,0,0,0,False,False,7,7,0,0,0.0,0.0,0,0.0,0.0,nan,nan
arm5_distal_heavy,push_to_zone,severe,23002,v2_no_jacobian,False,False,0.0,0.2404436542954395,0.2404436542954395,2.088923198600243e-08,720,135,0,True,stage_timeout,2ebd5a46a509772b,0.7003259196727472,0.272315711675011,60.457454633990174,0,0,0,0,False,False,16,13,3,0,0.0,0.0,0,0.0,0.0,nan,nan
arm5_distal_heavy,push_to_zone,severe,23003,v2_no_jacobian,False,False,0.0,0.235501152811066,0.235501152811066,4.4338276526562026e-11,720,135,0,True,stage_timeout,2ebd5a46a509772b,0.7955343037539477,0.27657181310563694,81.08558654292356,0,0,0,0,False,False,0,0,0,0,0.0,0.0,0,0.0,0.0,nan,nan
arm5_distal_heavy,push_to_zone,severe,23004,v2_no_jacobian,False,False,0.0,0.2314998120145349,0.2314998120145349,4.5389176976043986e-08,720,135,0,True,stage_timeout,2ebd5a46a509772b,0.8059928236346403,0.279632986189728,73.4060824846544,0,0,0,0,False,False,2,2,0,0,0.0,0.0,0,0.0,0.0,nan,nan
arm5_distal_heavy,push_to_zone,severe,23005,v2_no_jacobian,False,False,0.0,0.24029338752542742,0.24029338752542742,3.983946656903625e-11,720,135,0,True,stage_timeout,2ebd5a46a509772b,0.7822083909020292,0.2760170708774789,74.51735994639978,0,0,0,0,False,False,1,1,0,0,0.0,0.0,0,0.0,0.0,nan,nan
arm5_distal_heavy,push_to_zone,severe,23006,v2_no_jacobian,False,False,0.0,0.24188341690214135,0.24188341690214135,6.947671922200958e-08,720,135,0,True,stage_timeout,2ebd5a46a509772b,0.7533939011523665,0.27470878596737786,69.37344641206938,0,0,0,0,False,False,3,3,0,0,0.0,0.0,0,0.0,0.0,nan,nan
arm5_distal_heavy,push_to_zone,severe,23007,v2_no_jacobian,False,False,0.0,0.26391159282796023,0.26391159282796023,7.722207972865154e-08,720,135,0,True,stage_timeout,2ebd5a46a509772b,0.8658304185762027,0.2835942807000164,77.25718739846856,0,0,0,0,False,False,2,2,0,0,0.0,0.0,0,0.0,0.0,nan,nan
arm5_distal_heavy,push_to_zone,severe,23008,v2_no_jacobian,False,False,0.0,0.2695317788957415,0.2695317788957415,5.11220392328333e-08,720,135,0,True,stage_timeout,2ebd5a46a509772b,0.8361427712850715,0.282041495587509,79.41300976297498,0,0,0,0,False,False,1,1,0,0,0.0,0.0,0,0.0,0.0,nan,nan
arm5_distal_heavy,push_to_zone,severe,23009,v2_no_jacobian,False,False,0.0,0.2542574323183862,0.2542574323183862,5.252419683149381e-08,720,135,0,True,stage_timeout,2ebd5a46a509772b,0.7629926860938596,0.277477184353766,75.0186204662012,0,0,0,0,False,False,2,2,0,0,0.0,0.0,0,0.0,0.0,nan,nan
arm5_distal_heavy,push_to_zone,severe,23010,v2_no_jacobian,False,False,0.0,0.24134393090846024,0.24134393090846024,6.039499612263512e-08,720,135,0,True,stage_timeout,2ebd5a46a509772b,0.8197577410426238,0.2800120055711142,73.06944779179754,0,0,0,0,False,False,2,2,0,0,0.0,0.0,0,0.0,0.0,nan,nan
arm5_distal_heavy,push_to_zone,severe,23011,v2_no_jacobian,False,False,0.0,0.25213959389161605,0.25213959389161605,1.305154954964052e-07,720,135,0,True,stage_timeout,2ebd5a46a509772b,0.898480212952059,0.28798589261692986,81.08954407504518,0,0,0,0,False,False,0,0,0,0,0.0,0.0,0,0.0,0.0,nan,nan
arm5_distal_heavy,push_to_zone,severe,23012,v2_no_jacobian,False,False,0.0,0.2402495265035234,0.2402495265035234,2.2362573757681714e-08,720,135,0,True,stage_timeout,2ebd5a46a509772b,0.7619665234746149,0.27621010945990493,66.49410145002487,0,0,0,0,False,False,5,5,0,0,0.0,0.0,0,0.0,0.0,nan,nan
arm5_distal_heavy,push_to_zone,severe,23013,v2_no_jacobian,False,False,0.0,0.2439553125496605,0.2439553125496605,2.0785544212770368e-07,720,135,0,True,stage_timeout,2ebd5a46a509772b,0.7933731851574723,0.2768476616530687,76.72268046836425,0,0,0,0,False,False,0,0,0,0,0.0,0.0,0,0.0,0.0,nan,nan
arm5_distal_heavy,push_to_zone,severe,23014,v2_no_jacobian,False,False,0.0,0.2747723644933928,0.2747723644933928,2.6710156503096716e-11,720,135,0,True,stage_timeout,2ebd5a46a509772b,0.813067995854365,0.2787615989557604,74.78059795148548,0,0,0,0,False,False,2,2,0,0,0.0,0.0,0,0.0,0.0,nan,nan
arm5_distal_heavy,push_to_zone,severe,23015,v2_no_jacobian,False,False,0.0,0.23269480625967187,0.23269480625967187,3.247459313208027e-11,720,135,0,True,stage_timeout,2ebd5a46a509772b,0.809522343870889,0.281331622859597,73.35962093780587,0,0,0,0,False,False,1,1,0,0,0.0,0.0,0,0.0,0.0,nan,nan
arm5_distal_heavy,push_to_zone,severe,23016,v2_no_jacobian,False,False,0.0,0.24283052590690254,0.24283052590690254,6.166169198648017e-08,720,135,0,True,stage_timeout,2ebd5a46a509772b,0.8318132795943396,0.2812888493923388,77.89270401878913,0,0,0,0,False,False,1,1,0,0,0.0,0.0,0,0.0,0.0,nan,nan
arm5_distal_heavy,push_to_zone,severe,23017,v2_no_jacobian,False,False,0.0,0.24018886195349748,0.24018886195349748,5.419721473798065e-11,720,135,0,True,stage_timeout,2ebd5a46a509772b,0.8094542078754037,0.28005179286833776,73.14905811572646,0,0,0,0,False,False,1,1,0,0,0.0,0.0,0,0.0,0.0,nan,nan
arm5_distal_heavy,push_to_zone,severe,23018,v2_no_jacobian,False,False,0.0,0.2523391256192043,0.2523391256192043,1.3754985210489778e-07,720,135,0,True,stage_timeout,2ebd5a46a509772b,0.7567773957926796,0.27608819095091,70.68142309400028,0,0,0,0,False,False,2,2,0,0,0.0,0.0,0,0.0,0.0,nan,nan
arm5_distal_heavy,push_to_zone,severe,23019,v2_no_jacobian,False,False,0.0,0.2621352555860778,0.2621352555860778,1.6742906619842544e-11,720,135,0,True,stage_timeout,2ebd5a46a509772b,0.8185425349987923,0.2823160528866481,74.2707481427532,0,0,0,0,False,False,1,1,0,0,0.0,0.0,0,0.0,0.0,nan,nan
arm5_distal_heavy,push_to_zone,severe,23020,v2_no_jacobian,False,False,0.0,0.24516868503774442,0.24516868503774442,2.985949731140999e-09,720,135,0,True,stage_timeout,2ebd5a46a509772b,0.7697265177974839,0.2763996265062228,77.90164500268227,0,0,0,0,False,False,0,0,0,0,0.0,0.0,0,0.0,0.0,nan,nan
arm5_distal_heavy,push_to_zone,severe,23021,v2_no_jacobian,False,False,0.0,0.2577730195972029,0.2577730195972029,3.405858555654155e-08,720,135,0,True,stage_timeout,2ebd5a46a509772b,0.8034181473621183,0.28063870628316917,73.22986691325822,0,0,0,0,False,False,2,2,0,0,0.0,0.0,0,0.0,0.0,nan,nan
arm5_distal_heavy,push_to_zone,severe,23022,v2_no_jacobian,False,False,0.0,0.249253228592116,0.249253228592116,6.558293506093138e-11,720,135,0,True,stage_timeout,2ebd5a46a509772b,0.7635444137560592,0.2755706446917761,68.31807582094471,0,0,0,0,False,False,3,3,0,0,0.0,0.0,0,0.0,0.0,nan,nan
arm5_distal_heavy,push_to_zone,severe,23023,v2_no_jacobian,False,False,0.0,0.25173324426418076,0.25173324426418076,0.09796686665908173,720,135,0,True,stage_timeout,2ebd5a46a509772b,0.8958049420216521,0.28777660777796255,78.19028751076686,0,0,0,0,False,False,1,1,0,0,0.0,0.0,0,0.0,0.0,nan,nan
arm5_distal_heavy,push_to_zone,severe,23024,v2_no_jacobian,False,False,0.0,0.2601640766005349,0.2601640766005349,2.8938325639267513e-11,720,135,0,True,stage_timeout,2ebd5a46a509772b,0.790181384329494,0.2811279309430706,66.44613051746356,0,0,0,0,False,False,4,4,0,0,0.0,0.0,0,0.0,0.0,nan,nan
arm5_weak_actuator,push_to_zone,nominal,23001,v2_no_jacobian,True,True,1.0,0.009192814523080725,0.009192814523080725,0.0005326115060683522,720,720,0,False,,2ebd5a46a509772b,0.43766955466746627,0.18762815058035281,17.917746049409985,0,0,0,0,True,True,39,5,34,202,0.0,0.8316831683168316,23,0.17599841445039893,0.8680905971442661,0.18606673194159823,0.16318173576464146
arm5_weak_actuator,push_to_zone,nominal,23002,v2_no_jacobian,True,True,1.0,0.021494377619980107,0.021494377619980107,0.0006742140529473623,720,720,0,False,,2ebd5a46a509772b,0.37988498642091795,0.18277679237406444,18.104981683890443,0,0,0,0,True,True,36,5,31,236,0.0,0.8432203389830508,25,0.1654146050082299,0.8111851720186153,0.17929419174603403,0.08146446161397103
arm5_weak_actuator,push_to_zone,nominal,23003,v2_no_jacobian,True,True,1.0,0.014232217404719224,0.014232217404719224,0.00038871594088857217,720,720,0,False,,2ebd5a46a509772b,0.3313014520481401,0.17801723552501433,19.981851136510755,0,0,0,0,True,True,15,0,15,158,0.0,0.9050632911392406,14,0.14719125746263106,0.7523129377180938,0.16683323681597884,0.03546468179814566
arm5_weak_actuator,push_to_zone,nominal,23004,v2_no_jacobian,True,True,1.0,0.00787392856229361,0.00787392856229361,0.00035365483369790966,720,720,0,False,,2ebd5a46a509772b,0.435104894143179,0.18923593322109725,20.003608707224647,0,0,0,0,True,True,15,0,15,175,0.0,0.7485714285714286,26,0.17007585710675585,0.9962786771037302,0.18414394998349917,0.12317215779861224
arm5_weak_actuator,push_to_zone,nominal,23005,v2_no_jacobian,True,True,1.0,0.010953089751303921,0.010953089751303921,0.00044654751691447,720,720,0,False,,2ebd5a46a509772b,0.4607099435291735,0.19023844768439635,19.337334227923918,0,0,0,0,True,True,32,5,27,184,0.0,0.8097826086956522,22,0.17332940072431838,0.8983540801124872,0.18879221310834843,0.18700252961626251
arm5_weak_actuator,push_to_zone,nominal,23006,v2_no_jacobian,True,True,1.0,0.010021881775685908,0.010021881775685908,0.000468959957832893,720,720,0,False,,2ebd5a46a509772b,0.411310259194432,0.18656002314065032,18.855486656066905,0,0,0,0,True,True,25,2,23,202,0.0,0.8663366336633663,20,0.17109093806907302,0.8161364274438678,0.18437403072428377,0.12587094992041203
arm5_weak_actuator,push_to_zone,nominal,23007,v2_no_jacobian,True,True,1.0,0.010386230653376252,0.010386230653376252,0.0003036953064300926,720,720,0,False,,2ebd5a46a509772b,0.4949103533704964,0.19286738298161835,21.49952075941288,0,0,0,0,True,True,28,3,25,163,0.0,0.7177914110429447,27,0.16530784237004253,0.8725074636614675,0.19246949200093685,0.2113448158917115
arm5_weak_actuator,push_to_zone,nominal,23008,v2_no_jacobian,True,True,1.0,0.010087148896744655,0.010087148896744655,0.00041656139456319936,720,720,0,False,,2ebd5a46a509772b,0.47503271961530436,0.1950203219891297,20.40776507258911,0,0,0,0,True,True,29,3,26,189,0.0,0.7883597883597884,21,0.16891012198845223,0.893178727510815,0.19465969716034473,0.22625580809345003
arm5_weak_actuator,push_to_zone,nominal,23009,v2_no_jacobian,True,True,1.0,0.009643229878604062,0.009643229878604062,0.00034237638265074093,720,720,0,False,,2ebd5a46a509772b,0.43832336628268465,0.1910112490634632,18.705897719548986,0,0,0,0,True,True,15,0,15,170,0.0,0.8529411764705882,16,0.16440361117222665,0.8597535626432833,0.1898563831989266,0.1935656110047499
arm5_weak_actuator,push_to_zone,nominal,23010,v2_no_jacobian,True,True,1.0,0.01024150668331318,0.01024150668331318,0.00044251183092296713,720,720,0,False,,2ebd5a46a509772b,0.5099324841585307,0.19408352639266577,18.42482671155465,0,0,0,0,True,True,27,4,23,190,0.0,0.8315789473684211,18,0.1732856745779792,0.7595006558991501,0.1934418733820785,0.26869158904002166
arm5_weak_actuator,push_to_zone,nominal,23011,v2_no_jacobian,True,True,1.0,0.009136786739192177,0.009136786739192177,0.0002681017295582988,720,720,0,False,,2ebd5a46a509772b,0.5607164120793482,0.20553310501278627,22.35250819997953,0,0,0,0,True,True,24,2,22,159,0.0,0.7358490566037735,24,0.16997152859400289,1.0015507048688974,0.2061393071676349,0.32191467543283814
arm5_weak_actuator,push_to_zone,nominal,23012,v2_no_jacobian,True,True,1.0,0.01783546874399411,0.01783546874399411,0.0005155154963190797,720,720,0,False,,2ebd5a46a509772b,0.4955977191688188,0.19327181350947284,16.924644073267835,0,0,0,0,True,True,26,4,22,209,0.0,0.8516746411483254,25,0.17036471652687754,0.7923262084875332,0.19223452158084195,0.25697487354227544
arm5_weak_actuator,push_to_zone,nominal,23013,v2_no_jacobian,True,True,1.0,0.006999015412077627,0.006999015412077627,0.0003824133881402547,720,720,0,False,,2ebd5a46a509772b,0.42780594809678085,0.18681508508651679,19.58465260049045,0,0,0,0,True,True,32,4,28,173,0.0,0.7976878612716763,20,0.16872555457187258,0.7843148429457621,0.18488023252638341,0.15352000090560036
arm5_weak_actuator,push_to_zone,nominal,23014,v2_no_jacobian,True,True,1.0,0.007012319330342546,0.007012319330342546,0.00044254795365500897,720,720,0,False,,2ebd5a46a509772b,0.4360572124525479,0.18839282083046757,20.414215483294996,0,0,0,0,True,True,36,5,31,188,0.0,0.8351063829787234,21,0.1700281172771352,0.9789595812018833,0.18689181425000795,0.15688476406216267
arm5_weak_actuator,push_to_zone,nominal,23015,v2_no_jacobian,True,True,1.0,0.007849108489344142,0.007849108489344142,0.0002880126946020793,720,720,0,False,,2ebd5a46a509772b,0.5091955580926331,0.19888049164198834,19.347409029824107,0,0,0,0,True,True,19,1,18,168,0.0,0.7678571428571429,24,0.1730706110474384,0.8634542222624082,0.19872398902389043,0.255476418986913
arm5_weak_actuator,push_to_zone,nominal,23016,v2_no_jacobian,True,True,1.0,0.010336403877085234,0.010336403877085234,0.00043901504555170044,720,720,0,False,,2ebd5a46a509772b,0.4559342819157455,0.1925209335865996,20.909078277409467,0,0,0,0,True,True,39,5,34,181,0.0,0.7624309392265194,26,0.17159392558914413,1.0429301603891372,0.19167426536057608,0.18223127697612806
arm5_weak_actuator,push_to_zone,nominal,23017,v2_no_jacobian,True,True,1.0,0.006906837644465663,0.006906837644465663,0.0003399944806809326,720,720,0,False,,2ebd5a46a509772b,0.5180824762401337,0.1970672763822452,19.073066346681628,0,0,0,0,True,True,30,4,26,172,0.0,0.7616279069767442,19,0.17729513573095138,0.8104936069242149,0.19657080231981236,0.2533284862602465
arm5_weak_actuator,push_to_zone,nominal,23018,v2_no_jacobian,True,True,1.0,0.006982494061211341,0.006982494061211341,0.0003607083516765716,720,720,0,False,,2ebd5a46a509772b,0.4740171726279656,0.19763833996479135,19.75187470466318,0,0,0,0,True,True,32,5,27,174,0.0,0.7528735632183908,27,0.17722952041127812,0.9739157155357032,0.1976491652370814,0.2500077181839955
arm5_weak_actuator,push_to_zone,nominal,23019,v2_no_jacobian,True,True,1.0,0.011496181141313877,0.011496181141313877,0.0003567377682665621,720,720,0,False,,2ebd5a46a509772b,0.43634247273859295,0.1911527240294246,19.702350449602168,0,0,0,0,True,True,15,0,15,181,0.0,0.850828729281768,23,0.1679993820093776,0.8659521965708106,0.18961229253802514,0.16869345451328988
arm5_weak_actuator,push_to_zone,nominal,23020,v2_no_jacobian,True,True,1.0,0.009112381844347652,0.009112381844347652,0.00034980527035339203,720,720,0,False,,2ebd5a46a509772b,0.4550622434465419,0.19327964455741484,19.625886316766998,0,0,0,0,True,True,31,4,27,174,0.0,0.7701149425287356,22,0.17067886666939702,0.9713122148028382,0.1928478588588905,0.20316365363665367
arm5_weak_actuator,push_to_zone,nominal,23021,v2_no_jacobian,True,True,1.0,0.008526487956194807,0.008526487956194807,0.0003373971926358763,720,720,0,False,,2ebd5a46a509772b,0.4982142831952596,0.19571442752720034,19.1672605197491,0,0,0,0,True,True,25,2,23,176,0.0,0.8181818181818182,22,0.17424205942289903,0.9298508067494707,0.19532954249743975,0.25610755292557785
arm5_weak_actuator,push_to_zone,nominal,23022,v2_no_jacobian,True,True,1.0,0.011091539061240184,0.011091539061240184,0.0005500735062134519,720,720,0,False,,2ebd5a46a509772b,0.4893236892748316,0.19338466863078663,18.6674134158816,0,0,0,0,True,True,39,6,33,196,0.0,0.8112244897959183,29,0.18803983632254592,0.9933174915667362,0.19245958016157574,0.2729551946291222
arm5_weak_actuator,push_to_zone,nominal,23023,v2_no_jacobian,True,True,1.0,0.008200600552979123,0.008200600552979123,0.0002696073213582358,720,720,0,False,,2ebd5a46a509772b,0.5502605894717276,0.2010388430259143,20.85511406710113,0,0,0,0,True,True,20,1,19,160,0.0,0.74375,24,0.17556581815440872,0.8312574357391072,0.20084525837118575,0.27627607105437146
arm5_weak_actuator,push_to_zone,nominal,23024,v2_no_jacobian,True,True,1.0,0.006939692444695354,0.006939692444695354,0.0003854611015514088,720,720,0,False,,2ebd5a46a509772b,0.48131990251572265,0.19479843842220948,19.389144295695047,0,0,0,0,True,True,34,5,29,172,0.0,0.7325581395348837,26,0.17501955157658589,0.9789274074606623,0.19448090709323906,0.2264091888792179
arm5_weak_actuator,push_to_zone,low_friction,23001,v2_no_jacobian,True,True,1.0,0.012365809832131449,0.012365809832131449,0.0010153494508406196,720,720,0,False,,2ebd5a46a509772b,0.5073526009319185,0.19826992682759326,20.737647824597246,0,0,0,0,True,True,42,13,29,230,0.0,0.8217391304347826,24,0.18086972152768488,0.7901141634948567,0.18743342613231415,0.2164402031767101
arm5_weak_actuator,push_to_zone,low_friction,23002,v2_no_jacobian,True,True,1.0,0.016004892681616922,0.016004892681616922,0.0010039468738985045,720,720,0,False,,2ebd5a46a509772b,0.4534232241959275,0.19264380039709444,21.12973333936853,0,0,0,0,True,True,33,7,26,262,0.0,0.8702290076335878,22,0.172404402751634,0.7755606377375024,0.1817498206940086,0.14290122163321684
arm5_weak_actuator,push_to_zone,low_friction,23003,v2_no_jacobian,True,True,1.0,0.012179206261791222,0.012179206261791222,0.0005715028592658677,720,720,0,False,,2ebd5a46a509772b,0.4475249910402539,0.1940595198608217,23.64580597513211,0,0,0,0,True,True,33,6,27,218,0.0,0.8577981651376146,20,0.1649660919229492,0.795390722426643,0.1821813281469066,0.10507465508981229
arm5_weak_actuator,push_to_zone,low_friction,23004,v2_no_jacobian,True,True,1.0,0.014179963961614691,0.014179963961614691,0.00044246137083657743,720,720,0,False,,2ebd5a46a509772b,0.5209993024138431,0.20162579735408337,22.087790873682092,0,0,0,0,True,True,24,5,19,215,0.0,0.8790697674418605,16,0.16778611175952116,0.7090266133126176,0.1894396230667291,0.17124742580672958
arm5_weak_actuator,push_to_zone,low_friction,23005,v2_no_jacobian,True,True,1.0,0.015670485221493294,0.015670485221493294,0.0005061835211790395,720,720,0,False,,2ebd5a46a509772b,0.5275483560806724,0.20074871203022684,22.326474258428032,0,0,0,0,True,True,34,8,26,225,0.0,0.8311111111111111,25,0.18162894859769785,0.8821895540550259,0.19031982160248534,0.2190386226480303
arm5_weak_actuator,push_to_zone,low_friction,23006,v2_no_jacobian,True,True,1.0,0.013441392366450911,0.013441392366450911,0.0007203744542256536,720,720,0,False,,2ebd5a46a509772b,0.48804111007066053,0.19792763058724724,22.1552666264781,0,0,0,0,True,True,36,10,26,237,0.0,0.8607594936708861,22,0.17418464219650556,0.7360681649429938,0.1878327254189003,0.19373308089619812
arm5_weak_actuator,push_to_zone,low_friction,23007,v2_no_jacobian,True,True,1.0,0.006326591231196029,0.006326591231196029,0.0002941606390066372,720,720,0,False,,2ebd5a46a509772b,0.5729424701069559,0.20562031786471852,23.2678632158024,0,0,0,0,True,True,28,5,23,196,0.0,0.8214285714285714,19,0.17236121379428535,0.7714676232335141,0.19425405228367576,0.24030660129289805
arm5_weak_actuator,push_to_zone,low_friction,23008,v2_no_jacobian,True,True,1.0,0.01632536761152347,0.01632536761152347,0.0001081836970511724,720,720,0,False,,2ebd5a46a509772b,0.5310761081648607,0.20423157243657333,22.835210590318166,0,0,0,0,True,True,36,5,31,203,0.0,0.8325123152709359,19,0.16618980549269663,0.7302995212838047,0.1948460462608977,0.25383841390225204
arm5_weak_actuator,push_to_zone,low_friction,23009,v2_no_jacobian,True,True,1.0,0.011354280652247008,0.011354280652247008,0.0004253959592779103,720,720,0,False,,2ebd5a46a509772b,0.5062026378772759,0.20225585044157446,22.070823619255414,0,0,0,0,True,True,33,6,27,217,0.0,0.8433179723502304,23,0.17147961515133553,0.8512844892414352,0.19332402445673122,0.22769062666564466
arm5_weak_actuator,push_to_zone,low_friction,23010,v2_no_jacobian,True,True,1.0,0.0054599959935466525,0.0054599959935466525,0.0002763326806830427,720,720,0,False,,2ebd5a46a509772b,0.5859760338635605,0.20735399604871876,22.702237532568134,0,0,0,0,True,True,43,8,35,185,0.0,0.745945945945946,23,0.1799661130290541,0.8754851728443941,0.1980752083521688,0.30807513219792115
arm5_weak_actuator,push_to_zone,low_friction,23011,v2_no_jacobian,True,True,1.0,0.005897323351041648,0.005897323351041648,0.0008403134459712805,720,720,0,False,,2ebd5a46a509772b,0.6072586573822338,0.21425948141039391,24.988828282836252,0,0,0,0,True,True,29,7,22,184,0.0,0.7554347826086957,22,0.1734142558606296,0.8523587219595291,0.20700334120170935,0.34613469158408217
arm5_weak_actuator,push_to_zone,low_friction,23012,v2_no_jacobian,True,True,1.0,0.005747273392831712,0.005747273392831712,0.0009513783927463257,720,720,0,False,,2ebd5a46a509772b,0.5544382448222418,0.2036788526671029,21.08996985263385,0,0,0,0,True,True,40,9,31,229,0.0,0.8646288209606987,21,0.18597642633492328,0.7948135192669691,0.19486938010367294,0.2953908921149533
arm5_weak_actuator,push_to_zone,low_friction,23013,v2_no_jacobian,True,True,1.0,0.005952310881329747,0.005952310881329747,0.0009896918373652791,720,720,0,False,,2ebd5a46a509772b,0.4996269691066564,0.1979771683341487,22.516826977305392,0,0,0,0,True,True,42,9,33,220,0.0,0.8681818181818182,18,0.17344856543572137,0.7657317138155587,0.1875883670096421,0.20119619552031542
arm5_weak_actuator,push_to_zone,low_friction,23014,v2_no_jacobian,True,True,1.0,0.015979066126268333,0.015979066126268333,0.0006855700293001638,720,720,0,False,,2ebd5a46a509772b,0.5061344947879474,0.1991011249828133,22.919035057297616,0,0,0,0,True,True,35,11,24,244,0.0,0.860655737704918,21,0.1793764157377119,0.7176829450531742,0.18899602071742283,0.20717866847379618
arm5_weak_actuator,push_to_zone,low_friction,23015,v2_no_jacobian,True,True,1.0,0.01062225911312092,0.01062225911312092,0.0007703704614967897,720,720,0,False,,2ebd5a46a509772b,0.5702901448879496,0.20956219133604706,22.108302908331314,0,0,0,0,True,True,25,4,21,210,0.0,0.8047619047619048,24,0.17414107666040377,0.7951423141563696,0.20093399561847955,0.2867039183957276
arm5_weak_actuator,push_to_zone,low_friction,23016,v2_no_jacobian,True,True,1.0,0.013170779731748681,0.013170779731748681,0.0005657122693604262,720,720,0,False,,2ebd5a46a509772b,0.5217103774199829,0.20240038386185327,23.1451574342459,0,0,0,0,True,True,28,6,22,245,0.0,0.8571428571428571,23,0.1784445328101579,0.7572079556743789,0.19232317213453493,0.21653451280426594
arm5_weak_actuator,push_to_zone,low_friction,23017,v2_no_jacobian,True,True,1.0,0.025625502280808492,0.025625502280808492,0.0013480793078839114,720,720,0,False,,2ebd5a46a509772b,0.5682437533667009,0.20577167483802358,21.235851086343754,0,0,0,0,True,True,31,8,23,247,0.0,0.8582995951417004,25,0.16504606259809235,0.8404357338548445,0.19624132008688025,0.27417565530224586
arm5_weak_actuator,push_to_zone,low_friction,23018,v2_no_jacobian,True,True,1.0,0.01288071411428066,0.01288071411428066,0.0007963119912073025,720,720,0,False,,2ebd5a46a509772b,0.4977834903892875,0.20189959183945386,22.088758840820205,0,0,0,0,True,True,37,9,28,240,0.0,0.8291666666666667,25,0.18021933092377931,0.7464176640745873,0.19468577183261526,0.2840345570667817
arm5_weak_actuator,push_to_zone,low_friction,23019,v2_no_jacobian,True,True,1.0,0.011657414012464113,0.011657414012464113,0.000465653479570088,720,720,0,False,,2ebd5a46a509772b,0.5157745574414379,0.20347945243573712,22.81582688928836,0,0,0,0,True,True,27,5,22,207,0.0,0.8357487922705314,21,0.1707042347852356,0.7210828393819038,0.19371728983640432,0.21488552895025004
arm5_weak_actuator,push_to_zone,low_friction,23020,v2_no_jacobian,True,True,1.0,0.01776112297270683,0.01776112297270683,0.0005339243991466806,720,720,0,False,,2ebd5a46a509772b,0.499286560220515,0.20056580743277183,22.325747286511817,0,0,0,0,True,True,37,7,30,229,0.0,0.8427947598253275,24,0.16767261451196647,0.8292187516363644,0.19173857605840644,0.23227856123232504
arm5_weak_actuator,push_to_zone,low_friction,23021,v2_no_jacobian,True,True,1.0,0.017259450123462017,0.017259450123462017,0.0009921264359897823,720,720,0,False,,2ebd5a46a509772b,0.5438578760549335,0.20452427860835934,21.57201188242955,0,0,0,0,True,True,40,9,31,246,0.0,0.8495934959349594,24,0.17674516386312747,0.7836375622600567,0.1966406314555999,0.30334145374047816
arm5_weak_actuator,push_to_zone,low_friction,23022,v2_no_jacobian,True,True,1.0,0.012911377473472107,0.012911377473472107,0.0012689854538628716,720,720,0,False,,2ebd5a46a509772b,0.5127616948774372,0.19740291482173278,21.245596069456536,0,0,0,0,True,True,34,11,23,264,0.0,0.8787878787878788,25,0.18201231506229765,0.7504981807448198,0.1878398448388749,0.2618411408443069
arm5_weak_actuator,push_to_zone,low_friction,23023,v2_no_jacobian,True,True,1.0,0.005826309256129088,0.005826309256129088,0.00018397240145123225,720,720,0,False,,2ebd5a46a509772b,0.6284312303711772,0.21447980939849715,24.992271062282914,0,0,0,0,True,True,28,6,22,188,0.0,0.7712765957446809,24,0.17435100488193608,0.9891150428758257,0.20525469716736766,0.3092480865769116
arm5_weak_actuator,push_to_zone,low_friction,23024,v2_no_jacobian,True,True,1.0,0.016699361343769936,0.016699361343769936,0.0007297611984386559,720,720,0,False,,2ebd5a46a509772b,0.535039217045763,0.20371514902127946,21.469564303217638,0,0,0,0,True,True,37,9,28,235,0.0,0.8553191489361702,23,0.17597609361226188,0.68924800362269,0.19442440057806606,0.26696674003958965
arm5_weak_actuator,push_to_zone,latency_load,23001,v2_no_jacobian,True,True,1.0,0.009537555227888055,0.009537555227888055,0.00209729955967039,720,720,0,False,,2ebd5a46a509772b,0.5205102982749246,0.20052841950159567,33.470979425333915,0,0,0,0,True,True,42,9,33,260,0.0,0.8807692307692307,16,0.17877998999724287,0.6448488211605115,0.18826089376585511,0.23433953782337769
arm5_weak_actuator,push_to_zone,latency_load,23002,v2_no_jacobian,True,True,1.0,0.013352145491547465,0.013352145491547465,0.0013163254514538538,720,720,0,False,,2ebd5a46a509772b,0.472908495882407,0.1953135183495788,32.25184482135784,0,0,0,0,True,True,44,12,32,282,0.0,0.8900709219858156,20,0.1786801972881941,0.661736252381173,0.18240351115164855,0.17678023841924695
arm5_weak_actuator,push_to_zone,latency_load,23003,v2_no_jacobian,True,True,1.0,0.017038101293060662,0.017038101293060662,0.0008817317642529743,720,720,0,False,,2ebd5a46a509772b,0.47428518095661243,0.19795402317954836,34.45007119181552,0,0,0,0,True,True,39,8,31,253,0.0,0.8774703557312253,22,0.16652451675548377,0.8288021506989143,0.1855598353587964,0.1593920303873162
arm5_weak_actuator,push_to_zone,latency_load,23004,v2_no_jacobian,True,True,1.0,0.008646740032907349,0.008646740032907349,0.0006260293060701938,720,720,0,False,,2ebd5a46a509772b,0.5446344271505361,0.20534262136924045,34.014996101607395,0,0,0,0,True,True,33,11,22,254,0.0,0.8700787401574803,18,0.1748814598504229,0.6979405451686258,0.19264768963599674,0.21247364720995687
arm5_weak_actuator,push_to_zone,latency_load,23005,v2_no_jacobian,True,True,1.0,0.012133494381343679,0.012133494381343679,0.001580702112976326,720,720,0,False,,2ebd5a46a509772b,0.5263470033982824,0.20090954903927555,33.59350982106067,0,0,0,0,True,True,43,13,30,292,0.0,0.8664383561643836,24,0.18917351418758846,0.7117635812611253,0.19062220753153017,0.261368381619997
arm5_weak_actuator,push_to_zone,latency_load,23006,v2_no_jacobian,True,True,1.0,0.006276933762748568,0.006276933762748568,0.001470394755226336,720,720,0,False,,2ebd5a46a509772b,0.48952979220963444,0.1979699531862175,32.75339523844261,0,0,0,0,True,True,57,11,46,271,0.0,0.8892988929889298,18,0.18206803417998518,0.6512473256966861,0.18679072380661207,0.2132052567308893
arm5_weak_actuator,push_to_zone,latency_load,23007,v2_no_jacobian,True,True,1.0,0.014349363617652093,0.014349363617652093,0.0005283653913704059,720,720,0,False,,2ebd5a46a509772b,0.5771292524340392,0.20673272506497445,35.119895221382556,0,0,0,0,True,True,49,10,39,241,0.0,0.8796680497925311,20,0.17205036036480828,0.7739526168699243,0.19464732326711692,0.2662557981142717
arm5_weak_actuator,push_to_zone,latency_load,23008,v2_no_jacobian,True,True,1.0,0.01351053971651797,0.01351053971651797,0.00015160886203881532,720,720,0,False,,2ebd5a46a509772b,0.5433014533680107,0.2065581427234143,34.39212958740172,0,0,0,0,True,True,32,11,21,228,0.0,0.868421052631579,22,0.17053300406399602,0.7398357580789143,0.19611041920319844,0.27424793972057326
arm5_weak_actuator,push_to_zone,latency_load,23009,v2_no_jacobian,True,True,1.0,0.014659191634393418,0.014659191634393418,0.0008443506493112561,720,720,0,False,,2ebd5a46a509772b,0.5076300263502338,0.20266419556654294,32.478856601814904,0,0,0,0,True,True,44,10,34,238,0.0,0.8991596638655462,15,0.17379739511816195,0.6530818550459214,0.19211811223934694,0.24393623275499987
arm5_weak_actuator,push_to_zone,latency_load,23010,v2_no_jacobian,True,True,1.0,0.011399603056049956,0.011399603056049956,0.0012602048972253927,720,720,0,False,,2ebd5a46a509772b,0.5657145455016206,0.204674086664626,33.297446984640395,0,0,0,0,True,True,51,13,38,274,0.0,0.864963503649635,24,0.18382360733167558,0.6683408631583674,0.19436285339877754,0.3164517000691296
arm5_weak_actuator,push_to_zone,latency_load,23011,v2_no_jacobian,True,True,1.0,0.012087375467044513,0.012087375467044513,0.0014079320354096455,720,720,0,False,,2ebd5a46a509772b,0.597281005559279,0.21303552137045498,35.737729833392194,0,0,0,0,True,True,40,11,29,227,0.0,0.8458149779735683,23,0.17988494031510907,0.7624265282489393,0.2045151870998378,0.36039301716976757
arm5_weak_actuator,push_to_zone,latency_load,23012,v2_no_jacobian,True,True,1.0,0.015297510644887923,0.015297510644887923,0.0017156029140319023,720,720,0,False,,2ebd5a46a509772b,0.5569185033038884,0.20484073297787903,33.256477273962375,0,0,0,0,True,True,41,9,32,272,0.0,0.8455882352941176,24,0.18539105765093572,0.748063464439813,0.19496708651509181,0.3029349733285711
arm5_weak_actuator,push_to_zone,latency_load,23013,v2_no_jacobian,True,True,1.0,0.010236402121057956,0.010236402121057956,0.0019176993459728503,720,720,0,False,,2ebd5a46a509772b,0.5019019729490131,0.19840488433454398,33.57949974728049,0,0,0,0,True,True,50,10,40,270,0.0,0.8740740740740741,15,0.18322622925851592,0.7071538560432774,0.1870819029272857,0.2230511864479774
arm5_weak_actuator,push_to_zone,latency_load,23014,v2_no_jacobian,True,True,1.0,0.012882721341827571,0.012882721341827571,0.0016483972531733814,720,720,0,False,,2ebd5a46a509772b,0.5187074456774559,0.20103504858119003,34.37821537355869,0,0,0,0,True,True,39,12,27,268,0.0,0.8917910447761194,21,0.17541418934270686,0.7127300376139709,0.18904846950103293,0.22784628433126874
arm5_weak_actuator,push_to_zone,latency_load,23015,v2_no_jacobian,True,True,1.0,0.023416489097190844,0.023416489097190844,0.0016993113047539543,720,720,0,False,,2ebd5a46a509772b,0.5778031967565367,0.2112314126864969,33.15819697363193,0,0,0,0,True,True,31,7,24,234,0.0,0.8333333333333334,23,0.1700569632731156,0.794590573300107,0.20120075101256257,0.2976667118980827
arm5_weak_actuator,push_to_zone,latency_load,23016,v2_no_jacobian,True,True,1.0,0.010998016915541439,0.010998016915541439,0.0008006033708881891,720,720,0,False,,2ebd5a46a509772b,0.5465126206724067,0.20650980712734943,35.54961610981005,0,0,0,0,True,True,40,8,32,262,0.0,0.8396946564885496,24,0.18492077044906596,0.7907827421804893,0.19624841458652495,0.25771620324170197
arm5_weak_actuator,push_to_zone,latency_load,23017,v2_no_jacobian,True,True,1.0,0.016775264431699452,0.016775264431699452,0.0018909566974455623,720,720,0,False,,2ebd5a46a509772b,0.5913338895036708,0.21005221444172492,33.14472877344837,0,0,0,0,True,True,35,9,26,254,0.0,0.8622047244094488,18,0.18202200270741128,0.6657407419795202,0.19921292694643905,0.3050272503955851
arm5_weak_actuator,push_to_zone,latency_load,23018,v2_no_jacobian,True,True,1.0,0.021394102941334352,0.021394102941334352,0.0015123233482265642,720,720,0,False,,2ebd5a46a509772b,0.47935569434522396,0.1989142873007401,33.0738448782952,0,0,0,0,True,True,49,13,36,294,0.0,0.8741496598639455,24,0.18814492845675806,0.6782250222137709,0.1914398880469278,0.30513882122129
arm5_weak_actuator,push_to_zone,latency_load,23019,v2_no_jacobian,True,True,1.0,0.01567674750390861,0.01567674750390861,0.0006735711695688356,720,720,0,False,,2ebd5a46a509772b,0.5372904289474052,0.20711322262073503,34.9549455829041,0,0,0,0,True,True,29,8,21,246,0.0,0.8333333333333334,24,0.17817814083445194,0.7811614116140574,0.1964618514104206,0.2424091574382996
arm5_weak_actuator,push_to_zone,latency_load,23020,v2_no_jacobian,True,True,1.0,0.008464354390739873,0.008464354390739873,0.0006489021132762514,720,720,0,False,,2ebd5a46a509772b,0.5232958797344831,0.2048696265160114,34.1790707070584,0,0,0,0,True,True,38,12,26,235,0.0,0.825531914893617,23,0.1789023366402942,0.7975349840566028,0.19500387387340842,0.2607045464539719
arm5_weak_actuator,push_to_zone,latency_load,23021,v2_no_jacobian,True,True,1.0,0.008683966106554393,0.008683966106554393,0.0013491498357643143,720,720,0,False,,2ebd5a46a509772b,0.5535249405712666,0.2067177050394179,34.0076151938179,0,0,0,0,True,True,49,16,33,246,0.0,0.8211382113821138,24,0.1834903051936717,0.7728769329202476,0.1978912139630752,0.3166663748140084
arm5_weak_actuator,push_to_zone,latency_load,23022,v2_no_jacobian,True,True,1.0,0.012131261113458858,0.012131261113458858,0.0016149936727301592,720,720,0,False,,2ebd5a46a509772b,0.5385374674835357,0.20242060887599106,32.88742341154818,0,0,0,0,True,True,36,10,26,243,0.0,0.8148148148148148,25,0.19728441759799864,0.7391742038289758,0.1912251789169849,0.3345990495947331
arm5_weak_actuator,push_to_zone,latency_load,23023,v2_no_jacobian,True,True,1.0,0.015317369821737042,0.015317369821737042,0.0005923574703828415,720,720,0,False,,2ebd5a46a509772b,0.6264491313209812,0.21477735622418978,35.468908889756186,0,0,0,0,True,True,54,12,42,242,0.0,0.8264462809917356,22,0.1799842329784006,0.7787130791878564,0.20514286135047266,0.33267897617977393
arm5_weak_actuator,push_to_zone,latency_load,23024,v2_no_jacobian,True,True,1.0,0.014265274219937379,0.014265274219937379,0.0015150315292852417,720,720,0,False,,2ebd5a46a509772b,0.5334463470122381,0.20377920457573542,33.45397277807512,0,0,0,0,True,True,57,11,46,282,0.0,0.8687943262411347,26,0.17815091717324313,0.7839579078182851,0.19467501023722106,0.29540876654272186
arm5_weak_actuator,push_to_zone,severe,23001,v2_no_jacobian,False,False,0.0,0.21841401376681163,0.21841401376681163,1.4459174501708219e-08,720,135,0,True,stage_timeout,2ebd5a46a509772b,0.4489298859066495,0.22871742109343057,158.58398788356465,0,0,0,0,False,False,0,0,0,0,0.0,0.0,0,0.0,0.0,nan,nan
arm5_weak_actuator,push_to_zone,severe,23002,v2_no_jacobian,False,False,0.0,0.20910300490965275,0.20910300490965275,4.58255212382406e-09,720,135,0,True,stage_timeout,2ebd5a46a509772b,0.4065052715009094,0.22310238814591374,159.18864780624136,0,0,0,0,False,False,0,0,0,0,0.0,0.0,0,0.0,0.0,nan,nan
arm5_weak_actuator,push_to_zone,severe,23003,v2_no_jacobian,False,False,0.0,0.20682962861230764,0.20682962861230764,2.6639859572893226e-08,720,135,0,True,stage_timeout,2ebd5a46a509772b,0.4142247571837441,0.22243857856666968,162.3015925726736,0,0,0,0,False,False,0,0,0,0,0.0,0.0,0,0.0,0.0,nan,nan
arm5_weak_actuator,push_to_zone,severe,23004,v2_no_jacobian,False,False,0.0,0.20434117447282513,0.20434117447282513,1.435786437620666e-07,720,135,0,True,stage_timeout,2ebd5a46a509772b,0.45482647862384784,0.22674941111106417,161.5607322241007,0,0,0,0,False,False,0,0,0,0,0.0,0.0,0,0.0,0.0,nan,nan
arm5_weak_actuator,push_to_zone,severe,23005,v2_no_jacobian,False,False,0.0,0.20524698266830677,0.20524698266830677,7.979701969117972e-08,720,135,0,True,stage_timeout,2ebd5a46a509772b,0.46562260425775115,0.2286618120914476,158.3994407102477,0,0,0,0,False,False,0,0,0,0,0.0,0.0,0,0.0,0.0,nan,nan
arm5_weak_actuator,push_to_zone,severe,23006,v2_no_jacobian,False,False,0.0,0.2046157484901129,0.2046157484901129,3.8199453054620586e-11,720,135,0,True,stage_timeout,2ebd5a46a509772b,0.44323256239057063,0.22783286323893034,157.28325159731264,0,0,0,0,False,False,0,0,0,0,0.0,0.0,0,0.0,0.0,nan,nan
arm5_weak_actuator,push_to_zone,severe,23007,v2_no_jacobian,False,False,0.0,0.1973957550980339,0.1973957550980339,2.108664358641268e-11,720,135,0,True,stage_timeout,2ebd5a46a509772b,0.5057955639801377,0.23073608617823602,162.52164535628413,0,0,0,0,False,False,0,0,0,0,0.0,0.0,0,0.0,0.0,nan,nan
arm5_weak_actuator,push_to_zone,severe,23008,v2_no_jacobian,False,False,0.0,0.18352064475542895,0.18352064475542895,5.5552522669415916e-08,720,135,0,True,stage_timeout,2ebd5a46a509772b,0.4923883150053001,0.23307347279558507,154.30456038364244,0,0,0,0,False,False,0,0,0,0,0.0,0.0,0,0.0,0.0,nan,nan
arm5_weak_actuator,push_to_zone,severe,23009,v2_no_jacobian,False,False,0.0,0.18704132872013637,0.18704132872013637,3.9393173709300865e-09,720,135,0,True,stage_timeout,2ebd5a46a509772b,0.4684261893694912,0.23219297053951393,153.7427565764024,0,0,0,0,False,False,0,0,0,0,0.0,0.0,0,0.0,0.0,nan,nan
arm5_weak_actuator,push_to_zone,severe,23010,v2_no_jacobian,False,False,0.0,0.21271575551936403,0.21271575551936403,6.872738880815474e-08,720,135,0,True,stage_timeout,2ebd5a46a509772b,0.5248969231865952,0.2359240194117969,157.4734774909356,0,0,0,0,False,False,0,0,0,0,0.0,0.0,0,0.0,0.0,nan,nan
arm5_weak_actuator,push_to_zone,severe,23011,v2_no_jacobian,False,False,0.0,0.1521700452959662,0.1521700452959662,6.831978574060427e-08,720,135,0,True,stage_timeout,2ebd5a46a509772b,0.5575848342134386,0.24048519468915988,150.85433319241,0,0,0,0,False,False,0,0,0,0,0.0,0.0,0,0.0,0.0,nan,nan
arm5_weak_actuator,push_to_zone,severe,23012,v2_no_jacobian,False,False,0.0,0.19426830398978007,0.19426830398978007,2.916039896235858e-11,720,135,0,True,stage_timeout,2ebd5a46a509772b,0.5029934846134787,0.23488247765529932,155.0933112094586,0,0,0,0,False,False,0,0,0,0,0.0,0.0,0,0.0,0.0,nan,nan
arm5_weak_actuator,push_to_zone,severe,23013,v2_no_jacobian,False,False,0.0,0.2058308857246599,0.2058308857246599,5.0747587637140085e-08,720,135,0,True,stage_timeout,2ebd5a46a509772b,0.45185920235288046,0.2271617597613314,159.6315300268162,0,0,0,0,False,False,0,0,0,0,0.0,0.0,0,0.0,0.0,nan,nan
arm5_weak_actuator,push_to_zone,severe,23014,v2_no_jacobian,False,False,0.0,0.19467485610182184,0.19467485610182184,1.705879615463547e-07,720,135,0,True,stage_timeout,2ebd5a46a509772b,0.4533260588218724,0.2268983137311197,159.329207282794,0,0,0,0,False,False,0,0,0,0,0.0,0.0,0,0.0,0.0,nan,nan
arm5_weak_actuator,push_to_zone,severe,23015,v2_no_jacobian,False,False,0.0,0.19722215357484685,0.19722215357484685,4.814525854477324e-08,720,135,0,True,stage_timeout,2ebd5a46a509772b,0.5270963507189901,0.23960697686232646,152.67298518727065,0,0,0,0,False,False,0,0,0,0,0.0,0.0,0,0.0,0.0,nan,nan
arm5_weak_actuator,push_to_zone,severe,23016,v2_no_jacobian,False,False,0.0,0.18087534268304506,0.18087534268304506,2.2894991035671474e-08,720,135,0,True,stage_timeout,2ebd5a46a509772b,0.4798542440432003,0.2313857667939656,156.0737865439384,0,0,0,0,False,False,0,0,0,0,0.0,0.0,0,0.0,0.0,nan,nan
arm5_weak_actuator,push_to_zone,severe,23017,v2_no_jacobian,False,False,0.0,0.21825275033692823,0.21825275033692823,1.1893178252198998e-07,720,135,0,True,stage_timeout,2ebd5a46a509772b,0.518496379695069,0.236120872998965,156.91375290636324,0,0,0,0,False,False,0,0,0,0,0.0,0.0,0,0.0,0.0,nan,nan
arm5_weak_actuator,push_to_zone,severe,23018,v2_no_jacobian,False,False,0.0,0.17664886346700956,0.17664886346700956,0.09571331197323968,720,135,0,True,stage_timeout,2ebd5a46a509772b,0.4674243200849575,0.23544074229030412,145.6247403392215,0,0,0,0,False,False,0,0,0,0,0.0,0.0,0,0.0,0.0,nan,nan
arm5_weak_actuator,push_to_zone,severe,23019,v2_no_jacobian,False,False,0.0,0.19416551290154652,0.19416551290154652,5.9255976906346956e-08,720,135,0,True,stage_timeout,2ebd5a46a509772b,0.4661959392280375,0.23113957448029562,155.73281758850095,0,0,0,0,False,False,0,0,0,0,0.0,0.0,0,0.0,0.0,nan,nan
arm5_weak_actuator,push_to_zone,severe,23020,v2_no_jacobian,False,False,0.0,0.19661792510158826,0.19661792510158826,1.2260772605725652e-08,720,135,0,True,stage_timeout,2ebd5a46a509772b,0.48175701488434486,0.23445737741786443,153.28857884518166,0,0,0,0,False,False,0,0,0,0,0.0,0.0,0,0.0,0.0,nan,nan
arm5_weak_actuator,push_to_zone,severe,23021,v2_no_jacobian,False,False,0.0,0.2015822369906344,0.2015822369906344,2.4560829805065786e-08,720,135,0,True,stage_timeout,2ebd5a46a509772b,0.5292884480560986,0.23982557194898185,152.73641207876375,0,0,0,0,False,False,0,0,0,0,0.0,0.0,0,0.0,0.0,nan,nan
arm5_weak_actuator,push_to_zone,severe,23022,v2_no_jacobian,False,False,0.0,0.22811753315182176,0.22811753315182176,1.445388258326338e-05,720,135,0,True,stage_timeout,2ebd5a46a509772b,0.48261251373277414,0.23237378837601388,154.09429326326108,0,0,0,0,False,False,0,0,0,0,0.0,0.0,0,0.0,0.0,nan,nan
arm5_weak_actuator,push_to_zone,severe,23023,v2_no_jacobian,False,False,0.0,0.1836943363386034,0.1836943363386034,4.0476113672044144e-08,720,135,0,True,stage_timeout,2ebd5a46a509772b,0.5482575055112835,0.23774139123283916,159.05206191001193,0,0,0,0,False,False,0,0,0,0,0.0,0.0,0,0.0,0.0,nan,nan
arm5_weak_actuator,push_to_zone,severe,23024,v2_no_jacobian,False,False,0.0,0.2130044853850276,0.2130044853850276,1.7747529247702335e-11,720,135,0,True,stage_timeout,2ebd5a46a509772b,0.4910567634323937,0.23446425373214022,153.96789104782403,0,0,0,0,False,False,0,0,0,0,0.0,0.0,0,0.0,0.0,nan,nan
arm5_posture_shifted,push_to_zone,nominal,23001,v2_no_jacobian,True,True,1.0,0.01172128682914963,0.01172128682914963,0.0003644752354788181,720,720,0,False,,2ebd5a46a509772b,0.58629677700094,0.20933304943607162,18.948185062368164,0,0,0,0,True,True,32,5,27,183,0.0,0.6775956284153005,29,0.19925715314720552,1.00314753139582,0.20994094900017843,0.3524339704539381
arm5_posture_shifted,push_to_zone,nominal,23002,v2_no_jacobian,True,True,1.0,0.01285227969364707,0.01285227969364707,0.0003810072058763027,720,720,0,False,,2ebd5a46a509772b,0.5391087675926967,0.2050457549771172,18.16281250720043,0,0,0,0,True,True,29,5,24,167,0.0,0.7365269461077845,27,0.19707562912397625,0.8351866775114886,0.2051238900760366,0.31375105297214745
arm5_posture_shifted,push_to_zone,nominal,23003,v2_no_jacobian,True,True,1.0,0.028216341623430764,0.028216341623430764,0.00037620618523343576,720,720,0,False,,2ebd5a46a509772b,0.5711853627761445,0.211922637781077,19.875425856729386,0,0,0,0,True,True,29,4,25,181,0.0,0.7624309392265194,28,0.1861130337808092,0.9329120535019736,0.21218243367043246,0.3214371447434581
arm5_posture_shifted,push_to_zone,nominal,23004,v2_no_jacobian,True,True,1.0,0.008386248134289386,0.008386248134289386,0.0003628591459325973,720,720,0,False,,2ebd5a46a509772b,0.6145890381815313,0.21400041477157727,19.619440068576044,0,0,0,0,True,True,40,6,34,175,0.0,0.7542857142857143,25,0.19786155115831383,0.8948111523411116,0.2145481583562237,0.36179377568267856
arm5_posture_shifted,push_to_zone,nominal,23005,v2_no_jacobian,True,True,1.0,0.00805248794903225,0.00805248794903225,0.0003784449416960275,720,720,0,False,,2ebd5a46a509772b,0.6055531685808475,0.2112384743558513,18.945194730788742,0,0,0,0,True,True,35,6,29,175,0.0,0.7714285714285715,26,0.2006829287671089,0.9901926056873559,0.21176383083130113,0.37256064257802324
arm5_posture_shifted,push_to_zone,nominal,23006,v2_no_jacobian,True,True,1.0,0.032199984723000036,0.032199984723000036,0.0004307738643823573,720,720,0,False,,2ebd5a46a509772b,0.5710421860591279,0.20958742260599086,18.33801975650179,0,0,0,0,True,True,40,6,34,177,0.0,0.7627118644067796,27,0.1769284686694023,0.9900069258066538,0.2100718958931839,0.3458543508798697
arm5_posture_shifted,push_to_zone,nominal,23007,v2_no_jacobian,True,True,1.0,0.012490425232623469,0.012490425232623469,0.00032351352607578736,720,720,0,False,,2ebd5a46a509772b,0.6591584599180287,0.21681686650148965,19.964038114750558,0,0,0,0,True,True,34,5,29,163,0.0,0.6932515337423313,24,0.19467707010989843,0.9496010224690703,0.21799573713737205,0.41822139100674605
arm5_posture_shifted,push_to_zone,nominal,23008,v2_no_jacobian,True,True,1.0,0.02347474300995189,0.02347474300995189,0.0003338384617460014,720,720,0,False,,2ebd5a46a509772b,0.6390749873398982,0.22003320616354802,19.317124322940685,0,0,0,0,True,True,35,6,29,164,0.0,0.7317073170731707,24,0.18448321809214674,0.9252745636805818,0.220932811974191,0.41343778057629166
arm5_posture_shifted,push_to_zone,nominal,23009,v2_no_jacobian,True,True,1.0,0.008675902940620425,0.008675902940620425,0.00027040831225654563,720,720,0,False,,2ebd5a46a509772b,0.603163634395897,0.21661429751552808,18.961784360893503,0,0,0,0,True,True,27,4,23,162,0.0,0.7037037037037037,21,0.19508107090438426,0.9309440314633969,0.21709266107900835,0.3667086918246656
arm5_posture_shifted,push_to_zone,nominal,23010,v2_no_jacobian,True,True,1.0,0.012394667657379229,0.012394667657379229,0.0002812386823733238,720,720,0,False,,2ebd5a46a509772b,0.6617611931747756,0.21748577090364163,19.80352691009968,0,0,0,0,True,True,28,4,24,173,0.0,0.7109826589595376,27,0.20004046845515674,0.9141097952153187,0.21835461271070025,0.4238831182340159
arm5_posture_shifted,push_to_zone,nominal,23011,v2_no_jacobian,True,True,1.0,0.01233028079380818,0.01233028079380818,0.0002592236500106279,720,720,0,False,,2ebd5a46a509772b,0.74513050257129,0.23408725010679857,21.1959691366774,0,0,0,0,True,True,35,6,29,162,0.0,0.6790123456790124,26,0.20509230140666432,0.9110828959432635,0.23532983593839096,0.49375772972294296
arm5_posture_shifted,push_to_zone,nominal,23012,v2_no_jacobian,True,True,1.0,0.015198546066538338,0.015198546066538338,0.00036163452687188916,720,720,0,False,,2ebd5a46a509772b,0.6177262815689004,0.21246018215300247,17.581716484283387,0,0,0,0,True,True,36,5,31,166,0.0,0.7590361445783133,22,0.19700164838937403,0.894897116169746,0.21320509480275318,0.4035707752003188
arm5_posture_shifted,push_to_zone,nominal,23013,v2_no_jacobian,True,True,1.0,0.008097200638117141,0.008097200638117141,0.0003337745755136464,720,720,0,False,,2ebd5a46a509772b,0.6071406432986688,0.21340202286193782,19.859664238278132,0,0,0,0,True,True,37,8,29,163,0.0,0.6625766871165644,25,0.19907859271084818,0.8967280962412296,0.21434802822053198,0.3723182005952781
arm5_posture_shifted,push_to_zone,nominal,23014,v2_no_jacobian,True,True,1.0,0.008861350707191313,0.008861350707191313,0.0003424184229758343,720,720,0,False,,2ebd5a46a509772b,0.6155376423550778,0.21444532252770057,21.000059400182167,0,0,0,0,True,True,37,6,31,174,0.0,0.7413793103448276,25,0.1931141720679219,1.0742311498641919,0.21548041739731122,0.36733781533567145
arm5_posture_shifted,push_to_zone,nominal,23015,v2_no_jacobian,True,True,1.0,0.007296064007235433,0.007296064007235433,0.00029327340459946004,720,720,0,False,,2ebd5a46a509772b,0.662703086087574,0.22235107929567385,19.021329772738337,0,0,0,0,True,True,29,5,24,164,0.0,0.7134146341463414,22,0.2077786800100251,0.7989200743499381,0.22320600643701063,0.42663443866655326
arm5_posture_shifted,push_to_zone,nominal,23016,v2_no_jacobian,True,True,1.0,0.011814751589389513,0.011814751589389513,0.00033917511743146764,720,720,0,False,,2ebd5a46a509772b,0.6258299516768053,0.21652588236249623,19.56408907191354,0,0,0,0,True,True,35,6,29,164,0.0,0.7317073170731707,26,0.19824251222285785,0.8835944349497026,0.21735399394872634,0.3862694497963446
arm5_posture_shifted,push_to_zone,nominal,23017,v2_no_jacobian,True,True,1.0,0.009935687483678417,0.009935687483678417,0.00024288157727221483,720,720,0,False,,2ebd5a46a509772b,0.6717893349366539,0.21977263589834414,20.419312393787497,0,0,0,0,True,True,27,4,23,165,0.0,0.6606060606060606,26,0.20361117023374087,0.9606200690017245,0.22117344474300443,0.4077362620838927
arm5_posture_shifted,push_to_zone,nominal,23018,v2_no_jacobian,True,True,1.0,0.017053416636918676,0.017053416636918676,0.00043816850849351445,720,720,0,False,,2ebd5a46a509772b,0.622258084121079,0.22116729513633876,18.379621200914656,0,0,0,0,True,True,37,8,29,185,0.0,0.745945945945946,31,0.21611660556122755,0.9296631861859843,0.22219315545806703,0.406803447550375
arm5_posture_shifted,push_to_zone,nominal,23019,v2_no_jacobian,True,True,1.0,0.02264577216322325,0.02264577216322325,0.00037527441192945115,720,720,0,False,,2ebd5a46a509772b,0.6184773604575571,0.21794907696810065,19.1634678165768,0,0,0,0,True,True,36,6,30,162,0.0,0.7283950617283951,21,0.18962342319121964,0.8674747375607524,0.21894083333529235,0.39038210065368206
arm5_posture_shifted,push_to_zone,nominal,23020,v2_no_jacobian,True,True,1.0,0.013520026300421453,0.013520026300421453,0.00026025450914223523,720,720,0,False,,2ebd5a46a509772b,0.6237346742388703,0.21922824129829852,20.146992277108723,0,0,0,0,True,True,29,5,24,170,0.0,0.6941176470588235,25,0.19632262639766918,0.84892098680291,0.21978152493904565,0.38450774157361955
arm5_posture_shifted,push_to_zone,nominal,23021,v2_no_jacobian,True,True,1.0,0.00906255524625878,0.00906255524625878,0.00031878138057493183,720,720,0,False,,2ebd5a46a509772b,0.650693677500723,0.21975275388409463,18.859279111535507,0,0,0,0,True,True,28,5,23,164,0.0,0.7073170731707317,24,0.20607010585511956,0.8666907068423474,0.22085894456408928,0.43056323080823367
arm5_posture_shifted,push_to_zone,nominal,23022,v2_no_jacobian,True,True,1.0,0.031765728927981705,0.031765728927981705,4.093379182536052e-11,720,720,0,False,,2ebd5a46a509772b,0.7007232200578506,0.22661995313310554,21.199836604180845,0,0,0,0,True,True,28,4,24,217,0.0,0.6820276497695853,29,0.24817830800227564,1.0391114235386585,0.2276376878543873,0.46959215244959696
arm5_posture_shifted,push_to_zone,nominal,23023,v2_no_jacobian,True,True,1.0,0.008344947483917757,0.008344947483917757,0.00029082837505214996,720,720,0,False,,2ebd5a46a509772b,0.7166477207070394,0.22522968893679474,20.318081763218373,0,0,0,0,True,True,37,7,30,163,0.0,0.6871165644171779,24,0.20316210601021722,0.8271758143542107,0.22620425160916757,0.47032995900263463
arm5_posture_shifted,push_to_zone,nominal,23024,v2_no_jacobian,True,True,1.0,0.013041819239916484,0.013041819239916484,0.00034426490387967846,720,720,0,False,,2ebd5a46a509772b,0.6291247155160717,0.21682415004234773,19.37179570563572,0,0,0,0,True,True,31,6,25,172,0.0,0.7034883720930233,29,0.2040090455667852,0.9427647959693861,0.21781809890268147,0.39886625088124994
arm5_posture_shifted,push_to_zone,low_friction,23001,v2_no_jacobian,True,True,1.0,0.019907755792323602,0.019907755792323602,0.0006698046898534171,720,720,0,False,,2ebd5a46a509772b,0.6495217811891845,0.2203613064403268,20.85277662306634,0,0,0,0,True,True,33,9,24,182,0.0,0.7472527472527473,30,0.19025240342265856,0.9079617978053158,0.21265515311574032,0.4153533319619065
arm5_posture_shifted,push_to_zone,low_friction,23002,v2_no_jacobian,True,True,1.0,0.01904552127862144,0.01904552127862144,0.0005288385947290348,720,720,0,False,,2ebd5a46a509772b,0.6116628683933838,0.2170601989732333,20.84819421158092,0,0,0,0,True,True,38,12,26,212,0.0,0.7641509433962265,37,0.20227492731298843,0.856422742868833,0.20991846297231756,0.39191550254715724
arm5_posture_shifted,push_to_zone,low_friction,23003,v2_no_jacobian,True,True,1.0,0.006643671776896461,0.006643671776896461,0.00024477871803025523,720,720,0,False,,2ebd5a46a509772b,0.6468566634187338,0.2245642671306202,23.755450072484173,0,0,0,0,True,True,42,11,31,175,0.0,0.7142857142857143,26,0.1882123755737615,0.9029181725781174,0.21846144726904695,0.3940092219672202
arm5_posture_shifted,push_to_zone,low_friction,23004,v2_no_jacobian,True,True,1.0,0.02258443504820862,0.02258443504820862,0.00037084304631082853,720,720,0,False,,2ebd5a46a509772b,0.6857364402435993,0.22607726644122678,21.526458870864555,0,0,0,0,True,True,32,8,24,188,0.0,0.7606382978723404,23,0.18471772690052743,0.8178902119150877,0.21910885078587858,0.4266625195706353
arm5_posture_shifted,push_to_zone,low_friction,23005,v2_no_jacobian,True,True,1.0,0.020547010194358346,0.020547010194358346,0.0004997868547099828,720,720,0,False,,2ebd5a46a509772b,0.6861613558936468,0.22546979790222604,22.565552403899652,0,0,0,0,True,True,43,12,31,223,0.0,0.7488789237668162,33,0.24090875333058773,1.0018095718235198,0.2202568080436692,0.4806343048567121
arm5_posture_shifted,push_to_zone,low_friction,23006,v2_no_jacobian,True,True,1.0,0.013339103529684138,0.013339103529684138,0.0003223742791595488,720,720,0,False,,2ebd5a46a509772b,0.6525507878499934,0.2232961147138374,21.805923180519375,0,0,0,0,True,True,34,10,24,175,0.0,0.7828571428571428,22,0.19480088122821831,0.7888229777884264,0.21602050719573335,0.4096955658549284
arm5_posture_shifted,push_to_zone,low_friction,23007,v2_no_jacobian,True,True,1.0,0.02780085850947852,0.02780085850947852,0.00027940480078461003,720,720,0,False,,2ebd5a46a509772b,0.7230348519471632,0.2285134080385608,22.15584957288791,0,0,0,0,True,True,36,10,26,183,0.0,0.7704918032786885,27,0.17982285553680766,0.8693994728595694,0.22225541804336585,0.46724127835972595
arm5_posture_shifted,push_to_zone,low_friction,23008,v2_no_jacobian,True,True,1.0,0.011601318644512776,0.011601318644512776,6.251206968920242e-05,720,720,0,False,,2ebd5a46a509772b,0.6983590822023049,0.23077697631869815,23.12851019123972,0,0,0,0,True,True,34,11,23,172,0.0,0.7151162790697675,20,0.1904507308970758,1.0007233426962383,0.22607043020777004,0.4555083025809079
arm5_posture_shifted,push_to_zone,low_friction,23009,v2_no_jacobian,True,True,1.0,0.010566759111329087,0.010566759111329087,0.00015193650911523869,720,720,0,False,,2ebd5a46a509772b,0.6683160632886866,0.22816935633302968,22.782807615519886,0,0,0,0,True,True,38,10,28,164,0.0,0.6707317073170732,22,0.1838741315815855,0.9567298217336946,0.22337375937541834,0.4309690186365023
arm5_posture_shifted,push_to_zone,low_friction,23010,v2_no_jacobian,True,True,1.0,0.014916922831994486,0.014916922831994486,0.0002566995397494152,720,720,0,False,,2ebd5a46a509772b,0.7151354552924984,0.2276491150252414,21.310663711980204,0,0,0,0,True,True,30,7,23,180,0.0,0.7833333333333333,27,0.20040082930572828,0.8780688719003255,0.2213421982143209,0.4924019351347666
arm5_posture_shifted,push_to_zone,low_friction,23011,v2_no_jacobian,True,True,1.0,0.008898533712646052,0.008898533712646052,0.0007885758060934062,720,720,0,False,,2ebd5a46a509772b,0.778750674751985,0.24116700769337746,23.49231082946768,0,0,0,0,True,True,30,9,21,187,0.0,0.7486631016042781,25,0.22108667228648538,0.8684083496079342,0.23794688230772676,0.5494342015163642
arm5_posture_shifted,push_to_zone,low_friction,23012,v2_no_jacobian,True,True,1.0,0.019395955293561643,0.019395955293561643,0.0007343618355328069,720,720,0,False,,2ebd5a46a509772b,0.6878451916385737,0.22512186494084288,20.79828667666825,0,0,0,0,True,True,29,7,22,198,0.0,0.7626262626262627,31,0.20686507183911043,0.9215464066081827,0.2188414252847901,0.4807090106479692
arm5_posture_shifted,push_to_zone,low_friction,23013,v2_no_jacobian,True,True,1.0,0.02402575025990051,0.02402575025990051,0.000790250795391919,720,720,0,False,,2ebd5a46a509772b,0.6639993853504862,0.2237442250392106,22.102531650386744,0,0,0,0,True,True,38,8,30,181,0.0,0.7348066298342542,27,0.18733243324911414,0.9550445528889293,0.21720205620682212,0.4260241924530579
arm5_posture_shifted,push_to_zone,low_friction,23014,v2_no_jacobian,True,True,1.0,0.009940802649294287,0.009940802649294287,0.0005060521089505834,720,720,0,False,,2ebd5a46a509772b,0.6926620281767923,0.22811534216527432,23.751576077701106,0,0,0,0,True,True,35,14,21,204,0.0,0.7303921568627451,33,0.23263595061497522,0.8986012638627966,0.22312277603258593,0.45717707988122847
arm5_posture_shifted,push_to_zone,low_friction,23015,v2_no_jacobian,True,True,1.0,0.017718362783618456,0.017718362783618456,0.0006165400522163086,720,720,0,False,,2ebd5a46a509772b,0.7119756455862998,0.23155394086160025,21.61762802536767,0,0,0,0,True,True,37,11,26,166,0.0,0.7289156626506024,25,0.18666717666460012,0.8780699330537143,0.22613906960831606,0.4704105485854311
arm5_posture_shifted,push_to_zone,low_friction,23016,v2_no_jacobian,True,True,1.0,0.028596021804996874,0.028596021804996874,0.0008821001990626637,720,720,0,False,,2ebd5a46a509772b,0.7012718943560379,0.23012175286691477,22.799050797487777,0,0,0,0,True,True,40,11,29,255,0.0,0.7411764705882353,39,0.2514237397357774,0.862786431088686,0.22652798848038042,0.4906618412013293
arm5_posture_shifted,push_to_zone,low_friction,23017,v2_no_jacobian,True,True,1.0,0.006379604984346551,0.006379604984346551,0.0012453794132253958,720,720,0,False,,2ebd5a46a509772b,0.7281085847528259,0.23030848182868832,22.490963985671662,0,0,0,0,True,True,40,8,32,182,0.0,0.7032967032967034,30,0.20249064735127484,0.9539007503274475,0.22410498242162502,0.4796032303087885
arm5_posture_shifted,push_to_zone,low_friction,23018,v2_no_jacobian,True,True,1.0,0.012673404531567933,0.012673404531567933,0.0007060179228967747,720,720,0,False,,2ebd5a46a509772b,0.6682554780022616,0.229840699486149,23.010741582001057,0,0,0,0,True,True,42,12,30,223,0.0,0.7623318385650224,36,0.24518044212091455,1.0668004316293354,0.22689696560235986,0.49800430588406686
arm5_posture_shifted,push_to_zone,low_friction,23019,v2_no_jacobian,True,True,1.0,0.019806766212924407,0.019806766212924407,0.0002927142130310893,720,720,0,False,,2ebd5a46a509772b,0.6819215514683914,0.22903752125690197,22.651912141913723,0,0,0,0,True,True,39,9,30,180,0.0,0.7777777777777778,24,0.18580760512070724,0.9770099397760454,0.22350143997387636,0.44097335279618566
arm5_posture_shifted,push_to_zone,low_friction,23020,v2_no_jacobian,True,True,1.0,0.027991507843694342,0.027991507843694342,0.000350726497800386,720,720,0,False,,2ebd5a46a509772b,0.6546966561944316,0.22537806138042624,21.593157443240475,0,0,0,0,True,True,39,10,29,179,0.0,0.770949720670391,26,0.17835570575153198,0.9715061541879793,0.2201091133636456,0.43430982515963645
arm5_posture_shifted,push_to_zone,low_friction,23021,v2_no_jacobian,True,True,1.0,0.008360308636146029,0.008360308636146029,0.0006486428421910192,720,720,0,False,,2ebd5a46a509772b,0.6973152491714543,0.22906947971456265,21.687810126665042,0,0,0,0,True,True,42,9,33,167,0.0,0.6946107784431138,23,0.1963332091192633,0.7984784110072706,0.2239195056436354,0.4769466349341638
arm5_posture_shifted,push_to_zone,low_friction,23022,v2_no_jacobian,False,False,0.6666666666666666,0.02479706803599073,0.02479706803599073,0.09800075862296972,720,542,0,True,stage_timeout,2ebd5a46a509772b,0.673982840764427,0.23245086093807327,22.820286729657298,0,0,0,0,True,True,49,14,35,330,0.0,0.803030303030303,47,0.35277783386859374,0.9952637274864798,0.2326274134841742,0.4349869605555168
arm5_posture_shifted,push_to_zone,low_friction,23023,v2_no_jacobian,True,True,1.0,0.018583235708071924,0.018583235708071924,0.00024295725371338323,720,720,0,False,,2ebd5a46a509772b,0.7649494550370015,0.23465590377135315,22.25552342764807,0,0,0,0,True,True,51,10,41,170,0.0,0.7294117647058823,25,0.18445933129317654,0.7707778919035576,0.2289517405420516,0.5142715332791146
arm5_posture_shifted,push_to_zone,low_friction,23024,v2_no_jacobian,True,True,1.0,0.01178923832646298,0.01178923832646298,0.0003713094558140166,720,720,0,False,,2ebd5a46a509772b,0.6938669677128186,0.2283543731087358,21.987300157411855,0,0,0,0,True,True,32,9,23,182,0.0,0.7472527472527473,24,0.20348807495773708,0.9650707538764841,0.22293288949693443,0.46107173880902774
arm5_posture_shifted,push_to_zone,latency_load,23001,v2_no_jacobian,True,True,1.0,0.015570338482151173,0.015570338482151173,0.001465295115851405,720,720,0,False,,2ebd5a46a509772b,0.7467958432301876,0.23489131865746282,37.44888843562801,0,0,0,0,True,True,42,8,34,173,0.0,0.6936416184971098,25,0.18721368713733738,0.897686954873083,0.22817865356348732,0.5596352411292824
arm5_posture_shifted,push_to_zone,latency_load,23002,v2_no_jacobian,True,True,1.0,0.025820541139961555,0.025820541139961555,0.001146754926258978,720,720,0,False,,2ebd5a46a509772b,0.6844611693154987,0.22769210395202003,34.407735774085715,0,0,0,0,True,True,62,13,49,252,0.0,0.7777777777777778,34,0.24494481655716127,0.8495677398085785,0.2233956405496741,0.5542345523951302
arm5_posture_shifted,push_to_zone,latency_load,23003,v2_no_jacobian,True,True,1.0,0.015518336239906,0.015518336239906,0.0005100053737867346,720,720,0,False,,2ebd5a46a509772b,0.7495258706996069,0.2396680471863371,37.19136565295559,0,0,0,0,True,True,53,12,41,213,0.0,0.6807511737089202,36,0.23406308423441283,1.0096689148124804,0.23733450156579136,0.5513772048971761
arm5_posture_shifted,push_to_zone,latency_load,23004,v2_no_jacobian,True,True,1.0,0.005730449007395889,0.005730449007395889,0.0002139698822815877,720,720,0,False,,2ebd5a46a509772b,0.8051466319069314,0.24344505726273064,37.89475238476162,0,0,0,0,True,True,46,9,37,185,0.0,0.6486486486486487,28,0.22160686095481238,0.9684205008543455,0.24038633388172023,0.5937211001860798
arm5_posture_shifted,push_to_zone,latency_load,23005,v2_no_jacobian,False,False,0.6666666666666666,0.012907715302183657,0.012907715302183657,0.08557210922607603,720,383,0,True,false_terminal_accept,2ebd5a46a509772b,0.7240254909965014,0.23494664604800383,37.49052081507904,0,0,0,0,True,True,43,14,29,191,0.0,0.6858638743455497,29,0.22827081160425813,0.8906937773489927,0.2350264490984741,0.6091973319030437
arm5_posture_shifted,push_to_zone,latency_load,23006,v2_no_jacobian,True,True,1.0,0.022118718512885886,0.022118718512885886,0.0007092824730310966,720,720,0,False,,2ebd5a46a509772b,0.7367324470925536,0.23558312008746446,34.98770730490278,0,0,0,0,True,True,42,11,31,193,0.0,0.7409326424870466,29,0.19528821587428682,0.8547054376735589,0.2314333005290403,0.5592950501948519
arm5_posture_shifted,push_to_zone,latency_load,23007,v2_no_jacobian,False,False,0.6666666666666666,0.025229021476605364,0.025229021476605364,0.03602356723776996,720,537,0,True,stage_timeout,2ebd5a46a509772b,0.7636103042294224,0.24004161337484184,36.516370531792546,0,0,0,0,True,True,48,7,41,330,0.0,0.803030303030303,48,0.2966975876466229,0.8828970650597295,0.23997609354271787,0.6097552390530767
arm5_posture_shifted,push_to_zone,latency_load,23008,v2_no_jacobian,True,True,1.0,0.013938901163771838,0.013938901163771838,8.257838851135706e-05,720,720,0,False,,2ebd5a46a509772b,0.7937518797794478,0.24479968523701146,35.699113102832094,0,0,0,0,True,True,35,9,26,195,0.0,0.7435897435897436,26,0.22206177327538587,0.9300351404329584,0.2426689164462213,0.5970806170006471
arm5_posture_shifted,push_to_zone,latency_load,23009,v2_no_jacobian,False,False,0.3333333333333333,0.31718019593502117,0.31718019593502117,0.01468116078717786,720,213,0,True,stage_timeout,2ebd5a46a509772b,0.5783970163000038,0.2781763162524837,31.340193091299916,0,0,0,0,False,False,54,13,41,0,0.0,0.0,0,0.0,0.0,nan,nan
arm5_posture_shifted,push_to_zone,latency_load,23010,v2_no_jacobian,False,False,0.3333333333333333,0.3317927441409947,0.3317927441409947,0.010519659731203763,720,215,0,True,stage_timeout,2ebd5a46a509772b,0.6552207920152862,0.2847633010564731,32.40430687371239,0,0,0,0,False,False,49,10,39,0,0.0,0.0,0,0.0,0.0,nan,nan
arm5_posture_shifted,push_to_zone,latency_load,23011,v2_no_jacobian,True,True,1.0,0.01282419937828709,0.01282419937828709,0.0012521065281121742,720,720,0,False,,2ebd5a46a509772b,0.8440776124499512,0.2503158722732491,39.271548513919015,0,0,0,0,True,True,62,15,47,214,0.0,0.7289719626168224,29,0.2258637664838085,0.9964875272652285,0.2490836238471347,0.6583072426963259
arm5_posture_shifted,push_to_zone,latency_load,23012,v2_no_jacobian,True,True,1.0,0.02209863651905574,0.02209863651905574,0.001536078516915465,720,720,0,False,,2ebd5a46a509772b,0.7796128267254092,0.23928067030573902,36.35346043468634,0,0,0,0,True,True,47,11,36,258,0.0,0.7441860465116279,41,0.28002521145148423,1.0308351237993163,0.23675353474644018,0.6018894078289421
arm5_posture_shifted,push_to_zone,latency_load,23013,v2_no_jacobian,False,False,0.6666666666666666,0.02839225704582972,0.02839225704582972,0.09013800127895381,720,513,0,True,false_terminal_accept,2ebd5a46a509772b,0.6675540563253888,0.2298215006321016,35.07261867225442,0,0,0,0,True,True,66,20,46,294,0.0,0.8129251700680272,40,0.2607982378131078,0.8574057861025747,0.2298478044268046,0.5880425549789674
arm5_posture_shifted,push_to_zone,latency_load,23014,v2_no_jacobian,True,True,1.0,0.012393143723085191,0.012393143723085191,3.7994856527077084e-05,720,720,0,False,,2ebd5a46a509772b,0.7562941367533176,0.23675865142431118,36.39137247572419,0,0,0,0,True,True,36,12,24,182,0.0,0.8076923076923077,24,0.18034310295350683,0.8952707942972374,0.23124776847407177,0.5436507453976707
arm5_posture_shifted,push_to_zone,latency_load,23015,v2_no_jacobian,True,True,1.0,0.0067052308342088985,0.0067052308342088985,0.0039654192357151145,720,720,0,False,,2ebd5a46a509772b,0.808941423747958,0.24572343276335923,37.54888541049547,0,0,0,0,True,True,70,15,55,183,0.0,0.6666666666666666,27,0.2040190775166102,0.9847048818236032,0.24271356437465577,0.6106010697567594
arm5_posture_shifted,push_to_zone,latency_load,23016,v2_no_jacobian,True,True,1.0,0.016722089016718473,0.016722089016718473,0.0003577929049766719,720,720,0,False,,2ebd5a46a509772b,0.7801715260682127,0.24065036784036964,37.128932323724456,0,0,0,0,True,True,40,9,31,172,0.0,0.7906976744186046,22,0.16611116481760774,0.9184409859659401,0.2362826514904599,0.5944820261626393
arm5_posture_shifted,push_to_zone,latency_load,23017,v2_no_jacobian,True,True,1.0,0.007743287386165195,0.007743287386165195,0.00034159582381161597,720,720,0,False,,2ebd5a46a509772b,0.8195540063945272,0.24364912301731564,36.55495096504442,0,0,0,0,True,True,45,11,34,189,0.0,0.7037037037037037,26,0.20961921754028473,1.0582830655166862,0.23983307632877393,0.6102843471002481
arm5_posture_shifted,push_to_zone,latency_load,23018,v2_no_jacobian,True,True,1.0,0.0170223298874299,0.0170223298874299,0.0003622359524609593,720,720,0,False,,2ebd5a46a509772b,0.7280349892406948,0.237734327305462,35.12378934226388,0,0,0,0,True,True,31,7,24,175,0.0,0.8114285714285714,22,0.1720515628750663,0.8621145590345008,0.23466902826973296,0.5590168233335149
arm5_posture_shifted,push_to_zone,latency_load,23019,v2_no_jacobian,False,False,0.3333333333333333,0.33183157582034206,0.33183157582034206,0.02173612270973994,720,215,0,True,stage_timeout,2ebd5a46a509772b,0.568274162842294,0.27649097156764074,32.31199287268283,0,0,0,0,False,False,51,13,38,0,0.0,0.0,0,0.0,0.0,nan,nan
arm5_posture_shifted,push_to_zone,latency_load,23020,v2_no_jacobian,False,False,0.3333333333333333,0.326016357940984,0.326016357940984,0.01500129394645406,720,212,0,True,stage_timeout,2ebd5a46a509772b,0.5905088199260295,0.27915529079696627,31.644692076556094,0,0,0,0,False,False,53,10,43,0,0.0,0.0,0,0.0,0.0,nan,nan
arm5_posture_shifted,push_to_zone,latency_load,23021,v2_no_jacobian,True,True,1.0,0.011912632943273493,0.011912632943273493,0.000551348050876152,720,720,0,False,,2ebd5a46a509772b,0.8019058199842659,0.24514613321387263,37.0602262844445,0,0,0,0,True,True,54,15,39,224,0.0,0.6919642857142857,38,0.2595941498039938,0.9561943589708367,0.24313370161608808,0.6266818919559412
arm5_posture_shifted,push_to_zone,latency_load,23022,v2_no_jacobian,True,True,1.0,0.004807551670758075,0.004807551670758075,0.0011163306263861658,720,720,0,False,,2ebd5a46a509772b,0.759300017253207,0.23675492631938422,38.361809904236594,0,0,0,0,True,True,47,12,35,221,0.0,0.7239819004524887,35,0.25217777791415524,0.9595479138582916,0.23301571880758376,0.6288344247709512
arm5_posture_shifted,push_to_zone,latency_load,23023,v2_no_jacobian,True,True,1.0,0.008333455816800218,0.008333455816800218,0.00011757165488264727,720,720,0,False,,2ebd5a46a509772b,0.8986208467806354,0.25388087868554937,40.439055663714214,0,0,0,0,True,True,58,11,47,215,0.0,0.6465116279069767,33,0.2622585767350987,0.8645559806813518,0.251486881054786,0.6432226715663796
arm5_posture_shifted,push_to_zone,latency_load,23024,v2_no_jacobian,True,True,1.0,0.01645785319568911,0.01645785319568911,0.001230566098860336,720,720,0,False,,2ebd5a46a509772b,0.7909747190860092,0.2430663541478966,36.17976543640904,0,0,0,0,True,True,54,8,46,261,0.0,0.7624521072796935,38,0.3000738301784439,1.001221588065302,0.24188763400611304,0.6350332681013215
arm5_posture_shifted,push_to_zone,severe,23001,v2_no_jacobian,False,False,0.0,0.23942380666058974,0.23942380666058974,0.14604943347587163,720,135,0,True,stage_timeout,2ebd5a46a509772b,0.7481497518075222,0.2859018579366178,149.5025540347485,0,0,0,0,False,False,0,0,0,0,0.0,0.0,0,0.0,0.0,nan,nan
arm5_posture_shifted,push_to_zone,severe,23002,v2_no_jacobian,False,False,0.0,0.3528703460597606,0.3528703460597606,0.13942933480558298,720,135,0,True,stage_timeout,2ebd5a46a509772b,0.7311484866609521,0.28357851989419613,148.98009715015493,0,0,0,0,False,False,0,0,0,0,0.0,0.0,0,0.0,0.0,nan,nan
arm5_posture_shifted,push_to_zone,severe,23003,v2_no_jacobian,False,False,0.0,0.2595857168548908,0.2595857168548908,6.873958663997831e-08,720,135,0,True,stage_timeout,2ebd5a46a509772b,0.7604233584728397,0.28241265613456185,150.8374931039755,0,0,0,0,False,False,0,0,0,0,0.0,0.0,0,0.0,0.0,nan,nan
arm5_posture_shifted,push_to_zone,severe,23004,v2_no_jacobian,False,False,0.0,0.7021538750131789,0.7021538750131789,0.5832569460439266,720,135,0,True,stage_timeout,2ebd5a46a509772b,0.7873932597655999,0.28465153881866273,150.58975405688795,0,0,0,0,False,False,0,0,0,0,0.0,0.0,0,0.0,0.0,nan,nan
arm5_posture_shifted,push_to_zone,severe,23005,v2_no_jacobian,False,False,0.0,0.281441879920414,0.281441879920414,0.0978756590888747,720,135,0,True,stage_timeout,2ebd5a46a509772b,0.7628241767340862,0.28446984058379765,151.00324017498414,0,0,0,0,False,False,0,0,0,0,0.0,0.0,0,0.0,0.0,nan,nan
arm5_posture_shifted,push_to_zone,severe,23006,v2_no_jacobian,False,False,0.0,0.498433768769181,0.498433768769181,0.33207666700748145,720,135,0,True,stage_timeout,2ebd5a46a509772b,0.7454149236144731,0.28388644020898496,148.85676915258955,0,0,0,0,False,False,0,0,0,0,0.0,0.0,0,0.0,0.0,nan,nan
arm5_posture_shifted,push_to_zone,severe,23007,v2_no_jacobian,False,False,0.0,0.7257743296042622,0.7257743296042622,0.5948757010531304,720,135,0,True,stage_timeout,2ebd5a46a509772b,0.8189628381672818,0.2849952750374011,154.12018689218084,0,0,0,0,False,False,0,0,0,0,0.0,0.0,0,0.0,0.0,nan,nan
arm5_posture_shifted,push_to_zone,severe,23008,v2_no_jacobian,False,False,0.0,0.6408622345576915,0.6408622345576915,0.5075545506683383,720,135,0,True,stage_timeout,2ebd5a46a509772b,0.7656592698437739,0.2814543684223982,148.16416238655617,0,0,0,0,False,False,0,0,0,0,0.0,0.0,0,0.0,0.0,nan,nan
arm5_posture_shifted,push_to_zone,severe,23009,v2_no_jacobian,False,False,0.0,0.2589584787254182,0.2589584787254182,0.0911614685398776,720,135,0,True,stage_timeout,2ebd5a46a509772b,0.7361959337160338,0.28143287565083824,148.35993633134575,0,0,0,0,False,False,0,0,0,0,0.0,0.0,0,0.0,0.0,nan,nan
arm5_posture_shifted,push_to_zone,severe,23010,v2_no_jacobian,False,False,0.0,0.3331950170982819,0.3331950170982819,0.17689779569998487,720,135,0,True,stage_timeout,2ebd5a46a509772b,0.7910437208096122,0.2860356627563467,152.27598497764495,0,0,0,0,False,False,0,0,0,0,0.0,0.0,0,0.0,0.0,nan,nan
arm5_posture_shifted,push_to_zone,severe,23011,v2_no_jacobian,False,False,0.0,0.39619001816495547,0.39619001816495547,0.3195248551125326,720,135,0,True,stage_timeout,2ebd5a46a509772b,0.8025728923612014,0.28034077385105366,147.9714982043177,0,0,0,0,False,False,0,0,0,0,0.0,0.0,0,0.0,0.0,nan,nan
arm5_posture_shifted,push_to_zone,severe,23012,v2_no_jacobian,False,False,0.0,0.20960799901405308,0.20960799901405308,0.15286983641305327,720,135,0,True,stage_timeout,2ebd5a46a509772b,0.7617445969487426,0.2845306668035261,150.44296195046192,0,0,0,0,False,False,0,0,0,0,0.0,0.0,0,0.0,0.0,nan,nan
arm5_posture_shifted,push_to_zone,severe,23013,v2_no_jacobian,False,False,0.0,0.6525037088725951,0.6525037088725951,0.5095089882373995,720,135,0,True,stage_timeout,2ebd5a46a509772b,0.761341987845765,0.28415176964192707,152.25752159158264,0,0,0,0,False,False,0,0,0,0,0.0,0.0,0,0.0,0.0,nan,nan
arm5_posture_shifted,push_to_zone,severe,23014,v2_no_jacobian,False,False,0.0,0.5272184345801737,0.5272184345801737,0.3324208450107879,720,135,0,True,stage_timeout,2ebd5a46a509772b,0.7605935002070554,0.2830012410648057,150.12483989704623,0,0,0,0,False,False,0,0,0,0,0.0,0.0,0,0.0,0.0,nan,nan
arm5_posture_shifted,push_to_zone,severe,23015,v2_no_jacobian,False,False,0.0,0.28736293651415246,0.28736293651415246,0.21179603659724097,720,135,0,True,stage_timeout,2ebd5a46a509772b,0.7717013351322644,0.28340274587620007,146.59781996077416,0,0,0,0,False,False,0,0,0,0,0.0,0.0,0,0.0,0.0,nan,nan
arm5_posture_shifted,push_to_zone,severe,23016,v2_no_jacobian,False,False,0.0,0.23532693602466803,0.23532693602466803,6.502340608919814e-08,720,135,0,True,stage_timeout,2ebd5a46a509772b,0.7711354846290268,0.2828883978888232,148.42532655731165,0,0,0,0,False,False,0,0,0,0,0.0,0.0,0,0.0,0.0,nan,nan
arm5_posture_shifted,push_to_zone,severe,23017,v2_no_jacobian,False,False,0.0,0.2616107085485091,0.2616107085485091,0.1597182905900921,720,135,0,True,stage_timeout,2ebd5a46a509772b,0.7965434333505157,0.2863540816319493,150.52492372555042,0,0,0,0,False,False,0,0,0,0,0.0,0.0,0,0.0,0.0,nan,nan
arm5_posture_shifted,push_to_zone,severe,23018,v2_no_jacobian,False,False,0.0,0.2844948594410863,0.2844948594410863,3.023943107188459e-08,720,135,0,True,stage_timeout,2ebd5a46a509772b,0.7056562950807717,0.27905036269373024,141.73172306255785,0,0,0,0,False,False,0,0,0,0,0.0,0.0,0,0.0,0.0,nan,nan
arm5_posture_shifted,push_to_zone,severe,23019,v2_no_jacobian,False,False,0.0,0.6393792242621669,0.6393792242621669,0.49340596857757457,720,135,0,True,stage_timeout,2ebd5a46a509772b,0.7618045839500454,0.28215297623730706,146.35366151260217,0,0,0,0,False,False,0,0,0,0,0.0,0.0,0,0.0,0.0,nan,nan
arm5_posture_shifted,push_to_zone,severe,23020,v2_no_jacobian,False,False,0.0,0.6394214500651698,0.6394214500651698,0.48720318514158445,720,135,0,True,stage_timeout,2ebd5a46a509772b,0.7335815620374975,0.28111581636764155,146.6863291932112,0,0,0,0,False,False,0,0,0,0,0.0,0.0,0,0.0,0.0,nan,nan
arm5_posture_shifted,push_to_zone,severe,23021,v2_no_jacobian,False,False,0.0,0.565046781935052,0.565046781935052,0.4700725663196266,720,135,0,True,stage_timeout,2ebd5a46a509772b,0.7656033453388589,0.2863078723102773,149.8819846336902,0,0,0,0,False,False,0,0,0,0,0.0,0.0,0,0.0,0.0,nan,nan
arm5_posture_shifted,push_to_zone,severe,23022,v2_no_jacobian,False,False,0.0,0.2775020521765382,0.2775020521765382,0.1288279118378515,720,135,0,True,stage_timeout,2ebd5a46a509772b,0.7430037893366777,0.28415169597499873,149.63071005729506,0,0,0,0,False,False,0,0,0,0,0.0,0.0,0,0.0,0.0,nan,nan
arm5_posture_shifted,push_to_zone,severe,23023,v2_no_jacobian,False,False,0.0,0.6892412565492039,0.6892412565492039,0.5555652871822032,720,135,0,True,stage_timeout,2ebd5a46a509772b,0.834068978549785,0.28576875949072866,151.77677038208472,0,0,0,0,False,False,0,0,0,0,0.0,0.0,0,0.0,0.0,nan,nan
arm5_posture_shifted,push_to_zone,severe,23024,v2_no_jacobian,False,False,0.0,0.27306308168257404,0.27306308168257404,0.14078859010767553,720,135,0,True,stage_timeout,2ebd5a46a509772b,0.7589161786390886,0.2837331971148337,147.43527361592947,0,0,0,0,False,False,0,0,0,0,0.0,0.0,0,0.0,0.0,nan,nan
