body,task,disturbance,seed,controller,success,workflow_completed,stage_pass_rate,final_relation_error,final_object_error,final_object_speed,deadline_steps,steps_used,recoveries,localized_failure,exception_type,contract_hash,min_joint_limit_margin,final_min_jacobian_singular_value,energy,reflex_steps,predictive_checks,predictive_rejections,predictive_accepts,push_stage_reached,push_stage_sensed_stable,observer_checks,observer_rejections,observer_accepts,push_steps,push_torque_saturation_fraction,push_contact_fraction,push_contact_losses,push_progress,push_mean_tangent_force,push_min_jacobian_singular_value,push_min_joint_limit_margin,condition,first_failed_stage,safe
arm5_reference,push_to_zone,delay_0_noise_0,27001,capability_compiled,False,False,0.6666666666666666,0.03417870742205137,0.03417870742205137,0.21023228021439636,720,500,0,True,stage_timeout,2ebd5a46a509772b,0.5617337876269692,0.21668211723019157,19.58518908661833,0,0,0,0,True,True,36,7,29,330,0.0,0.8878787878787879,28,0.19901843402331063,0.6792763278574878,0.21711702121415583,0.5622330069273485,delay_0_noise_0,push,True
arm5_reference,push_to_zone,delay_0_noise_0,27002,capability_compiled,True,True,1.0,0.007664208555541647,0.007664208555541647,0.00157409886390066,720,720,0,False,,2ebd5a46a509772b,0.5708152895264873,0.2099344610732392,18.785668722394522,0,0,0,0,True,True,28,4,24,330,0.0,0.9121212121212121,18,0.194579971794346,0.6507820522710015,0.20031053437007657,0.4401724408304175,delay_0_noise_0,,True
arm5_reference,push_to_zone,delay_0_noise_0,27003,capability_compiled,False,False,0.6666666666666666,0.026620099802471892,0.026620099802471892,0.13449103361020126,720,483,0,True,stage_timeout,2ebd5a46a509772b,0.5767848505228841,0.21421836857180193,17.800810311196358,0,0,0,0,True,True,29,5,24,330,0.0,0.8757575757575757,30,0.18229051563383372,0.71089607743418,0.21437779703096355,0.5252030162041992,delay_0_noise_0,push,True
arm5_reference,push_to_zone,delay_0_noise_0,27004,capability_compiled,False,False,0.6666666666666666,0.02042178682165896,0.02042178682165896,0.08566826352153106,720,489,0,True,stage_timeout,2ebd5a46a509772b,0.48799931301073807,0.20105866292903588,17.808617349875846,0,0,0,0,True,True,34,7,27,330,0.0,0.9212121212121213,20,0.1928222730632539,0.6830394118278357,0.2011227930976368,0.47151015414825226,delay_0_noise_0,push,True
arm5_reference,push_to_zone,delay_0_noise_0,27005,capability_compiled,False,False,0.6666666666666666,0.07103509201587792,0.07103509201587792,0.04686432320056225,720,494,0,True,stage_timeout,2ebd5a46a509772b,0.3686055749326327,0.194556402496814,16.33394818208995,0,0,0,0,True,False,31,7,24,330,0.0,0.9515151515151515,9,0.14061673823979404,0.5434285359882176,0.19460866553935904,0.3496016251215006,delay_0_noise_0,push,True
arm5_reference,push_to_zone,delay_0_noise_0,27006,capability_compiled,True,True,1.0,0.01011778485693443,0.01011778485693443,0.0013333532736780034,720,720,0,False,,2ebd5a46a509772b,0.6651299051384338,0.21886330931076067,20.025663226466342,0,0,0,0,True,True,25,4,21,321,0.0,0.8878504672897196,24,0.20171110067676265,0.6903929916206274,0.208339507985822,0.5178205442450259,delay_0_noise_0,,True
arm5_reference,push_to_zone,delay_0_noise_0,27007,capability_compiled,False,False,0.6666666666666666,0.01994366711161974,0.01994366711161974,0.04271987830460264,720,492,0,True,stage_timeout,2ebd5a46a509772b,0.5040507643453687,0.20320409672525047,17.696732959198897,0,0,0,0,True,True,32,5,27,330,0.0,0.9121212121212121,18,0.1938437130688641,0.6189030715549049,0.20326615611762264,0.44116353501935723,delay_0_noise_0,push,True
arm5_reference,push_to_zone,delay_0_noise_0,27008,capability_compiled,True,True,1.0,0.010329034004463946,0.010329034004463946,0.0014533695668279133,720,720,0,False,,2ebd5a46a509772b,0.6074030170143199,0.21592730594796808,18.93964479914138,0,0,0,0,True,True,31,5,26,322,0.0,0.8788819875776398,28,0.1965429078424062,0.6917119065403943,0.20908155449536348,0.5192452809918682,delay_0_noise_0,,True
arm5_reference,push_to_zone,delay_0_noise_0,27009,capability_compiled,True,True,1.0,0.01821345640523587,0.01821345640523587,0.0011059983524942336,720,720,0,False,,2ebd5a46a509772b,0.7285525651451428,0.23031975949953135,18.343547146766614,0,0,0,0,True,True,33,6,27,291,0.0,0.8865979381443299,22,0.18405951378714383,0.695313521202244,0.22116257791342786,0.5444586073004452,delay_0_noise_0,,True
arm5_reference,push_to_zone,delay_0_noise_0,27010,capability_compiled,True,True,1.0,0.010661145053819954,0.010661145053819954,0.0013235728802569486,720,720,0,False,,2ebd5a46a509772b,0.6351180570996946,0.2171284925095536,18.175077400037864,0,0,0,0,True,True,30,6,24,312,0.0,0.9134615384615384,18,0.1879560167365868,0.6352535049605215,0.2061382308272737,0.47492963788379594,delay_0_noise_0,,True
arm5_reference,push_to_zone,delay_0_noise_0,27011,capability_compiled,True,True,1.0,0.006845397764351422,0.006845397764351422,0.0011867966300684169,720,720,0,False,,2ebd5a46a509772b,0.630059995375365,0.21739692725218426,18.01929973226777,0,0,0,0,True,True,25,4,21,308,0.0,0.9155844155844156,18,0.1983574262583644,0.6774511475592896,0.2096630244884683,0.5354802341127027,delay_0_noise_0,,True
arm5_reference,push_to_zone,delay_0_noise_0,27012,capability_compiled,True,True,1.0,0.020882343222097602,0.020882343222097602,0.0011930901511174904,720,720,0,False,,2ebd5a46a509772b,0.6763334245808839,0.22499860979501976,19.184575608101685,0,0,0,0,True,True,31,6,25,300,0.0,0.8466666666666667,32,0.18970277513237277,0.7241092720175389,0.21825963133402052,0.5696404829435338,delay_0_noise_0,,True
arm5_reference,push_to_zone,delay_0_noise_0,27013,capability_compiled,True,True,1.0,0.013510294892305342,0.013510294892305342,0.0015252446762855738,720,720,0,False,,2ebd5a46a509772b,0.5405774457700465,0.20775959255111368,18.708964566320383,0,0,0,0,True,True,34,5,29,321,0.0,0.9003115264797508,18,0.18695800628400208,0.6468257527292487,0.19854937807555711,0.42238462680380984,delay_0_noise_0,,True
arm5_reference,push_to_zone,delay_0_noise_0,27014,capability_compiled,True,True,1.0,0.014215142335951605,0.014215142335951605,0.0011964206296720462,720,720,0,False,,2ebd5a46a509772b,0.7091930541847042,0.22803390877287108,18.466363889185146,0,0,0,0,True,True,34,6,28,301,0.0,0.8438538205980066,30,0.1934660555123021,0.7225787754951641,0.21999887686900282,0.5631003287287415,delay_0_noise_0,,True
arm5_reference,push_to_zone,delay_0_noise_0,27015,capability_compiled,False,False,0.6666666666666666,0.019339844669451194,0.019339844669451194,0.006868731748349636,720,492,0,True,stage_timeout,2ebd5a46a509772b,0.46958222261385574,0.19858489880246633,17.673305498684584,0,0,0,0,True,True,38,7,31,330,0.0,0.8909090909090909,23,0.1865088101928257,0.6200767091276589,0.19864406838309678,0.4545180575838148,delay_0_noise_0,push,True
arm5_reference,push_to_zone,delay_0_noise_0,27016,capability_compiled,False,False,0.6666666666666666,0.02705351096869545,0.02705351096869545,0.06519824035769517,720,487,0,True,stage_timeout,2ebd5a46a509772b,0.6153597187148159,0.21642494039643198,18.732329448041494,0,0,0,0,True,True,37,7,30,330,0.0,0.8848484848484849,28,0.18091685805333474,0.6577315550200875,0.21614542995326078,0.5443228650259657,delay_0_noise_0,push,True
arm5_reference,push_to_zone,delay_0_noise_0,27017,capability_compiled,False,False,0.6666666666666666,0.02068596409693388,0.02068596409693388,0.09624399716631717,720,487,0,True,stage_timeout,2ebd5a46a509772b,0.57451163103637,0.21070650983818412,18.584866983378436,0,0,0,0,True,True,31,6,25,330,0.0,0.896969696969697,28,0.19701741511609616,0.6805082027261493,0.21071416202598459,0.551562464334002,delay_0_noise_0,push,True
arm5_reference,push_to_zone,delay_0_noise_0,27018,capability_compiled,False,False,0.6666666666666666,0.029254987900321116,0.029254987900321116,0.11785256298504285,720,482,0,True,stage_timeout,2ebd5a46a509772b,0.5066764881787233,0.20598777639495103,18.22514804720845,0,0,0,0,True,True,28,6,22,330,0.0,0.8787878787878788,28,0.1840607022474571,0.6467864302905951,0.20608103906558636,0.4878458852446612,delay_0_noise_0,push,True
arm5_reference,push_to_zone,delay_0_noise_0,27019,capability_compiled,True,True,1.0,0.019573087719849985,0.019573087719849985,0.0013532295571062466,720,720,0,False,,2ebd5a46a509772b,0.6214399018845511,0.2160192661275745,18.69757354202099,0,0,0,0,True,True,35,7,28,312,0.0,0.9038461538461539,21,0.18806993422534624,0.6660402461320912,0.2072499842574322,0.5025303110231287,delay_0_noise_0,,True
arm5_reference,push_to_zone,delay_0_noise_0,27020,capability_compiled,True,True,1.0,0.01923336155322965,0.01923336155322965,0.0012295264264579988,720,720,0,False,,2ebd5a46a509772b,0.6728758528128331,0.2206505580466458,19.164070349240966,0,0,0,0,True,True,31,6,25,303,0.0,0.8811881188118812,23,0.1861115335211075,0.6832974791135777,0.21010593462303062,0.5104703657956589,delay_0_noise_0,,True
arm5_reference,push_to_zone,delay_0_noise_0,27021,capability_compiled,True,True,1.0,0.011266786799871826,0.011266786799871826,0.0010740981094672366,720,720,0,False,,2ebd5a46a509772b,0.6100602077697124,0.2163353062559197,19.09797353278386,0,0,0,0,True,True,31,5,26,290,0.0,0.8862068965517241,23,0.18535408205451323,0.6789233079669708,0.20745617303742675,0.47011248065035804,delay_0_noise_0,,True
arm5_reference,push_to_zone,delay_0_noise_0,27022,capability_compiled,True,True,1.0,0.013624692437923584,0.013624692437923584,0.0011311523776866852,720,720,0,False,,2ebd5a46a509772b,0.6865568658957226,0.22596352511398388,19.698258321387517,0,0,0,0,True,True,25,4,21,304,0.0,0.8421052631578947,32,0.197515658612415,0.7261706488716193,0.21934546889565243,0.5746656055872164,delay_0_noise_0,,True
arm5_reference,push_to_zone,delay_0_noise_0,27023,capability_compiled,True,True,1.0,0.013605123023857489,0.013605123023857489,0.0013435783361130185,720,720,0,False,,2ebd5a46a509772b,0.617953205017832,0.21664861558704862,18.44670722765792,0,0,0,0,True,True,29,5,24,309,0.0,0.8737864077669902,29,0.19284998937367656,0.6503828107760563,0.2079655628678005,0.50359551584642,delay_0_noise_0,,True
arm5_reference,push_to_zone,delay_0_noise_0,27024,capability_compiled,False,False,0.6666666666666666,0.09753399086856053,0.09753399086856053,0.026530314196305665,720,483,0,True,stage_timeout,2ebd5a46a509772b,0.3009855743776577,0.1884459291992211,16.269347298395225,0,0,0,0,True,False,37,8,29,330,0.0,0.9696969696969697,8,0.10051219772091764,0.4940376731577034,0.1885134217393386,0.28571362841138015,delay_0_noise_0,push,True
arm5_distal_heavy,push_to_zone,delay_0_noise_0,27001,capability_compiled,False,False,0.6666666666666666,0.0693830442135404,0.0693830442135404,0.06880226220337132,720,504,0,True,stage_timeout,2ebd5a46a509772b,0.6684300149580582,0.23977461725374866,23.917835717582932,0,0,0,0,True,False,39,7,32,330,0.0,0.8757575757575757,35,0.18539130512313778,0.7542022482932246,0.23991171737329034,0.6685907805593123,delay_0_noise_0,push,True
arm5_distal_heavy,push_to_zone,delay_0_noise_0,27002,capability_compiled,True,True,1.0,0.02335432678211983,0.02335432678211983,0.0013213712314283203,720,720,0,False,,2ebd5a46a509772b,0.6382901245626766,0.22102312040532884,24.055706003398335,0,0,0,0,True,True,35,6,29,320,0.0,0.8875,27,0.17938919648575666,0.6865285735846636,0.2132448098629028,0.5276086897420935,delay_0_noise_0,,True
arm5_distal_heavy,push_to_zone,delay_0_noise_0,27003,capability_compiled,True,True,1.0,0.020761836839572997,0.020761836839572997,0.0011112840648916241,720,720,0,False,,2ebd5a46a509772b,0.7643599615387049,0.23393220167121453,23.085972756875023,0,0,0,0,True,True,34,5,29,291,0.0,0.8625429553264605,28,0.18081367129706055,0.7480572179651188,0.22588389788616725,0.5978530201622991,delay_0_noise_0,,True
arm5_distal_heavy,push_to_zone,delay_0_noise_0,27004,capability_compiled,False,False,0.6666666666666666,0.026802187548905263,0.026802187548905263,0.111405244920829,720,495,0,True,stage_timeout,2ebd5a46a509772b,0.5675149490751914,0.21653016117217055,23.475920167993458,0,0,0,0,True,True,32,5,27,330,0.0,0.8454545454545455,35,0.2035269436409164,0.6623208010066373,0.21687052109552288,0.5671052401093055,delay_0_noise_0,push,True
arm5_distal_heavy,push_to_zone,delay_0_noise_0,27005,capability_compiled,False,False,0.6666666666666666,0.0371997413142069,0.0371997413142069,0.1583340679700362,720,484,0,True,stage_timeout,2ebd5a46a509772b,0.4433405454514623,0.20037353643295375,22.42001171631543,0,0,0,0,True,True,28,5,23,330,0.0,0.9303030303030303,15,0.17060641318926725,0.6320208333373687,0.20069079143545349,0.43239428676336233,delay_0_noise_0,push,True
arm5_distal_heavy,push_to_zone,delay_0_noise_0,27006,capability_compiled,False,False,0.6666666666666666,0.050708959658396766,0.050708959658396766,0.2946668814190752,720,505,0,True,stage_timeout,2ebd5a46a509772b,0.6333037351823703,0.22838426432224018,26.35758984255593,0,0,0,0,True,False,37,6,31,330,0.0,0.8818181818181818,31,0.18656638040093504,0.7295337473641523,0.22892428333742063,0.6343353814211778,delay_0_noise_0,push,True
arm5_distal_heavy,push_to_zone,delay_0_noise_0,27007,capability_compiled,False,False,0.6666666666666666,0.03681055363821309,0.03681055363821309,0.1597683192174618,720,497,0,True,stage_timeout,2ebd5a46a509772b,0.5565533149276152,0.21657319927463176,22.860522313146944,0,0,0,0,True,True,36,6,30,330,0.0,0.8757575757575757,34,0.1830819391920964,0.6919173980344674,0.21698429355897808,0.5268494047115029,delay_0_noise_0,push,True
arm5_distal_heavy,push_to_zone,delay_0_noise_0,27008,capability_compiled,False,False,0.6666666666666666,0.01951142283215298,0.01951142283215298,0.07869954794460153,720,499,0,True,stage_timeout,2ebd5a46a509772b,0.6111179912008704,0.22084371509621917,23.91111957925165,0,0,0,0,True,True,39,8,31,330,0.0,0.8484848484848485,38,0.20441278539639862,0.6871885985646733,0.22087439434756348,0.6008379468243055,delay_0_noise_0,push,True
arm5_distal_heavy,push_to_zone,delay_0_noise_0,27009,capability_compiled,True,True,1.0,0.02053959988032625,0.02053959988032625,0.0010254104060763891,720,720,0,False,,2ebd5a46a509772b,0.7955235150340005,0.24000575039745492,24.42638807448968,0,0,0,0,True,True,31,6,25,298,0.0,0.8624161073825504,31,0.18022213076872004,0.7368209056349979,0.2339331279774548,0.6415208372206869,delay_0_noise_0,,True
arm5_distal_heavy,push_to_zone,delay_0_noise_0,27010,capability_compiled,True,True,1.0,0.009583973028315687,0.009583973028315687,0.001086618312488589,720,720,0,False,,2ebd5a46a509772b,0.703398890302767,0.22788024993499395,23.836280429666886,0,0,0,0,True,True,28,5,23,299,0.0,0.8762541806020067,24,0.1912115656849389,0.6996534888167049,0.2193818653126218,0.5615339083589861,delay_0_noise_0,,True
arm5_distal_heavy,push_to_zone,delay_0_noise_0,27011,capability_compiled,True,True,1.0,0.01773796049317622,0.01773796049317622,0.0012199944792160675,720,720,0,False,,2ebd5a46a509772b,0.6717899235591331,0.2238175410923186,21.734279202470994,0,0,0,0,True,True,32,6,26,309,0.0,0.883495145631068,29,0.18551193049069736,0.779397348023333,0.21823794008310368,0.6006277171743952,delay_0_noise_0,,True
arm5_distal_heavy,push_to_zone,delay_0_noise_0,27012,capability_compiled,True,True,1.0,0.013375117648709908,0.013375117648709908,0.0009968021926690129,720,720,0,False,,2ebd5a46a509772b,0.7697270958548073,0.23925744079903669,26.657775459224695,0,0,0,0,True,True,29,5,24,304,0.0,0.8355263157894737,31,0.20654102904888286,0.8130898234398185,0.23598122550161366,0.6757191777391145,delay_0_noise_0,,True
arm5_distal_heavy,push_to_zone,delay_0_noise_0,27013,capability_compiled,True,True,1.0,0.023428773617817648,0.023428773617817648,0.0010704767375796743,720,720,0,False,,2ebd5a46a509772b,0.6346956334959324,0.22354893224610556,24.506535874022955,0,0,0,0,True,True,29,5,24,296,0.0,0.8344594594594594,33,0.17403474862143126,0.7240359508306033,0.2171446398143605,0.5201638047760335,delay_0_noise_0,,True
arm5_distal_heavy,push_to_zone,delay_0_noise_0,27014,capability_compiled,True,True,1.0,0.015044874928566064,0.015044874928566064,0.0008908659550811754,720,720,0,False,,2ebd5a46a509772b,0.7890120489818737,0.23972843428449386,23.954189371846905,0,0,0,0,True,True,30,5,25,280,0.0,0.8357142857142857,31,0.18563735653599875,0.7950222898473427,0.23413118452732531,0.6483672226229062,delay_0_noise_0,,True
arm5_distal_heavy,push_to_zone,delay_0_noise_0,27015,capability_compiled,True,True,1.0,0.014605244825699857,0.014605244825699857,0.001111525781151163,720,720,0,False,,2ebd5a46a509772b,0.6521575996761309,0.22249493902781706,23.418446292807207,0,0,0,0,True,True,32,5,27,306,0.0,0.8986928104575164,22,0.18312570776687062,0.7436100278194757,0.21492828813275622,0.5350760619556216,delay_0_noise_0,,True
arm5_distal_heavy,push_to_zone,delay_0_noise_0,27016,capability_compiled,True,True,1.0,0.020707091803356028,0.020707091803356028,0.0009568813696817425,720,720,0,False,,2ebd5a46a509772b,0.8083308374164333,0.24089483709429899,26.94422357783923,0,0,0,0,True,True,35,6,29,290,0.0,0.8448275862068966,36,0.18337890816349497,0.8210427786952168,0.23538745605932423,0.6647751819872378,delay_0_noise_0,,True
arm5_distal_heavy,push_to_zone,delay_0_noise_0,27017,capability_compiled,False,False,0.6666666666666666,0.02011904903570146,0.02011904903570146,0.14853870556021612,720,491,0,True,stage_timeout,2ebd5a46a509772b,0.6715412862775123,0.22684762300526928,25.160517157121323,0,0,0,0,True,True,28,5,23,330,0.0,0.8303030303030303,36,0.21482181206657175,0.7485115258164475,0.22703579189967218,0.6638543780850359,delay_0_noise_0,push,True
arm5_distal_heavy,push_to_zone,delay_0_noise_0,27018,capability_compiled,False,False,0.6666666666666666,0.03437144686791677,0.03437144686791677,0.2733485220478996,720,501,0,True,stage_timeout,2ebd5a46a509772b,0.6129629332624353,0.22553518405161713,25.65275321071947,0,0,0,0,True,False,36,6,30,330,0.0,0.8606060606060606,33,0.19543767274827648,0.7374499237630336,0.22600992383508944,0.604163266691887,delay_0_noise_0,push,True
arm5_distal_heavy,push_to_zone,delay_0_noise_0,27019,capability_compiled,True,True,1.0,0.0076764898909459514,0.0076764898909459514,0.0010064711961216637,720,720,0,False,,2ebd5a46a509772b,0.7107287677596879,0.23031338630416365,24.4743474044897,0,0,0,0,True,True,29,5,24,299,0.0,0.8662207357859532,30,0.194478188409779,0.7376198693830197,0.22418193445239792,0.6032732343043454,delay_0_noise_0,,True
arm5_distal_heavy,push_to_zone,delay_0_noise_0,27020,capability_compiled,True,True,1.0,0.020517935421055816,0.020517935421055816,0.0010960759829127277,720,720,0,False,,2ebd5a46a509772b,0.7490891904053392,0.2323337458228699,25.80500899552942,0,0,0,0,True,True,31,5,26,303,0.0,0.8448844884488449,28,0.18135271170131056,0.783741376984212,0.2254811644700832,0.6188717107671455,delay_0_noise_0,,True
arm5_distal_heavy,push_to_zone,delay_0_noise_0,27021,capability_compiled,True,True,1.0,0.017294040982871656,0.017294040982871656,0.0007415604571851418,720,720,0,False,,2ebd5a46a509772b,0.7023977009682478,0.23122453435481974,25.64997301399997,0,0,0,0,True,True,27,4,23,256,0.0,0.82421875,28,0.17632301069543657,0.7242109684275922,0.22530827142628956,0.5836725980566135,delay_0_noise_0,,True
arm5_distal_heavy,push_to_zone,delay_0_noise_0,27022,capability_compiled,True,True,1.0,0.015565840859287678,0.015565840859287678,0.0010623027650366497,720,720,0,False,,2ebd5a46a509772b,0.7672436104653242,0.2380013177075471,26.622474346575192,0,0,0,0,True,True,38,7,31,304,0.0,0.8552631578947368,30,0.20286401537746482,0.7803249879942339,0.23447221718099304,0.6789786275432723,delay_0_noise_0,,True
arm5_distal_heavy,push_to_zone,delay_0_noise_0,27023,capability_compiled,True,True,1.0,0.01813913150932156,0.01813913150932156,0.0010812145177619688,720,720,0,False,,2ebd5a46a509772b,0.691646470517433,0.2282999794521001,23.929052871534996,0,0,0,0,True,True,34,7,27,301,0.0,0.8903654485049833,27,0.1875140691481062,0.7613093623280117,0.22232156576039663,0.5841294530612915,delay_0_noise_0,,True
arm5_distal_heavy,push_to_zone,delay_0_noise_0,27024,capability_compiled,False,False,0.6666666666666666,0.06827773698701656,0.06827773698701656,0.022488349522928917,720,483,0,True,stage_timeout,2ebd5a46a509772b,0.44895561467932454,0.20685231495605022,22.862300111708386,0,0,0,0,True,False,31,6,25,330,0.0,0.9515151515151515,9,0.13187648247287498,0.5589750779700865,0.20689272836908532,0.41149259873867283,delay_0_noise_0,push,True
arm5_weak_actuator,push_to_zone,delay_0_noise_0,27001,capability_compiled,False,False,0.6666666666666666,0.1450483307177152,0.1450483307177152,0.01583626990842292,720,504,0,True,stage_timeout,2ebd5a46a509772b,0.27426038092499727,0.1936232764827657,19.342274564539494,0,0,0,0,True,False,36,7,29,330,0.0,0.9636363636363636,9,0.07610483867442883,0.4482782110010893,0.19373707244663044,0.2746240894332814,delay_0_noise_0,push,True
arm5_weak_actuator,push_to_zone,delay_0_noise_0,27002,capability_compiled,False,False,0.6666666666666666,0.12579126724674072,0.12579126724674072,0.01219557033479917,720,490,0,True,stage_timeout,2ebd5a46a509772b,0.1515137995612359,0.17351768474753468,17.566223665226424,0,0,0,0,True,False,36,9,27,330,0.0,0.9727272727272728,8,0.07075371568100888,0.35759578447167034,0.17361926721187,0.15176382839348745,delay_0_noise_0,push,True
arm5_weak_actuator,push_to_zone,delay_0_noise_0,27003,capability_compiled,False,False,0.6666666666666666,0.12023688561563657,0.12023688561563657,0.029857416604598164,720,486,0,True,stage_timeout,2ebd5a46a509772b,0.3175967779494946,0.19494262846695795,16.956956052004795,0,0,0,0,True,False,34,7,27,330,0.0,0.9696969696969697,9,0.08024214491264663,0.43116649004131624,0.19502955911421752,0.30605122615700653,delay_0_noise_0,push,True
arm5_weak_actuator,push_to_zone,delay_0_noise_0,27004,capability_compiled,False,False,0.6666666666666666,0.1204197509502401,0.1204197509502401,0.012915855346481354,720,480,0,True,stage_timeout,2ebd5a46a509772b,0.23180430040684818,0.1827203384065637,17.343333483223546,0,0,0,0,True,False,32,6,26,330,0.0,0.9696969696969697,7,0.07575376434338812,0.401007363640059,0.18280155880975688,0.23198363184957405,delay_0_noise_0,push,True
arm5_weak_actuator,push_to_zone,delay_0_noise_0,27005,capability_compiled,False,False,0.6666666666666666,0.12856477902562718,0.12856477902562718,0.009979275148348283,720,481,0,True,stage_timeout,2ebd5a46a509772b,0.05392580748237874,0.15808218256835518,16.3843649383377,0,0,0,0,True,False,36,9,27,330,0.0,0.9757575757575757,6,0.06389235789580733,0.33020247571132955,0.1581880617771497,0.05419793462846245,delay_0_noise_0,push,True
arm5_weak_actuator,push_to_zone,delay_0_noise_0,27006,capability_compiled,False,False,0.6666666666666666,0.13098192095306763,0.13098192095306763,0.012908276588537842,720,490,0,True,stage_timeout,2ebd5a46a509772b,0.24145872333965412,0.1829519649431028,19.525360286615985,0,0,0,0,True,False,32,7,25,330,0.0,0.9696969696969697,9,0.07049371627803963,0.3894716290634279,0.18304336625592746,0.24164704200724874,delay_0_noise_0,push,True
arm5_weak_actuator,push_to_zone,delay_0_noise_0,27007,capability_compiled,False,False,0.6666666666666666,0.13661974612361244,0.13661974612361244,0.013106734675544065,720,493,0,True,stage_timeout,2ebd5a46a509772b,0.2251312234317142,0.18466730094064238,16.840054992491932,0,0,0,0,True,False,32,8,24,330,0.0,0.9696969696969697,7,0.06558074124139701,0.39076472248346655,0.18475031191119184,0.22527459085503798,delay_0_noise_0,push,True
arm5_weak_actuator,push_to_zone,delay_0_noise_0,27008,capability_compiled,False,False,0.6666666666666666,0.12346485143005818,0.12346485143005818,0.013228928697358401,720,490,0,True,stage_timeout,2ebd5a46a509772b,0.26154252016374757,0.189935172225619,17.95685598682518,0,0,0,0,True,False,35,7,28,330,0.0,0.9696969696969697,10,0.07803125317445213,0.44731017729392425,0.1900273136760569,0.2617975795025771,delay_0_noise_0,push,True
arm5_weak_actuator,push_to_zone,delay_0_noise_0,27009,capability_compiled,False,False,0.6666666666666666,0.08781336368096042,0.08781336368096042,0.015304234574272954,720,463,0,True,stage_timeout,2ebd5a46a509772b,0.3820463121915596,0.2006931100389301,17.880490877136438,0,0,0,0,True,False,26,4,22,330,0.0,0.9606060606060606,10,0.0990550139906675,0.4690053738119645,0.20072157800074553,0.3044009607192901,delay_0_noise_0,push,True
arm5_weak_actuator,push_to_zone,delay_0_noise_0,27010,capability_compiled,False,False,0.6666666666666666,0.10995423310385562,0.10995423310385562,0.013973679890064103,720,469,0,True,stage_timeout,2ebd5a46a509772b,0.25502408246604436,0.18352290896163012,16.910989369925733,0,0,0,0,True,False,25,4,21,330,0.0,0.9606060606060606,8,0.0791774690242779,0.4382645393383299,0.18359127961555866,0.24828192778213642,delay_0_noise_0,push,True
arm5_weak_actuator,push_to_zone,delay_0_noise_0,27011,capability_compiled,False,False,0.6666666666666666,0.12239146720761608,0.12239146720761608,0.01362860683146316,720,488,0,True,stage_timeout,2ebd5a46a509772b,0.30374780006870816,0.192116358868385,16.439222779801224,0,0,0,0,True,False,35,6,29,330,0.0,0.9727272727272728,9,0.07833175168043686,0.4533985409335442,0.1922082777455711,0.3040082422778454,delay_0_noise_0,push,True
arm5_weak_actuator,push_to_zone,delay_0_noise_0,27012,capability_compiled,False,False,0.6666666666666666,0.09669912670720639,0.09669912670720639,0.010994345892613746,720,473,0,True,stage_timeout,2ebd5a46a509772b,0.3466420100653438,0.19687228512324184,18.606511488871444,0,0,0,0,True,False,32,6,26,330,0.0,0.9696969696969697,8,0.09036147558427378,0.4731777763846229,0.19694246962559436,0.32603516730579285,delay_0_noise_0,push,True
arm5_weak_actuator,push_to_zone,delay_0_noise_0,27013,capability_compiled,False,False,0.6666666666666666,0.10908905168661388,0.10908905168661388,0.01220545683478824,720,476,0,True,stage_timeout,2ebd5a46a509772b,0.1600081221581111,0.17424943648080868,17.78606353939627,0,0,0,0,True,False,32,7,25,330,0.0,0.9666666666666667,7,0.07801157026710807,0.38584634364470227,0.17434285171582575,0.16017780158597272,delay_0_noise_0,push,True
arm5_weak_actuator,push_to_zone,delay_0_noise_0,27014,capability_compiled,False,False,0.6666666666666666,0.10216895066634767,0.10216895066634767,0.014975940959295891,720,468,0,True,stage_timeout,2ebd5a46a509772b,0.3648816454156969,0.2004831141905706,17.509903339200942,0,0,0,0,True,False,25,3,22,330,0.0,0.9606060606060606,9,0.09267515740806055,0.4716223908668141,0.20053794528684551,0.3426290161595098,delay_0_noise_0,push,True
arm5_weak_actuator,push_to_zone,delay_0_noise_0,27015,capability_compiled,False,False,0.6666666666666666,0.10975428255620163,0.10975428255620163,0.012591744438453139,720,476,0,True,stage_timeout,2ebd5a46a509772b,0.21563072361621805,0.17859545870570862,16.852200995721926,0,0,0,0,True,False,31,6,25,330,0.0,0.9727272727272728,8,0.07829507517770488,0.37683754107802975,0.17868371435682853,0.2157950830622224,delay_0_noise_0,push,True
arm5_weak_actuator,push_to_zone,delay_0_noise_0,27016,capability_compiled,False,False,0.6666666666666666,0.09453167599507185,0.09453167599507185,0.013872171853386428,720,476,0,True,stage_timeout,2ebd5a46a509772b,0.3570731935565705,0.19610386312030592,19.06206122163644,0,0,0,0,True,False,36,6,30,330,0.0,0.9696969696969697,9,0.0914756179144376,0.4785465123258829,0.1961402815619851,0.2919400959746614,delay_0_noise_0,push,True
arm5_weak_actuator,push_to_zone,delay_0_noise_0,27017,capability_compiled,False,False,0.6666666666666666,0.13320230677704895,0.13320230677704895,0.013491836207180984,720,491,0,True,stage_timeout,2ebd5a46a509772b,0.3006709520515196,0.19276161267234337,18.65649523949298,0,0,0,0,True,False,30,5,25,330,0.0,0.9484848484848485,9,0.07429955537558386,0.42483638535476337,0.19284166896475338,0.30086621232195876,delay_0_noise_0,push,True
arm5_weak_actuator,push_to_zone,delay_0_noise_0,27018,capability_compiled,False,False,0.6666666666666666,0.1282407942810516,0.1282407942810516,0.012821028699121679,720,493,0,True,stage_timeout,2ebd5a46a509772b,0.2233059516984981,0.18379010721492256,18.43810659262799,0,0,0,0,True,False,37,7,30,330,0.0,0.9727272727272728,8,0.07359100530560381,0.408837328097119,0.183882109321007,0.2234953930292396,delay_0_noise_0,push,True
arm5_weak_actuator,push_to_zone,delay_0_noise_0,27019,capability_compiled,False,False,0.6666666666666666,0.10701124874488456,0.10701124874488456,0.013589130473427465,720,474,0,True,stage_timeout,2ebd5a46a509772b,0.2688834403993634,0.18635466146208418,17.925086478858695,0,0,0,0,True,False,31,6,25,330,0.0,0.9545454545454546,9,0.08179866326227957,0.4395634817182415,0.18642435208088468,0.2689999940919994,delay_0_noise_0,push,True
arm5_weak_actuator,push_to_zone,delay_0_noise_0,27020,capability_compiled,False,False,0.6666666666666666,0.10167684557132149,0.10167684557132149,0.021715879407532578,720,473,0,True,stage_timeout,2ebd5a46a509772b,0.27372044736308476,0.18305459855871917,18.589138278076145,0,0,0,0,True,False,31,6,25,330,0.0,0.9757575757575757,7,0.08522190466483547,0.4192402088053478,0.18312167030488488,0.25921080689194964,delay_0_noise_0,push,True
arm5_weak_actuator,push_to_zone,delay_0_noise_0,27021,capability_compiled,False,False,0.6666666666666666,0.0953639695223436,0.0953639695223436,0.013139552557760437,720,466,0,True,stage_timeout,2ebd5a46a509772b,0.21964447899988349,0.1772465962151488,18.020977454100464,0,0,0,0,True,False,28,5,23,330,0.0,0.9696969696969697,8,0.09078122095075097,0.3980172205972321,0.17732309380505973,0.2153781204603904,delay_0_noise_0,push,True
arm5_weak_actuator,push_to_zone,delay_0_noise_0,27022,capability_compiled,False,False,0.6666666666666666,0.09610378367718937,0.09610378367718937,0.012885355756525448,720,475,0,True,stage_timeout,2ebd5a46a509772b,0.3436416803136484,0.19564726470261418,19.081451421323372,0,0,0,0,True,False,33,6,27,330,0.0,0.9636363636363636,10,0.09233589637370758,0.4505140343194208,0.19570878989881224,0.31840481534218723,delay_0_noise_0,push,True
arm5_weak_actuator,push_to_zone,delay_0_noise_0,27023,capability_compiled,False,False,0.6666666666666666,0.10745540208691921,0.10745540208691921,0.013027899390509688,720,477,0,True,stage_timeout,2ebd5a46a509772b,0.259765797609417,0.18573121612798651,17.438938558493994,0,0,0,0,True,False,33,7,26,330,0.0,0.9636363636363636,8,0.08113894006078833,0.4568479594290217,0.18581024635797558,0.2598703805058791,delay_0_noise_0,push,True
arm5_weak_actuator,push_to_zone,delay_0_noise_0,27024,capability_compiled,False,False,0.6666666666666666,0.13000301360100186,0.13000301360100186,0.009271960045850031,720,485,0,True,stage_timeout,2ebd5a46a509772b,0.042143265794829965,0.1539262216492139,17.135664324377064,0,0,0,0,True,False,34,9,25,330,0.0,0.9818181818181818,6,0.05882593059026822,0.27228734553869915,0.1540134029138267,0.04228388755286128,delay_0_noise_0,push,True
arm5_posture_shifted,push_to_zone,delay_0_noise_0,27001,capability_compiled,True,True,1.0,0.010520809210128271,0.010520809210128271,0.0011451771379097366,720,720,0,False,,2ebd5a46a509772b,0.6497423950977788,0.22268991174786198,22.59234107716251,0,0,0,0,True,True,28,5,23,314,0.0,0.8471337579617835,30,0.19173862417849272,0.6260116422778476,0.21382663435157642,0.5092917899420519,delay_0_noise_0,,True
arm5_posture_shifted,push_to_zone,delay_0_noise_0,27002,capability_compiled,False,False,0.6666666666666666,0.10062030086529355,0.10062030086529355,0.047944442234309756,720,508,0,True,stage_timeout,2ebd5a46a509772b,0.34787719066908274,0.19945081671495254,17.808174642382035,0,0,0,0,True,False,33,7,26,330,0.0,0.9363636363636364,12,0.1532327567387488,0.557376106959098,0.19953701339846097,0.3432267652503307,delay_0_noise_0,push,True
arm5_posture_shifted,push_to_zone,delay_0_noise_0,27003,capability_compiled,False,False,0.6666666666666666,0.024089404765629135,0.024089404765629135,0.1266723174771207,720,493,0,True,stage_timeout,2ebd5a46a509772b,0.515215557373677,0.20609858463412603,18.47160834819764,0,0,0,0,True,True,35,7,28,330,0.0,0.9181818181818182,16,0.19364586915937868,0.6290671322486932,0.20618038394330448,0.420534160166131,delay_0_noise_0,push,True
arm5_posture_shifted,push_to_zone,delay_0_noise_0,27004,capability_compiled,False,False,0.6666666666666666,0.06474167024350032,0.06474167024350032,0.03633692338474951,720,493,0,True,stage_timeout,2ebd5a46a509772b,0.44186001803869646,0.2051165312179091,17.576380241237043,0,0,0,0,True,False,31,6,25,330,0.0,0.9575757575757575,10,0.15877769170675288,0.568162250656363,0.20514824216615116,0.3918113658934588,delay_0_noise_0,push,True
arm5_posture_shifted,push_to_zone,delay_0_noise_0,27005,capability_compiled,False,False,0.6666666666666666,0.09067514006918116,0.09067514006918116,0.024810471350694443,720,496,0,True,stage_timeout,2ebd5a46a509772b,0.2876357810690773,0.18738966656178208,16.917778138583248,0,0,0,0,True,False,35,9,26,330,0.0,0.9575757575757575,10,0.12498866598565377,0.5175585396631665,0.1874441688552556,0.27700268977534526,delay_0_noise_0,push,True
arm5_posture_shifted,push_to_zone,delay_0_noise_0,27006,capability_compiled,False,False,0.3333333333333333,0.3861957795523733,0.3861957795523733,0.02577355201851182,720,204,0,True,stage_timeout,2ebd5a46a509772b,0.40534828247732335,0.2685449396985141,18.24229390087859,0,0,0,0,False,False,30,8,22,0,0.0,0.0,0,0.0,0.0,nan,nan,delay_0_noise_0,contact,True
arm5_posture_shifted,push_to_zone,delay_0_noise_0,27007,capability_compiled,False,False,0.6666666666666666,0.07575513908677611,0.07575513908677611,0.04654826913688243,720,497,0,True,stage_timeout,2ebd5a46a509772b,0.41453257158929,0.20292932105088998,16.97659880062422,0,0,0,0,True,False,31,7,24,330,0.0,0.9666666666666667,8,0.14796384607282465,0.5691187504134562,0.20296834383683587,0.35788851932063714,delay_0_noise_0,push,True
arm5_posture_shifted,push_to_zone,delay_0_noise_0,27008,capability_compiled,False,False,0.6666666666666666,0.05809090951736567,0.05809090951736567,0.22948346179021206,720,491,0,True,stage_timeout,2ebd5a46a509772b,0.4362233772213684,0.2057870289659393,18.983526752614875,0,0,0,0,True,False,32,6,26,330,0.0,0.9090909090909091,19,0.16391573752615413,0.6335793530275553,0.20622845830120545,0.4160036128433844,delay_0_noise_0,push,True
arm5_posture_shifted,push_to_zone,delay_0_noise_0,27009,capability_compiled,False,False,0.6666666666666666,0.036426445757110786,0.036426445757110786,0.25341960530126006,720,484,0,True,stage_timeout,2ebd5a46a509772b,0.5114484705715467,0.21088351025628033,18.588144226397226,0,0,0,0,True,True,38,7,31,330,0.0,0.9424242424242424,16,0.16659751695478384,0.6094004982089892,0.21122379668095104,0.43502118550711266,delay_0_noise_0,push,True
arm5_posture_shifted,push_to_zone,delay_0_noise_0,27010,capability_compiled,False,False,0.6666666666666666,0.06511721769317694,0.06511721769317694,0.04618640630092909,720,492,0,True,stage_timeout,2ebd5a46a509772b,0.4327281344144067,0.2032647744754512,16.89069165236628,0,0,0,0,True,False,39,8,31,330,0.0,0.9636363636363636,11,0.14405142055096226,0.5647084848841404,0.20330100479889582,0.36856375699312105,delay_0_noise_0,push,True
arm5_posture_shifted,push_to_zone,delay_0_noise_0,27011,capability_compiled,False,False,0.6666666666666666,0.02485657747935195,0.02485657747935195,0.10020327699914798,720,476,0,True,stage_timeout,2ebd5a46a509772b,0.45522479912623215,0.1986913127792365,17.785607651211766,0,0,0,0,True,True,26,4,22,330,0.0,0.896969696969697,20,0.18780033285394498,0.6671969062195152,0.1987345519152134,0.43065270686523993,delay_0_noise_0,push,True
arm5_posture_shifted,push_to_zone,delay_0_noise_0,27012,capability_compiled,False,False,0.6666666666666666,0.09038961095761519,0.09038961095761519,0.0365052599324951,720,512,0,True,stage_timeout,2ebd5a46a509772b,0.424029467053209,0.210434082361641,18.474518192054177,0,0,0,0,True,False,41,8,33,330,0.0,0.9181818181818182,21,0.16822765736871034,0.609091484579408,0.210548012829163,0.4240578301316913,delay_0_noise_0,push,True
arm5_posture_shifted,push_to_zone,delay_0_noise_0,27013,capability_compiled,False,False,0.6666666666666666,0.056790187573551955,0.056790187573551955,0.1718179815067351,720,489,0,True,stage_timeout,2ebd5a46a509772b,0.38240534674138793,0.19942981038523286,18.981062155183544,0,0,0,0,True,False,33,7,26,330,0.0,0.9575757575757575,12,0.15226124501733387,0.5837435013165131,0.1999247657533851,0.33331582223278255,delay_0_noise_0,push,True
arm5_posture_shifted,push_to_zone,delay_0_noise_0,27014,capability_compiled,True,True,1.0,0.009034429213841821,0.009034429213841821,0.0014815768868618859,720,720,0,False,,2ebd5a46a509772b,0.6435150740342452,0.2197740787533522,19.1956721411566,0,0,0,0,True,True,35,6,29,329,0.0,0.8966565349544073,23,0.20124892545118458,0.654226208955219,0.20884145386056316,0.4496555614266957,delay_0_noise_0,,True
arm5_posture_shifted,push_to_zone,delay_0_noise_0,27015,capability_compiled,False,False,0.6666666666666666,0.05670006895612459,0.05670006895612459,0.17191571522253848,720,490,0,True,stage_timeout,2ebd5a46a509772b,0.4118747264622753,0.20038403958975518,18.31545546369709,0,0,0,0,True,False,35,7,28,330,0.0,0.9575757575757575,12,0.15338417057075274,0.5781372289195658,0.2008615702907243,0.36830528833866794,delay_0_noise_0,push,True
arm5_posture_shifted,push_to_zone,delay_0_noise_0,27016,capability_compiled,True,True,1.0,0.01934800079627895,0.01934800079627895,0.0015159516935664373,720,720,0,False,,2ebd5a46a509772b,0.6525736969899678,0.21931579534472156,19.999811612038783,0,0,0,0,True,True,33,6,27,329,0.0,0.8875379939209727,22,0.19334149348281204,0.6916860343068131,0.2076384451747322,0.442211692206389,delay_0_noise_0,,True
arm5_posture_shifted,push_to_zone,delay_0_noise_0,27017,capability_compiled,False,False,0.6666666666666666,0.14085744868174918,0.14085744868174918,0.03908983636555969,720,519,0,True,stage_timeout,2ebd5a46a509772b,0.41391839794049323,0.21372269545578837,19.32911400246818,0,0,0,0,True,False,29,5,24,330,0.0,0.8818181818181818,28,0.17085891206287127,0.6165129578807502,0.2138312740436967,0.4141612591833743,delay_0_noise_0,push,True
arm5_posture_shifted,push_to_zone,delay_0_noise_0,27018,capability_compiled,False,False,0.6666666666666666,0.07653445099091916,0.07653445099091916,0.03662087055815492,720,506,0,True,stage_timeout,2ebd5a46a509772b,0.4443344367444584,0.207758515103924,18.563745171197496,0,0,0,0,True,False,35,8,27,330,0.0,0.9484848484848485,10,0.16313161970273055,0.5913108444154476,0.20779988901673715,0.4155460920620109,delay_0_noise_0,push,True
arm5_posture_shifted,push_to_zone,delay_0_noise_0,27019,capability_compiled,False,False,0.6666666666666666,0.02470734506155721,0.02470734506155721,0.12845039949836842,720,485,0,True,stage_timeout,2ebd5a46a509772b,0.45433099890425543,0.19920726559036592,19.040896590839115,0,0,0,0,True,True,31,6,25,330,0.0,0.9090909090909091,20,0.1864624279913928,0.6536756743819693,0.19928686652907082,0.40436489183432744,delay_0_noise_0,push,True
arm5_posture_shifted,push_to_zone,delay_0_noise_0,27020,capability_compiled,False,False,0.6666666666666666,0.024454176208735436,0.024454176208735436,0.09872053486494742,720,494,0,True,stage_timeout,2ebd5a46a509772b,0.47812144298202286,0.19899347710412552,19.41493279113345,0,0,0,0,True,True,38,7,31,330,0.0,0.9212121212121213,22,0.18386132158293503,0.6321511263753165,0.19898442485682447,0.412585745508967,delay_0_noise_0,push,True
arm5_posture_shifted,push_to_zone,delay_0_noise_0,27021,capability_compiled,False,False,0.6666666666666666,0.018420852781786377,0.018420852781786377,0.05935150110762819,720,490,0,True,stage_timeout,2ebd5a46a509772b,0.43216124476076523,0.19566232117735813,19.47529338415775,0,0,0,0,True,True,38,6,32,330,0.0,0.896969696969697,18,0.1879845796864864,0.6333828172153589,0.19566710250087993,0.38259843809925353,delay_0_noise_0,push,True
arm5_posture_shifted,push_to_zone,delay_0_noise_0,27022,capability_compiled,True,True,1.0,0.014027967189971553,0.014027967189971553,0.0015236374056499524,720,720,0,False,,2ebd5a46a509772b,0.6090601576748673,0.21557736680657855,20.159501877065175,0,0,0,0,True,True,35,7,28,325,0.0,0.8923076923076924,26,0.20224143260920113,0.6727295872084932,0.2057847959834715,0.45086494128121046,delay_0_noise_0,,True
arm5_posture_shifted,push_to_zone,delay_0_noise_0,27023,capability_compiled,False,False,0.6666666666666666,0.0333954268540607,0.0333954268540607,0.06624271496459821,720,476,0,True,stage_timeout,2ebd5a46a509772b,0.4312650712881041,0.1990485394498455,18.315192007533778,0,0,0,0,True,True,28,4,24,330,0.0,0.9181818181818182,17,0.1780401584730526,0.5847934301210802,0.19934778984825136,0.39794798987324365,delay_0_noise_0,push,True
arm5_posture_shifted,push_to_zone,delay_0_noise_0,27024,capability_compiled,False,False,0.6666666666666666,0.09487324628248968,0.09487324628248968,0.04289842566214022,720,502,0,True,stage_timeout,2ebd5a46a509772b,0.28828376314929427,0.18662779471356264,17.593669796011707,0,0,0,0,True,False,38,8,30,330,0.0,0.9636363636363636,9,0.12493433887493478,0.531025535718071,0.18668921028688998,0.25735479224448277,delay_0_noise_0,push,True
arm5_reference,push_to_zone,delay_0_noise_0.0035,27001,capability_compiled,True,True,1.0,0.008273133949389883,0.008273133949389883,0.001093384796951542,720,720,0,False,,2ebd5a46a509772b,0.6486398333083696,0.21986805026274855,21.812702638392214,0,0,0,0,True,True,45,9,36,319,0.0,0.8714733542319749,28,0.21216350498735495,0.7027126239756801,0.21326203374607985,0.5644432466566061,delay_0_noise_0.0035,,True
arm5_reference,push_to_zone,delay_0_noise_0.0035,27002,capability_compiled,True,True,1.0,0.012763531530711027,0.012763531530711027,0.0014709715955344626,720,720,0,False,,2ebd5a46a509772b,0.5720610211064896,0.2098955178574041,19.98243376809313,0,0,0,0,True,True,29,6,23,323,0.0,0.8978328173374613,25,0.1875246953719528,0.6756109939833098,0.19955344104238168,0.4353450157758809,delay_0_noise_0.0035,,True
arm5_reference,push_to_zone,delay_0_noise_0.0035,27003,capability_compiled,False,False,0.6666666666666666,0.024654246866040692,0.024654246866040692,0.05588147959691304,720,486,0,True,stage_timeout,2ebd5a46a509772b,0.5801935654910793,0.21206119945901655,17.905414490800382,0,0,0,0,True,True,33,5,28,330,0.0,0.8909090909090909,22,0.1853959279037997,0.7120814816624467,0.21202068715317188,0.5141181163672175,delay_0_noise_0.0035,push,True
arm5_reference,push_to_zone,delay_0_noise_0.0035,27004,capability_compiled,False,False,0.6666666666666666,0.06140001862314849,0.06140001862314849,0.1654771847791148,720,496,0,True,stage_timeout,2ebd5a46a509772b,0.4467351753333668,0.20510695373685756,18.166433379889938,0,0,0,0,True,False,35,7,28,330,0.0,0.9151515151515152,23,0.15141214194606695,0.6406100865673346,0.205449679222038,0.4471044308217871,delay_0_noise_0.0035,push,True
arm5_reference,push_to_zone,delay_0_noise_0.0035,27005,capability_compiled,False,False,0.6666666666666666,0.0846624479494868,0.0846624479494868,0.024902453220147683,720,490,0,True,stage_timeout,2ebd5a46a509772b,0.3269573232662295,0.1911904626816548,16.99304333555884,0,0,0,0,True,False,31,8,23,330,0.0,0.9606060606060606,12,0.12641034182508962,0.5395259493718074,0.19122694623363878,0.3168458057390726,delay_0_noise_0.0035,push,True
arm5_reference,push_to_zone,delay_0_noise_0.0035,27006,capability_compiled,True,True,1.0,0.012213019922884923,0.012213019922884923,0.0022016483122641274,720,720,0,False,,2ebd5a46a509772b,0.6448064957768955,0.21533434637738902,21.588459640043588,0,0,0,0,True,True,34,7,27,330,0.0,0.8878787878787879,29,0.20002539088729088,0.7130578107161375,0.2051455888850946,0.5179841755457177,delay_0_noise_0.0035,,True
arm5_reference,push_to_zone,delay_0_noise_0.0035,27007,capability_compiled,False,False,0.6666666666666666,0.02801031010890661,0.02801031010890661,0.11146470044719094,720,486,0,True,stage_timeout,2ebd5a46a509772b,0.4808228123659011,0.20158395313910532,18.195223290193596,0,0,0,0,True,True,28,8,20,330,0.0,0.9090909090909091,25,0.1846674298759428,0.6595347124574725,0.20168238842570954,0.4382406310863649,delay_0_noise_0.0035,push,True
arm5_reference,push_to_zone,delay_0_noise_0.0035,27008,capability_compiled,True,True,1.0,0.011808732856604545,0.011808732856604545,0.0026483868075959246,720,720,0,False,,2ebd5a46a509772b,0.6190380013528727,0.2178374063260173,20.488226941897658,0,0,0,0,True,True,30,6,24,319,0.0,0.8652037617554859,33,0.1980492858244851,0.7388298616272064,0.2104187490025345,0.5148175922524296,delay_0_noise_0.0035,,True
arm5_reference,push_to_zone,delay_0_noise_0.0035,27009,capability_compiled,True,True,1.0,0.02369270757613926,0.02369270757613926,0.0021408409734303816,720,720,0,False,,2ebd5a46a509772b,0.7290128124405646,0.2302819314777738,19.614284529296153,0,0,0,0,True,True,33,7,26,286,0.0,0.8636363636363636,25,0.17942188267301104,0.6430295839495626,0.2208512441265082,0.5455240607271299,delay_0_noise_0.0035,,True
arm5_reference,push_to_zone,delay_0_noise_0.0035,27010,capability_compiled,False,False,0.6666666666666666,0.029720817144083186,0.029720817144083186,0.09176227446926899,720,496,0,True,stage_timeout,2ebd5a46a509772b,0.47983349328192215,0.20074929439627764,18.548803176349995,0,0,0,0,True,True,41,9,32,330,0.0,0.8878787878787879,26,0.1725290690682465,0.6374869598149296,0.20078188589795376,0.4618331555205488,delay_0_noise_0.0035,push,True
arm5_reference,push_to_zone,delay_0_noise_0.0035,27011,capability_compiled,True,True,1.0,0.007867550136277254,0.007867550136277254,0.001240272777737307,720,720,0,False,,2ebd5a46a509772b,0.6220713360652961,0.21586065686308575,18.876910354370363,0,0,0,0,True,True,36,9,27,307,0.0,0.8925081433224755,19,0.19598604342350173,0.6277099075957141,0.20736099165544886,0.5273019987397647,delay_0_noise_0.0035,,True
arm5_reference,push_to_zone,delay_0_noise_0.0035,27012,capability_compiled,True,True,1.0,0.009427608663946273,0.009427608663946273,0.0006753766902564401,720,720,0,False,,2ebd5a46a509772b,0.6683054179436847,0.2235181040961133,20.81216972021085,0,0,0,0,True,True,45,9,36,300,0.0,0.87,27,0.19677647952036675,0.6787546886522291,0.21613395817735073,0.555985280223926,delay_0_noise_0.0035,,True
arm5_reference,push_to_zone,delay_0_noise_0.0035,27013,capability_compiled,False,False,0.6666666666666666,0.03255912342769563,0.03255912342769563,0.12259923412117703,720,499,0,True,stage_timeout,2ebd5a46a509772b,0.40041392855333635,0.1946368539825658,18.87378576160201,0,0,0,0,True,True,39,10,29,330,0.0,0.9030303030303031,26,0.17390502881254596,0.6278826228533247,0.19490311317969172,0.3987482637545954,delay_0_noise_0.0035,push,True
arm5_reference,push_to_zone,delay_0_noise_0.0035,27014,capability_compiled,True,True,1.0,0.0080072960031422,0.0080072960031422,0.0010957893317479956,720,720,0,False,,2ebd5a46a509772b,0.7298556672266128,0.231285470548522,20.4973649880485,0,0,0,0,True,True,28,4,24,301,0.0,0.8305647840531561,30,0.19823088219782942,0.7106477444135392,0.22343684223124904,0.5725656967305852,delay_0_noise_0.0035,,True
arm5_reference,push_to_zone,delay_0_noise_0.0035,27015,capability_compiled,False,False,0.6666666666666666,0.023828245544289993,0.023828245544289993,0.12417994014151464,720,497,0,True,stage_timeout,2ebd5a46a509772b,0.45590794719497385,0.19778169544053292,18.746538482116037,0,0,0,0,True,True,39,7,32,330,0.0,0.9090909090909091,20,0.1821034775977496,0.6200745087053376,0.1978891530227752,0.45066231896221254,delay_0_noise_0.0035,push,True
arm5_reference,push_to_zone,delay_0_noise_0.0035,27016,capability_compiled,True,True,1.0,0.00982943247886064,0.00982943247886064,0.0002178930222063001,720,720,0,False,,2ebd5a46a509772b,0.7114335651919492,0.22681074537021395,21.052279960813753,0,0,0,0,True,True,31,6,25,308,0.0,0.8831168831168831,25,0.19406967140845768,0.7093980431784724,0.21790844115055286,0.5470390762036685,delay_0_noise_0.0035,,True
arm5_reference,push_to_zone,delay_0_noise_0.0035,27017,capability_compiled,True,True,1.0,0.006630393964460789,0.006630393964460789,0.0052536746416922036,720,720,0,False,,2ebd5a46a509772b,0.66269811888395,0.2185664540341886,20.252025590939265,0,0,0,0,True,True,39,7,32,322,0.0,0.8975155279503105,24,0.20314798627243605,0.6610591914676404,0.20906220291081287,0.5436827239561852,delay_0_noise_0.0035,,True
arm5_reference,push_to_zone,delay_0_noise_0.0035,27018,capability_compiled,False,False,0.6666666666666666,0.026481803236945895,0.026481803236945895,0.1485967711057062,720,498,0,True,stage_timeout,2ebd5a46a509772b,0.49290752327975085,0.20237385351352674,19.28990769228709,0,0,0,0,True,True,39,10,29,330,0.0,0.9,27,0.1923655419510551,0.6434243608772703,0.20244351301749963,0.476245916094411,delay_0_noise_0.0035,push,True
arm5_reference,push_to_zone,delay_0_noise_0.0035,27019,capability_compiled,True,True,1.0,0.010488800061898557,0.010488800061898557,0.0004677052932140148,720,720,0,False,,2ebd5a46a509772b,0.6336900843094591,0.2183157850085397,20.03992757804491,0,0,0,0,True,True,29,5,24,315,0.0,0.8666666666666667,26,0.19399525282869193,0.6863003320359652,0.20973678542493948,0.5065239874865561,delay_0_noise_0.0035,,True
arm5_reference,push_to_zone,delay_0_noise_0.0035,27020,capability_compiled,True,True,1.0,0.009849579914146499,0.009849579914146499,0.002754016020404058,720,720,0,False,,2ebd5a46a509772b,0.6490464746319509,0.2167441648010248,20.791205502637265,0,0,0,0,True,True,51,9,42,306,0.0,0.9052287581699346,25,0.1839966442907996,0.6715210043843056,0.2063328387190858,0.4995428307727825,delay_0_noise_0.0035,,True
arm5_reference,push_to_zone,delay_0_noise_0.0035,27021,capability_compiled,False,False,0.6666666666666666,0.04666334195812902,0.04666334195812902,0.23453804275918352,720,484,0,True,stage_timeout,2ebd5a46a509772b,0.4514142443315503,0.20390784945297824,18.979867324051536,0,0,0,0,True,True,36,7,29,330,0.0,0.9363636363636364,12,0.15298879173738555,0.6264184276473759,0.20446184602896067,0.45234057751566104,delay_0_noise_0.0035,push,True
arm5_reference,push_to_zone,delay_0_noise_0.0035,27022,capability_compiled,True,True,1.0,0.02045853252465304,0.02045853252465304,0.002686862361671531,720,720,0,False,,2ebd5a46a509772b,0.6588056313516373,0.22134157871742535,20.592989301571837,0,0,0,0,True,True,34,6,28,323,0.0,0.8730650154798761,28,0.1897701719707657,0.710434500789147,0.215144252879273,0.5629072253051497,delay_0_noise_0.0035,,True
arm5_reference,push_to_zone,delay_0_noise_0.0035,27023,capability_compiled,True,True,1.0,0.014652545754760174,0.014652545754760174,0.0027419318198024126,720,720,0,False,,2ebd5a46a509772b,0.6368133445425168,0.21965197269745665,20.339403326650128,0,0,0,0,True,True,36,4,32,298,0.0,0.8691275167785235,23,0.1937284310280406,0.6827715808642981,0.21131172212879185,0.5090144659675913,delay_0_noise_0.0035,,True
arm5_reference,push_to_zone,delay_0_noise_0.0035,27024,capability_compiled,False,False,0.6666666666666666,0.07977220894529562,0.07977220894529562,0.0283133862466826,720,486,0,True,stage_timeout,2ebd5a46a509772b,0.3550719499992794,0.19209839070904994,17.579951829508733,0,0,0,0,True,False,30,6,24,330,0.0,0.9454545454545454,16,0.12745964690881129,0.5363409709166752,0.19215393080619853,0.3028608054870974,delay_0_noise_0.0035,push,True
arm5_distal_heavy,push_to_zone,delay_0_noise_0.0035,27001,capability_compiled,False,False,0.6666666666666666,0.06761311625941632,0.06761311625941632,0.09620646581710506,720,516,0,True,stage_timeout,2ebd5a46a509772b,0.6749143978987471,0.23886402892290146,25.249691211264434,0,0,0,0,True,False,51,10,41,330,0.0,0.8818181818181818,37,0.19287960192039985,0.7383088655751338,0.23900588104264683,0.6740287066735093,delay_0_noise_0.0035,push,True
arm5_distal_heavy,push_to_zone,delay_0_noise_0.0035,27002,capability_compiled,True,True,1.0,0.018067287740000097,0.018067287740000097,0.0013373880526476821,720,720,0,False,,2ebd5a46a509772b,0.6491866056006081,0.22265187859299868,25.319107304115146,0,0,0,0,True,True,32,5,27,306,0.0,0.869281045751634,31,0.18294107509926583,0.7477665560635723,0.21481375810148284,0.5288601733817639,delay_0_noise_0.0035,,True
arm5_distal_heavy,push_to_zone,delay_0_noise_0.0035,27003,capability_compiled,True,True,1.0,0.012854547465769582,0.012854547465769582,0.0023030836772618603,720,720,0,False,,2ebd5a46a509772b,0.7783635911550983,0.23586977855721872,24.901568079546927,0,0,0,0,True,True,28,4,24,292,0.0,0.863013698630137,29,0.1896209938926844,0.7741118599154524,0.22801717113270986,0.6033608973176907,delay_0_noise_0.0035,,True
arm5_distal_heavy,push_to_zone,delay_0_noise_0.0035,27004,capability_compiled,False,False,0.6666666666666666,0.03804071251263128,0.03804071251263128,0.011790286390514753,720,497,0,True,stage_timeout,2ebd5a46a509772b,0.5505839812020139,0.21620139784489742,24.005889408310786,0,0,0,0,True,True,32,7,25,330,0.0,0.8878787878787879,28,0.19235562269060438,0.7221875885650112,0.2166363409989104,0.5505803211471267,delay_0_noise_0.0035,push,True
arm5_distal_heavy,push_to_zone,delay_0_noise_0.0035,27005,capability_compiled,False,False,0.6666666666666666,0.07322841706614715,0.07322841706614715,0.027989133356109447,720,486,0,True,stage_timeout,2ebd5a46a509772b,0.42028418470671536,0.20479980436235645,22.13859300072651,0,0,0,0,True,False,30,6,24,330,0.0,0.9575757575757575,11,0.1302455470803366,0.5683037731977472,0.2048768726293039,0.4114829031769651,delay_0_noise_0.0035,push,True
arm5_distal_heavy,push_to_zone,delay_0_noise_0.0035,27006,capability_compiled,False,False,0.6666666666666666,0.018479700706543756,0.018479700706543756,0.10608038969221391,720,489,0,True,stage_timeout,2ebd5a46a509772b,0.6607122034489361,0.22340800686658602,27.679432613224687,0,0,0,0,True,True,31,5,26,330,0.0,0.8333333333333334,38,0.21332627132657062,0.7801071457926212,0.22350452890926276,0.6523968186662201,delay_0_noise_0.0035,push,True
arm5_distal_heavy,push_to_zone,delay_0_noise_0.0035,27007,capability_compiled,False,False,0.6666666666666666,0.02304692282144547,0.02304692282144547,0.1464140093690542,720,492,0,True,stage_timeout,2ebd5a46a509772b,0.5640683977841108,0.21319084466922839,23.331374622975833,0,0,0,0,True,True,29,6,23,330,0.0,0.8939393939393939,32,0.19352229773188515,0.7183426800143805,0.2132937314197006,0.5306546873396911,delay_0_noise_0.0035,push,True
arm5_distal_heavy,push_to_zone,delay_0_noise_0.0035,27008,capability_compiled,True,True,1.0,0.0180294052632959,0.0180294052632959,0.002519845437588452,720,720,0,False,,2ebd5a46a509772b,0.6711206199768851,0.22602886328869123,25.821350833912696,0,0,0,0,True,True,39,7,32,319,0.0,0.8557993730407524,35,0.20498543051822748,0.8276316345332234,0.2219021374031418,0.6073923106765449,delay_0_noise_0.0035,,True
arm5_distal_heavy,push_to_zone,delay_0_noise_0.0035,27009,capability_compiled,True,True,1.0,0.017242455000348673,0.017242455000348673,0.002258609535280071,720,720,0,False,,2ebd5a46a509772b,0.7769231829734702,0.23722377774594347,25.367415497531415,0,0,0,0,True,True,42,7,35,307,0.0,0.8664495114006515,31,0.18404805149910536,0.6970020666122402,0.23074491018529703,0.6317093058931382,delay_0_noise_0.0035,,True
arm5_distal_heavy,push_to_zone,delay_0_noise_0.0035,27010,capability_compiled,True,True,1.0,0.024328749356333723,0.024328749356333723,0.0012690860699002742,720,720,0,False,,2ebd5a46a509772b,0.6780345354163111,0.22391621443890575,24.39788159250345,0,0,0,0,True,True,38,7,31,311,0.0,0.8906752411575563,27,0.1748695608347897,0.7102641955885443,0.21577498971329465,0.5545430670504206,delay_0_noise_0.0035,,True
arm5_distal_heavy,push_to_zone,delay_0_noise_0.0035,27011,capability_compiled,True,True,1.0,0.015424351584967237,0.015424351584967237,0.0008237969032609522,720,720,0,False,,2ebd5a46a509772b,0.667070682975965,0.2229402835277191,22.788147914446462,0,0,0,0,True,True,35,6,29,315,0.0,0.8920634920634921,25,0.18460206074252333,0.7060682529069394,0.2176035992126745,0.591034689797588,delay_0_noise_0.0035,,True
arm5_distal_heavy,push_to_zone,delay_0_noise_0.0035,27012,capability_compiled,True,True,1.0,0.02347736520038583,0.02347736520038583,0.0007688892578227196,720,720,0,False,,2ebd5a46a509772b,0.73652097298217,0.23393194443245585,26.325315425511427,0,0,0,0,True,True,36,7,29,316,0.0,0.8322784810126582,38,0.1979858431118411,0.7827700755847249,0.23014193867355034,0.6687331824155986,delay_0_noise_0.0035,,True
arm5_distal_heavy,push_to_zone,delay_0_noise_0.0035,27013,capability_compiled,True,True,1.0,0.01872638984683957,0.01872638984683957,0.0011487890685295853,720,720,0,False,,2ebd5a46a509772b,0.611184282291048,0.2196814913125784,25.457071297055094,0,0,0,0,True,True,42,8,34,309,0.0,0.8673139158576052,29,0.179341541643016,0.7569030736501562,0.2133753286290915,0.507717478230219,delay_0_noise_0.0035,,True
arm5_distal_heavy,push_to_zone,delay_0_noise_0.0035,27014,capability_compiled,True,True,1.0,0.020666652383388686,0.020666652383388686,0.000973521623861961,720,720,0,False,,2ebd5a46a509772b,0.791349196387312,0.23999417667439849,24.65175753037301,0,0,0,0,True,True,38,6,32,266,0.0,0.8270676691729323,30,0.17521371990462467,0.7143955828598659,0.23393818251619983,0.653021788208314,delay_0_noise_0.0035,,True
arm5_distal_heavy,push_to_zone,delay_0_noise_0.0035,27015,capability_compiled,True,True,1.0,0.021585473868913123,0.021585473868913123,0.00012780373957598412,720,720,0,False,,2ebd5a46a509772b,0.6420911646928991,0.22101218211621326,24.144198641971663,0,0,0,0,True,True,33,7,26,313,0.0,0.8945686900958466,25,0.17573717004641426,0.6606057164614798,0.21336540592569572,0.5374119092528313,delay_0_noise_0.0035,,True
arm5_distal_heavy,push_to_zone,delay_0_noise_0.0035,27016,capability_compiled,True,True,1.0,0.02191042800181208,0.02191042800181208,0.00016530974101918583,720,720,0,False,,2ebd5a46a509772b,0.8110771506563355,0.24130933609419578,27.297547544205223,0,0,0,0,True,True,34,6,28,257,0.0,0.8326848249027238,31,0.17784756399078638,0.7938398819461353,0.2354756630521731,0.6652013482075949,delay_0_noise_0.0035,,True
arm5_distal_heavy,push_to_zone,delay_0_noise_0.0035,27017,capability_compiled,False,False,0.6666666666666666,0.024890736237825957,0.024890736237825957,0.1823138289822636,720,498,0,True,stage_timeout,2ebd5a46a509772b,0.6667420136461955,0.2280413436586473,26.798084299331194,0,0,0,0,True,True,33,5,28,330,0.0,0.8848484848484849,35,0.20795785746198225,0.7668891210284484,0.22837723749482372,0.6560008259226646,delay_0_noise_0.0035,push,True
arm5_distal_heavy,push_to_zone,delay_0_noise_0.0035,27018,capability_compiled,False,False,0.6666666666666666,0.020964851651959115,0.020964851651959115,0.06878961338968355,720,487,0,True,stage_timeout,2ebd5a46a509772b,0.6298769630125984,0.22166991334727873,26.710931498448044,0,0,0,0,True,True,28,6,22,330,0.0,0.8363636363636363,38,0.2102623389500467,0.769314226513142,0.22172626089620837,0.593273973494123,delay_0_noise_0.0035,push,True
arm5_distal_heavy,push_to_zone,delay_0_noise_0.0035,27019,capability_compiled,True,True,1.0,0.018002351947563507,0.018002351947563507,0.00045900385120219535,720,720,0,False,,2ebd5a46a509772b,0.6893350814230179,0.22696920983095195,25.697560039787348,0,0,0,0,True,True,40,8,32,314,0.0,0.8503184713375797,31,0.186342276863427,0.7756075491977045,0.22136117935109878,0.5940368429688783,delay_0_noise_0.0035,,True
arm5_distal_heavy,push_to_zone,delay_0_noise_0.0035,27020,capability_compiled,True,True,1.0,0.015442720085321068,0.015442720085321068,0.001955975248616251,720,720,0,False,,2ebd5a46a509772b,0.7692135663595909,0.23556276125605563,27.374547832111514,0,0,0,0,True,True,26,4,22,277,0.0,0.851985559566787,27,0.1786128718074638,0.76873831278252,0.22860055081941275,0.6305702661981911,delay_0_noise_0.0035,,True
arm5_distal_heavy,push_to_zone,delay_0_noise_0.0035,27021,capability_compiled,True,True,1.0,0.0103047175496303,0.0103047175496303,0.001664951292264949,720,720,0,False,,2ebd5a46a509772b,0.6802117705397888,0.22760066437002077,26.883710806560348,0,0,0,0,True,True,41,7,34,268,0.0,0.8507462686567164,28,0.17916981005443514,0.7301907355350848,0.22212721432586102,0.5758325103345592,delay_0_noise_0.0035,,True
arm5_distal_heavy,push_to_zone,delay_0_noise_0.0035,27022,capability_compiled,True,True,1.0,0.015692425932271492,0.015692425932271492,0.002163859378718546,720,720,0,False,,2ebd5a46a509772b,0.7544001485368801,0.23591641294624166,27.47594185039745,0,0,0,0,True,True,35,6,29,320,0.0,0.84375,36,0.2037881134862543,0.8050107898729996,0.23275041557704546,0.676819329050895,delay_0_noise_0.0035,,True
arm5_distal_heavy,push_to_zone,delay_0_noise_0.0035,27023,capability_compiled,True,True,1.0,0.024123618731849487,0.024123618731849487,0.002327243885747571,720,720,0,False,,2ebd5a46a509772b,0.6858503273502565,0.22719552995005224,24.446060650687464,0,0,0,0,True,True,39,7,32,291,0.0,0.8694158075601375,24,0.1810975784559304,0.7560975878104355,0.2219246723270612,0.5859951749289567,delay_0_noise_0.0035,,True
arm5_distal_heavy,push_to_zone,delay_0_noise_0.0035,27024,capability_compiled,False,False,0.6666666666666666,0.06659393341709109,0.06659393341709109,0.005300191973202738,720,482,0,True,stage_timeout,2ebd5a46a509772b,0.45564034760467287,0.20673518027444782,24.014274088908312,0,0,0,0,True,False,29,6,23,330,0.0,0.9454545454545454,13,0.13448818340875712,0.5819874652927024,0.20683737834487076,0.4084665859204577,delay_0_noise_0.0035,push,True
arm5_weak_actuator,push_to_zone,delay_0_noise_0.0035,27001,capability_compiled,False,False,0.6666666666666666,0.12204120747784697,0.12204120747784697,0.03660201023384944,720,512,0,True,stage_timeout,2ebd5a46a509772b,0.3010105301974888,0.19160330834910122,20.34304813035649,0,0,0,0,True,False,46,8,38,330,0.0,0.9636363636363636,10,0.09001175467795042,0.480931213097454,0.19171583014678859,0.30113598343459147,delay_0_noise_0.0035,push,True
arm5_weak_actuator,push_to_zone,delay_0_noise_0.0035,27002,capability_compiled,False,False,0.6666666666666666,0.12702887415403974,0.12702887415403974,0.01341949206317565,720,492,0,True,stage_timeout,2ebd5a46a509772b,0.16798764946188793,0.17606625132084278,18.453097189837163,0,0,0,0,True,False,32,6,26,330,0.0,0.9636363636363636,9,0.07257788673042906,0.41627435977227567,0.1761656151376302,0.16825045053387644,delay_0_noise_0.0035,push,True
arm5_weak_actuator,push_to_zone,delay_0_noise_0.0035,27003,capability_compiled,False,False,0.6666666666666666,0.10321102797952571,0.10321102797952571,0.020450027536144107,720,474,0,True,stage_timeout,2ebd5a46a509772b,0.3380338505335918,0.19445456075920772,17.58628518199071,0,0,0,0,True,False,33,7,26,330,0.0,0.9666666666666667,9,0.08774264218195492,0.4577495118469294,0.1944952039314645,0.3026515183171279,delay_0_noise_0.0035,push,True
arm5_weak_actuator,push_to_zone,delay_0_noise_0.0035,27004,capability_compiled,False,False,0.6666666666666666,0.11989382462376814,0.11989382462376814,0.015993339927876247,720,497,0,True,stage_timeout,2ebd5a46a509772b,0.18286708613334213,0.17459330499020337,18.214394583017864,0,0,0,0,True,False,43,8,35,330,0.0,0.9757575757575757,8,0.0747847595577575,0.4233641623995329,0.17467762552878668,0.1829282499176097,delay_0_noise_0.0035,push,True
arm5_weak_actuator,push_to_zone,delay_0_noise_0.0035,27005,capability_compiled,False,False,0.6666666666666666,0.14135818254328375,0.14135818254328375,0.012315599113454331,720,492,0,True,stage_timeout,2ebd5a46a509772b,0.050956147661090245,0.1611229244446077,17.456907467499498,0,0,0,0,True,False,31,8,23,330,0.0,0.9636363636363636,9,0.06121520362220137,0.3662300937238073,0.16124147941277847,0.05119344491942179,delay_0_noise_0.0035,push,True
arm5_weak_actuator,push_to_zone,delay_0_noise_0.0035,27006,capability_compiled,False,False,0.6666666666666666,0.1254515371866036,0.1254515371866036,0.01666096844315794,720,494,0,True,stage_timeout,2ebd5a46a509772b,0.24890244721265642,0.1822579572046043,20.350908416742975,0,0,0,0,True,False,36,8,28,330,0.0,0.9575757575757575,11,0.07348949669223026,0.4620345645614281,0.1823343007583148,0.24897931683645202,delay_0_noise_0.0035,push,True
arm5_weak_actuator,push_to_zone,delay_0_noise_0.0035,27007,capability_compiled,False,False,0.6666666666666666,0.13215578122600694,0.13215578122600694,0.03437498844073557,720,495,0,True,stage_timeout,2ebd5a46a509772b,0.22712988293015313,0.18373915579481762,17.80764560568375,0,0,0,0,True,False,31,7,24,330,0.0,0.9727272727272728,9,0.0708295536232808,0.44439495005971397,0.18383798765982298,0.22709906601558583,delay_0_noise_0.0035,push,True
arm5_weak_actuator,push_to_zone,delay_0_noise_0.0035,27008,capability_compiled,False,False,0.6666666666666666,0.11488339837999519,0.11488339837999519,0.042940554940939485,720,494,0,True,stage_timeout,2ebd5a46a509772b,0.26730659678412927,0.1879888886338329,18.75884159400711,0,0,0,0,True,False,38,8,30,330,0.0,0.9606060606060606,10,0.08751394798957342,0.49222713763037584,0.1881362768251979,0.2674559424479628,delay_0_noise_0.0035,push,True
arm5_weak_actuator,push_to_zone,delay_0_noise_0.0035,27009,capability_compiled,False,False,0.6666666666666666,0.09032475888183521,0.09032475888183521,0.0361565822969178,720,478,0,True,stage_timeout,2ebd5a46a509772b,0.35689325278462425,0.19674697076296552,18.756154825059355,0,0,0,0,True,False,33,6,27,330,0.0,0.9636363636363636,11,0.09607483127987386,0.46576324771687194,0.19679696848657885,0.30388208484145274,delay_0_noise_0.0035,push,True
arm5_weak_actuator,push_to_zone,delay_0_noise_0.0035,27010,capability_compiled,False,False,0.6666666666666666,0.11154686606207594,0.11154686606207594,0.008669559676521475,720,492,0,True,stage_timeout,2ebd5a46a509772b,0.21628314796554138,0.17691400400721147,18.081633189221222,0,0,0,0,True,False,43,9,34,330,0.0,0.9636363636363636,8,0.07582884199839036,0.4375435307847166,0.1769667290455529,0.21623224825209064,delay_0_noise_0.0035,push,True
arm5_weak_actuator,push_to_zone,delay_0_noise_0.0035,27011,capability_compiled,False,False,0.6666666666666666,0.11745324479046629,0.11745324479046629,0.01671237245059941,720,495,0,True,stage_timeout,2ebd5a46a509772b,0.28186938865292976,0.18794091122050535,17.350451034854476,0,0,0,0,True,False,44,8,36,330,0.0,0.9454545454545454,11,0.0821751768056905,0.4435557201199711,0.18807609880608592,0.2822508288268768,delay_0_noise_0.0035,push,True
arm5_weak_actuator,push_to_zone,delay_0_noise_0.0035,27012,capability_compiled,False,False,0.6666666666666666,0.09716203902687988,0.09716203902687988,0.016424866506391297,720,494,0,True,stage_timeout,2ebd5a46a509772b,0.3069032358518693,0.18977623514905054,19.51610924821103,0,0,0,0,True,False,45,10,35,330,0.0,0.9848484848484849,5,0.09033586583532603,0.5089113806986497,0.18982704613566445,0.3065203361016682,delay_0_noise_0.0035,push,True
arm5_weak_actuator,push_to_zone,delay_0_noise_0.0035,27013,capability_compiled,False,False,0.6666666666666666,0.11198517187176385,0.11198517187176385,0.012361867382682933,720,500,0,True,stage_timeout,2ebd5a46a509772b,0.12770613344370485,0.1690164391982217,18.607683039036807,0,0,0,0,True,False,46,9,37,330,0.0,0.9666666666666667,10,0.07350028703605652,0.42592768940319214,0.1691169280606129,0.1280230526656725,delay_0_noise_0.0035,push,True
arm5_weak_actuator,push_to_zone,delay_0_noise_0.0035,27014,capability_compiled,False,False,0.6666666666666666,0.09026677530598079,0.09026677530598079,0.01903805119831199,720,468,0,True,stage_timeout,2ebd5a46a509772b,0.39056166091580913,0.2014633860319501,18.394576707072744,0,0,0,0,True,False,27,5,22,330,0.0,0.9696969696969697,10,0.0970138335754272,0.49625905659458125,0.20151636887886312,0.3341624667459864,delay_0_noise_0.0035,push,True
arm5_weak_actuator,push_to_zone,delay_0_noise_0.0035,27015,capability_compiled,False,False,0.6666666666666666,0.11351644825068712,0.11351644825068712,0.013093437901451538,720,489,0,True,stage_timeout,2ebd5a46a509772b,0.18693036920967865,0.1746480022341923,17.727411614697548,0,0,0,0,True,False,42,7,35,330,0.0,0.9606060606060606,10,0.07444051104598899,0.4564030350436094,0.17475604573360226,0.18724794825469226,delay_0_noise_0.0035,push,True
arm5_weak_actuator,push_to_zone,delay_0_noise_0.0035,27016,capability_compiled,False,False,0.6666666666666666,0.0880282497250754,0.0880282497250754,0.011486020855096084,720,469,0,True,stage_timeout,2ebd5a46a509772b,0.33170724694904896,0.19089261630760648,20.04345722395028,0,0,0,0,True,False,27,4,23,330,0.0,0.9696969696969697,7,0.0984291199200253,0.457527497742155,0.19092871017231006,0.29726219174828294,delay_0_noise_0.0035,push,True
arm5_weak_actuator,push_to_zone,delay_0_noise_0.0035,27017,capability_compiled,False,False,0.6666666666666666,0.1258371017841277,0.1258371017841277,0.02202908885846767,720,490,0,True,stage_timeout,2ebd5a46a509772b,0.305728749960414,0.19168440040041007,19.491345587588306,0,0,0,0,True,False,32,7,25,330,0.0,0.9545454545454546,10,0.0796690909316859,0.43169856574217697,0.19177903481500025,0.3057237819401264,delay_0_noise_0.0035,push,True
arm5_weak_actuator,push_to_zone,delay_0_noise_0.0035,27018,capability_compiled,False,False,0.6666666666666666,0.12333279746089586,0.12333279746089586,0.01219732057596789,720,498,0,True,stage_timeout,2ebd5a46a509772b,0.20819661222311314,0.17995226458401417,19.2777896078214,0,0,0,0,True,False,40,11,29,330,0.0,0.9606060606060606,11,0.07817261357810813,0.47099066178752436,0.18003856834062687,0.20838078478566713,delay_0_noise_0.0035,push,True
arm5_weak_actuator,push_to_zone,delay_0_noise_0.0035,27019,capability_compiled,False,False,0.6666666666666666,0.10651220502229729,0.10651220502229729,0.0035914355443112072,720,485,0,True,stage_timeout,2ebd5a46a509772b,0.2763404145930317,0.1865597515293897,18.828801474631828,0,0,0,0,True,False,39,8,31,330,0.0,0.9666666666666667,10,0.08002312249520309,0.4962974403335183,0.18666057056174357,0.2700006237904802,delay_0_noise_0.0035,push,True
arm5_weak_actuator,push_to_zone,delay_0_noise_0.0035,27020,capability_compiled,False,False,0.6666666666666666,0.098078942022616,0.098078942022616,0.018340558084164297,720,481,0,True,stage_timeout,2ebd5a46a509772b,0.2748325931532163,0.1819390913683446,19.646109673059055,0,0,0,0,True,False,37,6,31,330,0.0,0.9666666666666667,9,0.08415183513179644,0.4477403915130598,0.18199107752405422,0.2495565714055621,delay_0_noise_0.0035,push,True
arm5_weak_actuator,push_to_zone,delay_0_noise_0.0035,27021,capability_compiled,False,False,0.6666666666666666,0.0976579403600991,0.0976579403600991,0.02949176131649572,720,478,0,True,stage_timeout,2ebd5a46a509772b,0.1982515101711586,0.17409688563743603,19.225964352936167,0,0,0,0,True,False,35,7,28,330,0.0,0.9636363636363636,11,0.08427985228836567,0.4383740813303034,0.17420710764104763,0.19843586621635678,delay_0_noise_0.0035,push,True
arm5_weak_actuator,push_to_zone,delay_0_noise_0.0035,27022,capability_compiled,False,False,0.6666666666666666,0.0974527008326312,0.0974527008326312,0.015517392395720786,720,470,0,True,stage_timeout,2ebd5a46a509772b,0.3303771553462189,0.19398230862592078,19.94024777563743,0,0,0,0,True,False,27,4,23,330,0.0,0.9727272727272728,9,0.09236289201077884,0.4845164544604235,0.19406237269116117,0.31713376959934436,delay_0_noise_0.0035,push,True
arm5_weak_actuator,push_to_zone,delay_0_noise_0.0035,27023,capability_compiled,False,False,0.6666666666666666,0.10414349253163495,0.10414349253163495,0.012162701595496523,720,485,0,True,stage_timeout,2ebd5a46a509772b,0.2782135642998167,0.1872165544542673,18.4114032013149,0,0,0,0,True,False,39,6,33,330,0.0,0.9606060606060606,10,0.08328641934423732,0.4613721228891022,0.18727612332585591,0.26204966315840705,delay_0_noise_0.0035,push,True
arm5_weak_actuator,push_to_zone,delay_0_noise_0.0035,27024,capability_compiled,False,False,0.6666666666666666,0.13105297746149558,0.13105297746149558,0.012486345933899703,720,486,0,True,stage_timeout,2ebd5a46a509772b,0.03363496723028048,0.15283441941142079,18.05999964889956,0,0,0,0,True,False,30,8,22,330,0.0,0.9757575757575757,7,0.05863099045052389,0.3621448599558958,0.15294918430977866,0.033868578343946076,delay_0_noise_0.0035,push,True
arm5_posture_shifted,push_to_zone,delay_0_noise_0.0035,27001,capability_compiled,False,False,0.3333333333333333,0.3416775555113294,0.3416775555113294,0.009483807192768206,720,204,0,True,stage_timeout,2ebd5a46a509772b,0.4833842625068585,0.2718073065472338,17.70515110302274,0,0,0,0,False,False,35,9,26,0,0.0,0.0,0,0.0,0.0,nan,nan,delay_0_noise_0.0035,contact,True
arm5_posture_shifted,push_to_zone,delay_0_noise_0.0035,27002,capability_compiled,False,False,0.6666666666666666,0.09375194881589638,0.09375194881589638,0.04786417617161993,720,501,0,True,stage_timeout,2ebd5a46a509772b,0.3548852424006239,0.20017595025909463,18.62632357286166,0,0,0,0,True,False,30,7,23,330,0.0,0.9454545454545454,12,0.15391362218520957,0.5726259548692245,0.20025055821733717,0.35354077323650523,delay_0_noise_0.0035,push,True
arm5_posture_shifted,push_to_zone,delay_0_noise_0.0035,27003,capability_compiled,False,False,0.6666666666666666,0.06827383921196013,0.06827383921196013,0.10870270790255351,720,488,0,True,stage_timeout,2ebd5a46a509772b,0.4872359306519747,0.21169276292171638,17.922693077605224,0,0,0,0,True,False,33,6,27,330,0.0,0.9454545454545454,13,0.145830730951499,0.5973061916297657,0.21185240691732116,0.41472256290804665,delay_0_noise_0.0035,push,True
arm5_posture_shifted,push_to_zone,delay_0_noise_0.0035,27004,capability_compiled,False,False,0.6666666666666666,0.059780941845328825,0.059780941845328825,0.14830966827601394,720,496,0,True,stage_timeout,2ebd5a46a509772b,0.4017113448570697,0.19876146675652015,19.31081223268444,0,0,0,0,True,False,31,7,24,330,0.0,0.9333333333333333,15,0.15952808241973793,0.5785206523306171,0.19904173900912975,0.37974828309550146,delay_0_noise_0.0035,push,True
arm5_posture_shifted,push_to_zone,delay_0_noise_0.0035,27005,capability_compiled,False,False,0.6666666666666666,0.10215923248471132,0.10215923248471132,0.021926314710187803,720,490,0,True,stage_timeout,2ebd5a46a509772b,0.2561032103763079,0.18534458518049132,17.674088889004487,0,0,0,0,True,False,29,6,23,330,0.0,0.9454545454545454,12,0.11490944569725695,0.5186869237023458,0.18538659294468773,0.2515099605609854,delay_0_noise_0.0035,push,True
arm5_posture_shifted,push_to_zone,delay_0_noise_0.0035,27006,capability_compiled,False,False,0.6666666666666666,0.13409903835489548,0.13409903835489548,0.0714324302802762,720,527,0,True,stage_timeout,2ebd5a46a509772b,0.36057726701885606,0.20379170204475547,20.427530458544656,0,0,0,0,True,False,40,6,34,330,0.0,0.906060606060606,26,0.16275402721340151,0.621656272225779,0.20397629618989155,0.36086562199557504,delay_0_noise_0.0035,push,True
arm5_posture_shifted,push_to_zone,delay_0_noise_0.0035,27007,capability_compiled,False,False,0.6666666666666666,0.06908142201886133,0.06908142201886133,0.09929500339759947,720,495,0,True,stage_timeout,2ebd5a46a509772b,0.4071807558868179,0.20134111076833053,18.185616555760195,0,0,0,0,True,False,32,7,25,330,0.0,0.9393939393939394,18,0.15050271911906862,0.5828598178545478,0.20146342991884786,0.359859299668988,delay_0_noise_0.0035,push,True
arm5_posture_shifted,push_to_zone,delay_0_noise_0.0035,27008,capability_compiled,False,False,0.6666666666666666,0.028030923749980896,0.028030923749980896,0.13138176883065766,720,497,0,True,stage_timeout,2ebd5a46a509772b,0.4231749689071509,0.19686942815842284,20.068765406346742,0,0,0,0,True,True,39,8,31,330,0.0,0.906060606060606,23,0.19485807963859,0.6552098674012193,0.19697978650076683,0.40913079096833505,delay_0_noise_0.0035,push,True
arm5_posture_shifted,push_to_zone,delay_0_noise_0.0035,27009,capability_compiled,True,True,1.0,0.01542659873578998,0.01542659873578998,0.0025194568516198226,720,720,0,False,,2ebd5a46a509772b,0.6729904969904332,0.22359960166029302,20.825768276448173,0,0,0,0,True,True,39,9,30,313,0.0,0.8753993610223643,25,0.18502387495015513,0.6443578177993031,0.21194500265825128,0.43032754763020886,delay_0_noise_0.0035,,True
arm5_posture_shifted,push_to_zone,delay_0_noise_0.0035,27010,capability_compiled,False,False,0.6666666666666666,0.06969252718339605,0.06969252718339605,0.08877459399488007,720,498,0,True,stage_timeout,2ebd5a46a509772b,0.4078454159343501,0.2013058852114006,18.26784114977154,0,0,0,0,True,False,41,10,31,330,0.0,0.9393939393939394,15,0.1388082990670394,0.5723087413817812,0.20144771347915688,0.37576590578715763,delay_0_noise_0.0035,push,True
arm5_posture_shifted,push_to_zone,delay_0_noise_0.0035,27011,capability_compiled,False,False,0.6666666666666666,0.0758454278243595,0.0758454278243595,0.021116075646963457,720,491,0,True,stage_timeout,2ebd5a46a509772b,0.40813729573017943,0.20321012394470825,17.26102413448778,0,0,0,0,True,False,38,9,29,330,0.0,0.9303030303030303,16,0.137485108589597,0.5750381293809204,0.20327198162313312,0.4042260840771239,delay_0_noise_0.0035,push,True
arm5_posture_shifted,push_to_zone,delay_0_noise_0.0035,27012,capability_compiled,False,False,0.6666666666666666,0.07624411626335095,0.07624411626335095,0.03230665769052443,720,504,0,True,stage_timeout,2ebd5a46a509772b,0.45565963270773,0.21165485470462783,19.235797794154486,0,0,0,0,True,False,38,8,30,330,0.0,0.9181818181818182,23,0.16538524551156553,0.6090740383911979,0.21170998057757637,0.45321362256632236,delay_0_noise_0.0035,push,True
arm5_posture_shifted,push_to_zone,delay_0_noise_0.0035,27013,capability_compiled,False,False,0.6666666666666666,0.06035125434664283,0.06035125434664283,0.10023479912933612,720,500,0,True,stage_timeout,2ebd5a46a509772b,0.3408130060565724,0.1938834218837559,19.192702683175437,0,0,0,0,True,False,39,9,30,330,0.0,0.9424242424242424,12,0.1476927640381437,0.5457319996629683,0.19408924457234938,0.3298138664832435,delay_0_noise_0.0035,push,True
arm5_posture_shifted,push_to_zone,delay_0_noise_0.0035,27014,capability_compiled,True,True,1.0,0.007726798205041866,0.007726798205041866,0.0012984401601688596,720,720,0,False,,2ebd5a46a509772b,0.6614953063358557,0.22267591693594502,20.546533832249462,0,0,0,0,True,True,33,5,28,316,0.0,0.8639240506329114,28,0.20207638332286237,0.6577654923094911,0.21141280467071735,0.4566326391639248,delay_0_noise_0.0035,,True
arm5_posture_shifted,push_to_zone,delay_0_noise_0.0035,27015,capability_compiled,False,False,0.6666666666666666,0.07009902470044421,0.07009902470044421,0.09523609432733351,720,498,0,True,stage_timeout,2ebd5a46a509772b,0.3935632760743024,0.2002625487502008,18.447033863553887,0,0,0,0,True,False,37,7,30,330,0.0,0.9363636363636364,16,0.1391918781200121,0.5753225361694989,0.2004150753812084,0.3632684875888681,delay_0_noise_0.0035,push,True
arm5_posture_shifted,push_to_zone,delay_0_noise_0.0035,27016,capability_compiled,True,True,1.0,0.006877611812518486,0.006877611812518486,0.00024194113895713922,720,720,0,False,,2ebd5a46a509772b,0.6630318293430664,0.22109143465229522,21.658332573917118,0,0,0,0,True,True,33,8,25,314,0.0,0.8885350318471338,25,0.1977044143258431,0.6950077738989953,0.2093263691086667,0.45168536761119826,delay_0_noise_0.0035,,True
arm5_posture_shifted,push_to_zone,delay_0_noise_0.0035,27017,capability_compiled,False,False,0.6666666666666666,0.1380445669177255,0.1380445669177255,0.05031976255922428,720,518,0,True,stage_timeout,2ebd5a46a509772b,0.4150506898242381,0.21309968333286788,19.895752086543656,0,0,0,0,True,False,38,8,30,330,0.0,0.9030303030303031,25,0.16012471981187548,0.6690358421847937,0.21326226076335028,0.4153621267590544,delay_0_noise_0.0035,push,True
arm5_posture_shifted,push_to_zone,delay_0_noise_0.0035,27018,capability_compiled,False,False,0.6666666666666666,0.06742597778413731,0.06742597778413731,0.12767980710209412,720,486,0,True,stage_timeout,2ebd5a46a509772b,0.4195727705023202,0.2037592844198672,19.45327885479668,0,0,0,0,True,False,29,8,21,330,0.0,0.9303030303030303,19,0.15114253636892125,0.587138353629683,0.2039987510603193,0.38557639641251074,delay_0_noise_0.0035,push,True
arm5_posture_shifted,push_to_zone,delay_0_noise_0.0035,27019,capability_compiled,False,False,0.6666666666666666,0.027274410254047917,0.027274410254047917,0.12579183927082882,720,490,0,True,stage_timeout,2ebd5a46a509772b,0.44438555463998064,0.19861223341995118,20.1875887897706,0,0,0,0,True,True,36,6,30,330,0.0,0.9121212121212121,20,0.18190884277881658,0.6456431866321138,0.1987857435460061,0.4012908544542273,delay_0_noise_0.0035,push,True
arm5_posture_shifted,push_to_zone,delay_0_noise_0.0035,27020,capability_compiled,False,False,0.6666666666666666,0.037235548716521,0.037235548716521,0.22587973531912842,720,514,0,True,stage_timeout,2ebd5a46a509772b,0.44472199737849394,0.19786609791342533,21.175819328035647,0,0,0,0,True,True,54,11,43,330,0.0,0.9454545454545454,14,0.16802200876348128,0.6426508402470983,0.19822420628390722,0.40277651110009227,delay_0_noise_0.0035,push,True
arm5_posture_shifted,push_to_zone,delay_0_noise_0.0035,27021,capability_compiled,False,False,0.6666666666666666,0.043858016410035644,0.043858016410035644,0.17762274520939988,720,495,0,True,stage_timeout,2ebd5a46a509772b,0.39819521648918643,0.19697334024422844,20.701866037792,0,0,0,0,True,False,37,7,30,330,0.0,0.9363636363636364,15,0.16205541438438448,0.6223575211683072,0.19747924473967018,0.3784204515233749,delay_0_noise_0.0035,push,True
arm5_posture_shifted,push_to_zone,delay_0_noise_0.0035,27022,capability_compiled,False,False,0.6666666666666666,0.05422311980049092,0.05422311980049092,0.1801497964352774,720,490,0,True,stage_timeout,2ebd5a46a509772b,0.46552855762538936,0.2085137379104475,20.3989335184709,0,0,0,0,True,False,34,7,27,330,0.0,0.9454545454545454,16,0.162131880934944,0.6816386055846309,0.2090174149493401,0.445103001827043,delay_0_noise_0.0035,push,True
arm5_posture_shifted,push_to_zone,delay_0_noise_0.0035,27023,capability_compiled,False,False,0.6666666666666666,0.047638775259056285,0.047638775259056285,0.2023461309709082,720,490,0,True,stage_timeout,2ebd5a46a509772b,0.42819128964218844,0.20166831782749312,19.577307869537723,0,0,0,0,True,True,36,8,28,330,0.0,0.9303030303030303,14,0.16312503506824738,0.6367448033062039,0.20203823109154292,0.4012054754049701,delay_0_noise_0.0035,push,True
arm5_posture_shifted,push_to_zone,delay_0_noise_0.0035,27024,capability_compiled,False,False,0.6666666666666666,0.09690884759452378,0.09690884759452378,0.03120237354460013,720,486,0,True,stage_timeout,2ebd5a46a509772b,0.2932269389476154,0.18829582882829687,18.389877968912796,0,0,0,0,True,False,28,5,23,330,0.0,0.9696969696969697,9,0.10990177768063078,0.5256888686987808,0.18835800071468023,0.2535006029813167,delay_0_noise_0.0035,push,True
arm5_reference,push_to_zone,delay_6_noise_0,27001,capability_compiled,False,False,0.0,0.22220502876189982,0.22220502876189982,0.12082280476992531,720,135,0,True,stage_timeout,2ebd5a46a509772b,0.8330498427597393,0.2820587087830746,137.73862966895004,0,0,0,0,False,False,0,0,0,0,0.0,0.0,0,0.0,0.0,nan,nan,delay_6_noise_0,approach,True
arm5_reference,push_to_zone,delay_6_noise_0,27002,capability_compiled,False,False,0.0,0.23418389301978673,0.23418389301978673,7.354700655712005e-11,720,135,0,True,stage_timeout,2ebd5a46a509772b,0.7840074525536456,0.2848103644280823,138.22219727232167,0,0,0,0,False,False,0,0,0,0,0.0,0.0,0,0.0,0.0,nan,nan,delay_6_noise_0,approach,True
arm5_reference,push_to_zone,delay_6_noise_0,27003,capability_compiled,False,False,0.0,0.2214898474965924,0.2214898474965924,4.1317209338396805e-08,720,135,0,True,stage_timeout,2ebd5a46a509772b,0.8580240969793422,0.28502233288196216,139.835130530894,0,0,0,0,False,False,0,0,0,0,0.0,0.0,0,0.0,0.0,nan,nan,delay_6_noise_0,approach,True
arm5_reference,push_to_zone,delay_6_noise_0,27004,capability_compiled,False,False,0.0,0.26414536354170626,0.26414536354170626,2.2476448773362024e-08,720,135,0,True,stage_timeout,2ebd5a46a509772b,0.7990779860218535,0.28445230688243006,137.93472685767003,0,0,0,0,False,False,0,0,0,0,0.0,0.0,0,0.0,0.0,nan,nan,delay_6_noise_0,approach,True
arm5_reference,push_to_zone,delay_6_noise_0,27005,capability_compiled,False,False,0.0,0.20197411476802068,0.20197411476802068,1.2861951533568687e-08,720,135,0,True,stage_timeout,2ebd5a46a509772b,0.7519878141072507,0.281288207170274,136.97651607562932,0,0,0,0,False,False,0,0,0,0,0.0,0.0,0,0.0,0.0,nan,nan,delay_6_noise_0,approach,True
arm5_reference,push_to_zone,delay_6_noise_0,27006,capability_compiled,False,False,0.0,0.2617770304153216,0.2617770304153216,0.1376880270152761,720,135,0,True,stage_timeout,2ebd5a46a509772b,0.8715914842499104,0.28727761560586396,144.7611501304201,0,0,0,0,False,False,0,0,0,0,0.0,0.0,0,0.0,0.0,nan,nan,delay_6_noise_0,approach,True
arm5_reference,push_to_zone,delay_6_noise_0,27007,capability_compiled,False,False,0.0,0.2296384110863459,0.2296384110863459,2.9268545143790605e-07,720,135,0,True,stage_timeout,2ebd5a46a509772b,0.7943938791011877,0.28308204094714934,137.23447512226622,0,0,0,0,False,False,0,0,0,0,0.0,0.0,0,0.0,0.0,nan,nan,delay_6_noise_0,approach,True
arm5_reference,push_to_zone,delay_6_noise_0,27008,capability_compiled,False,False,0.0,0.19685312409411035,0.19685312409411035,0.14053860480745445,720,135,0,True,stage_timeout,2ebd5a46a509772b,0.801112570880878,0.28198667426096535,135.5569005432472,0,0,0,0,False,False,0,0,0,0,0.0,0.0,0,0.0,0.0,nan,nan,delay_6_noise_0,approach,True
arm5_reference,push_to_zone,delay_6_noise_0,27009,capability_compiled,False,False,0.0,0.2744467473707101,0.2744467473707101,5.69950042247115e-08,720,135,0,True,stage_timeout,2ebd5a46a509772b,0.8878037388485747,0.28713876205334526,141.25999325545862,0,0,0,0,False,False,0,0,0,0,0.0,0.0,0,0.0,0.0,nan,nan,delay_6_noise_0,approach,True
arm5_reference,push_to_zone,delay_6_noise_0,27010,capability_compiled,False,False,0.0,0.2384470009425684,0.2384470009425684,2.824144802789656e-11,720,135,0,True,stage_timeout,2ebd5a46a509772b,0.8208677921756986,0.2859101618526927,140.04877045686564,0,0,0,0,False,False,0,0,0,0,0.0,0.0,0,0.0,0.0,nan,nan,delay_6_noise_0,approach,True
arm5_reference,push_to_zone,delay_6_noise_0,27011,capability_compiled,False,False,0.0,0.22110233164145981,0.22110233164145981,4.5460765892533406e-11,720,135,0,True,stage_timeout,2ebd5a46a509772b,0.7927057901710706,0.28375142947622733,135.82058346189632,0,0,0,0,False,False,0,0,0,0,0.0,0.0,0,0.0,0.0,nan,nan,delay_6_noise_0,approach,True
arm5_reference,push_to_zone,delay_6_noise_0,27012,capability_compiled,False,False,0.0,0.19237776929402536,0.19237776929402536,0.14655403351783766,720,135,0,True,stage_timeout,2ebd5a46a509772b,0.8559878523265645,0.28588665330305485,139.33038768054922,0,0,0,0,False,False,0,0,0,0,0.0,0.0,0,0.0,0.0,nan,nan,delay_6_noise_0,approach,True
arm5_reference,push_to_zone,delay_6_noise_0,27013,capability_compiled,False,False,0.0,0.24074933720751376,0.24074933720751376,3.9412608029310845e-08,720,135,0,True,stage_timeout,2ebd5a46a509772b,0.762306890159608,0.28247615380825813,136.1101352037005,0,0,0,0,False,False,0,0,0,0,0.0,0.0,0,0.0,0.0,nan,nan,delay_6_noise_0,approach,True
arm5_reference,push_to_zone,delay_6_noise_0,27014,capability_compiled,False,False,0.0,0.29088618835173446,0.29088618835173446,0.11571018744900287,720,135,0,True,stage_timeout,2ebd5a46a509772b,0.8679279160747322,0.28682616527426397,140.64149520850322,0,0,0,0,False,False,0,0,0,0,0.0,0.0,0,0.0,0.0,nan,nan,delay_6_noise_0,approach,True
arm5_reference,push_to_zone,delay_6_noise_0,27015,capability_compiled,False,False,0.0,0.23666053259348693,0.23666053259348693,6.554405353828935e-11,720,135,0,True,stage_timeout,2ebd5a46a509772b,0.7827294169427117,0.2844104127305803,136.93089185480366,0,0,0,0,False,False,0,0,0,0,0.0,0.0,0,0.0,0.0,nan,nan,delay_6_noise_0,approach,True
arm5_reference,push_to_zone,delay_6_noise_0,27016,capability_compiled,False,False,0.0,0.24229377755591533,0.24229377755591533,3.6483018407660116e-11,720,135,0,True,stage_timeout,2ebd5a46a509772b,0.9037554396094634,0.2877450437672,146.97974776998217,0,0,0,0,False,False,0,0,0,0,0.0,0.0,0,0.0,0.0,nan,nan,delay_6_noise_0,approach,True
arm5_reference,push_to_zone,delay_6_noise_0,27017,capability_compiled,False,False,0.0,0.20976374883782042,0.20976374883782042,0.12756849948040438,720,135,0,True,stage_timeout,2ebd5a46a509772b,0.8622432830037927,0.2867446602799489,142.23379282407177,0,0,0,0,False,False,0,0,0,0,0.0,0.0,0,0.0,0.0,nan,nan,delay_6_noise_0,approach,True
arm5_reference,push_to_zone,delay_6_noise_0,27018,capability_compiled,False,False,0.0,0.19760308843512545,0.19760308843512545,0.14180494938442445,720,135,0,True,stage_timeout,2ebd5a46a509772b,0.8328623208256021,0.284932724644868,139.79902177251083,0,0,0,0,False,False,0,0,0,0,0.0,0.0,0,0.0,0.0,nan,nan,delay_6_noise_0,approach,True
arm5_reference,push_to_zone,delay_6_noise_0,27019,capability_compiled,False,False,0.0,0.2441899139352947,0.2441899139352947,3.427958036151849e-08,720,135,0,True,stage_timeout,2ebd5a46a509772b,0.8289829542399496,0.2853954202669581,139.79369507005964,0,0,0,0,False,False,0,0,0,0,0.0,0.0,0,0.0,0.0,nan,nan,delay_6_noise_0,approach,True
arm5_reference,push_to_zone,delay_6_noise_0,27020,capability_compiled,False,False,0.0,0.24398822876135393,0.24398822876135393,2.3090115318366757e-08,720,135,0,True,stage_timeout,2ebd5a46a509772b,0.882507774009319,0.2881623342904713,147.22264232020459,0,0,0,0,False,False,0,0,0,0,0.0,0.0,0,0.0,0.0,nan,nan,delay_6_noise_0,approach,True
arm5_reference,push_to_zone,delay_6_noise_0,27021,capability_compiled,False,False,0.0,0.24167512545490957,0.24167512545490957,2.9813675100552244e-08,720,135,0,True,stage_timeout,2ebd5a46a509772b,0.824626468356771,0.2867944800374829,142.56742811971642,0,0,0,0,False,False,0,0,0,0,0.0,0.0,0,0.0,0.0,nan,nan,delay_6_noise_0,approach,True
arm5_reference,push_to_zone,delay_6_noise_0,27022,capability_compiled,False,False,0.0,0.22385238912961922,0.22385238912961922,0.12731610088420198,720,135,0,True,stage_timeout,2ebd5a46a509772b,0.8679121535740877,0.28472621763452793,140.42200653833814,0,0,0,0,False,False,0,0,0,0,0.0,0.0,0,0.0,0.0,nan,nan,delay_6_noise_0,approach,True
arm5_reference,push_to_zone,delay_6_noise_0,27023,capability_compiled,False,False,0.0,0.2759913968925493,0.2759913968925493,4.791132712023615e-11,720,135,0,True,stage_timeout,2ebd5a46a509772b,0.808848264707891,0.28341196157499804,137.1408858846764,0,0,0,0,False,False,0,0,0,0,0.0,0.0,0,0.0,0.0,nan,nan,delay_6_noise_0,approach,True
arm5_reference,push_to_zone,delay_6_noise_0,27024,capability_compiled,False,False,0.0,0.2657369089118238,0.2657369089118238,2.537314592000654e-08,720,135,0,True,stage_timeout,2ebd5a46a509772b,0.8061742277782864,0.2851885250459188,144.02001141268724,0,0,0,0,False,False,0,0,0,0,0.0,0.0,0,0.0,0.0,nan,nan,delay_6_noise_0,approach,True
arm5_distal_heavy,push_to_zone,delay_6_noise_0,27001,capability_compiled,False,False,0.0,0.28312185896842634,0.28312185896842634,1.076726168471889e-07,720,135,0,True,stage_timeout,2ebd5a46a509772b,0.8718191101824475,0.2861055853804043,72.17039311278052,0,0,0,0,False,False,2,2,0,0,0.0,0.0,0,0.0,0.0,nan,nan,delay_6_noise_0,approach,True
arm5_distal_heavy,push_to_zone,delay_6_noise_0,27002,capability_compiled,False,False,0.0,0.24385331421080222,0.24385331421080222,4.049605678608611e-07,720,135,0,True,stage_timeout,2ebd5a46a509772b,0.7563525819126475,0.27465302273623143,72.53134963631244,0,0,0,0,False,False,2,2,0,0,0.0,0.0,0,0.0,0.0,nan,nan,delay_6_noise_0,approach,True
arm5_distal_heavy,push_to_zone,delay_6_noise_0,27003,capability_compiled,False,False,0.0,0.23619829088872119,0.23619829088872119,4.192017833266774e-08,720,135,0,True,stage_timeout,2ebd5a46a509772b,0.8304062965488836,0.28177763972252023,71.3918523125571,0,0,0,0,False,False,3,3,0,0,0.0,0.0,0,0.0,0.0,nan,nan,delay_6_noise_0,approach,True
arm5_distal_heavy,push_to_zone,delay_6_noise_0,27004,capability_compiled,False,False,0.0,0.2591098898616212,0.2591098898616212,4.391637865157553e-08,720,135,0,True,stage_timeout,2ebd5a46a509772b,0.798878171614887,0.28074067404834,69.62969973269638,0,0,0,0,False,False,4,4,0,0,0.0,0.0,0,0.0,0.0,nan,nan,delay_6_noise_0,approach,True
arm5_distal_heavy,push_to_zone,delay_6_noise_0,27005,capability_compiled,False,False,0.0,0.2494706172018034,0.2494706172018034,1.625491866009112e-08,720,135,0,True,stage_timeout,2ebd5a46a509772b,0.6837490951719194,0.27212634217357745,60.28736690109531,0,0,0,0,False,False,9,9,0,0,0.0,0.0,0,0.0,0.0,nan,nan,delay_6_noise_0,approach,True
arm5_distal_heavy,push_to_zone,delay_6_noise_0,27006,capability_compiled,False,False,0.0,0.282746812493051,0.282746812493051,6.189047461666425e-09,720,135,0,True,stage_timeout,2ebd5a46a509772b,0.8649389643875698,0.28258026399992514,78.39440160565141,0,0,0,0,False,False,1,1,0,0,0.0,0.0,0,0.0,0.0,nan,nan,delay_6_noise_0,approach,True
arm5_distal_heavy,push_to_zone,delay_6_noise_0,27007,capability_compiled,False,False,0.0,0.24411434968406098,0.24411434968406098,6.08822902373958e-08,720,135,0,True,stage_timeout,2ebd5a46a509772b,0.7495533781216559,0.27514704627891573,65.73552748500586,0,0,0,0,False,False,6,6,0,0,0.0,0.0,0,0.0,0.0,nan,nan,delay_6_noise_0,approach,True
arm5_distal_heavy,push_to_zone,delay_6_noise_0,27008,capability_compiled,False,False,0.0,0.24673155046771938,0.24673155046771938,4.609376006798061e-07,720,135,0,True,stage_timeout,2ebd5a46a509772b,0.8117538571980978,0.27993284320671763,77.40621047284537,0,0,0,0,False,False,0,0,0,0,0.0,0.0,0,0.0,0.0,nan,nan,delay_6_noise_0,approach,True
arm5_distal_heavy,push_to_zone,delay_6_noise_0,27009,capability_compiled,False,False,0.0,0.255935621634799,0.255935621634799,5.319909759536386e-08,720,135,0,True,stage_timeout,2ebd5a46a509772b,0.8812299135693276,0.28728417494540337,76.86276877862802,0,0,0,0,False,False,1,1,0,0,0.0,0.0,0,0.0,0.0,nan,nan,delay_6_noise_0,approach,True
arm5_distal_heavy,push_to_zone,delay_6_noise_0,27010,capability_compiled,False,False,0.0,0.25680058798386707,0.25680058798386707,1.965247985246038e-11,720,135,0,True,stage_timeout,2ebd5a46a509772b,0.797062278394967,0.2811435711826484,69.2646593375954,0,0,0,0,False,False,4,4,0,0,0.0,0.0,0,0.0,0.0,nan,nan,delay_6_noise_0,approach,True
arm5_distal_heavy,push_to_zone,delay_6_noise_0,27011,capability_compiled,False,False,0.0,0.2663324863508954,0.2663324863508954,5.408621889567439e-07,720,135,0,True,stage_timeout,2ebd5a46a509772b,0.7972088798443102,0.2823245689675387,70.07826166104292,0,0,0,0,False,False,2,2,0,0,0.0,0.0,0,0.0,0.0,nan,nan,delay_6_noise_0,approach,True
arm5_distal_heavy,push_to_zone,delay_6_noise_0,27012,capability_compiled,False,False,0.0,0.2680561310594737,0.2680561310594737,5.2665344338748996e-08,720,135,0,True,stage_timeout,2ebd5a46a509772b,0.8770805604665677,0.2869733102171674,80.00695867810583,0,0,0,0,False,False,1,1,0,0,0.0,0.0,0,0.0,0.0,nan,nan,delay_6_noise_0,approach,True
arm5_distal_heavy,push_to_zone,delay_6_noise_0,27013,capability_compiled,False,False,0.0,0.269389454489787,0.269389454489787,3.6978898784118745e-08,720,135,0,True,stage_timeout,2ebd5a46a509772b,0.7496285696712031,0.275870484958658,73.37372703690693,0,0,0,0,False,False,2,2,0,0,0.0,0.0,0,0.0,0.0,nan,nan,delay_6_noise_0,approach,True
arm5_distal_heavy,push_to_zone,delay_6_noise_0,27014,capability_compiled,False,False,0.0,0.2634987075216167,0.2634987075216167,2.7740034358959652e-08,720,135,0,True,stage_timeout,2ebd5a46a509772b,0.869134019622386,0.2864222426971404,77.23989248143712,0,0,0,0,False,False,1,1,0,0,0.0,0.0,0,0.0,0.0,nan,nan,delay_6_noise_0,approach,True
arm5_distal_heavy,push_to_zone,delay_6_noise_0,27015,capability_compiled,False,False,0.0,0.23538565618591054,0.23538565618591054,2.7646554331683123e-08,720,135,0,True,stage_timeout,2ebd5a46a509772b,0.7595165357135647,0.2759731584192038,69.55382346148573,0,0,0,0,False,False,3,3,0,0,0.0,0.0,0,0.0,0.0,nan,nan,delay_6_noise_0,approach,True
arm5_distal_heavy,push_to_zone,delay_6_noise_0,27016,capability_compiled,False,False,0.0,0.24103941561366726,0.24103941561366726,0.0891776136884625,720,135,0,True,stage_timeout,2ebd5a46a509772b,0.8764724975085156,0.284244632330755,88.39413967495038,0,0,0,0,False,False,0,0,0,0,0.0,0.0,0,0.0,0.0,nan,nan,delay_6_noise_0,approach,True
arm5_distal_heavy,push_to_zone,delay_6_noise_0,27017,capability_compiled,False,False,0.0,0.24541103197032738,0.24541103197032738,0.08402859891362584,720,135,0,True,stage_timeout,2ebd5a46a509772b,0.850723404634325,0.282183138058328,82.66183957213133,0,0,0,0,False,False,0,0,0,0,0.0,0.0,0,0.0,0.0,nan,nan,delay_6_noise_0,approach,True
arm5_distal_heavy,push_to_zone,delay_6_noise_0,27018,capability_compiled,False,False,0.0,0.2743488296575985,0.2743488296575985,4.5348088323170016e-11,720,135,0,True,stage_timeout,2ebd5a46a509772b,0.8344710081810485,0.28180527894577395,74.04833138753824,0,0,0,0,False,False,2,2,0,0,0.0,0.0,0,0.0,0.0,nan,nan,delay_6_noise_0,approach,True
arm5_distal_heavy,push_to_zone,delay_6_noise_0,27019,capability_compiled,False,False,0.0,0.24096656705472733,0.24096656705472733,5.2654374217769176e-11,720,135,0,True,stage_timeout,2ebd5a46a509772b,0.8225512005510187,0.27999380889577047,79.22233480127645,0,0,0,0,False,False,1,1,0,0,0.0,0.0,0,0.0,0.0,nan,nan,delay_6_noise_0,approach,True
arm5_distal_heavy,push_to_zone,delay_6_noise_0,27020,capability_compiled,False,False,0.0,0.2341709815103528,0.2341709815103528,5.152827462274825e-11,720,135,0,True,stage_timeout,2ebd5a46a509772b,0.8503601286101201,0.2805363024816086,84.54564474947856,0,0,0,0,False,False,1,1,0,0,0.0,0.0,0,0.0,0.0,nan,nan,delay_6_noise_0,approach,True
arm5_distal_heavy,push_to_zone,delay_6_noise_0,27021,capability_compiled,False,False,0.0,0.2580587196024387,0.2580587196024387,2.4747303339405976e-11,720,135,0,True,stage_timeout,2ebd5a46a509772b,0.8073234964833413,0.278323176651047,83.06007488410673,0,0,0,0,False,False,1,1,0,0,0.0,0.0,0,0.0,0.0,nan,nan,delay_6_noise_0,approach,True
arm5_distal_heavy,push_to_zone,delay_6_noise_0,27022,capability_compiled,False,False,0.0,0.2596520958825418,0.2596520958825418,4.157266279957414e-09,720,135,0,True,stage_timeout,2ebd5a46a509772b,0.8887821668712876,0.28708019719504346,81.04806933042717,0,0,0,0,False,False,0,0,0,0,0.0,0.0,0,0.0,0.0,nan,nan,delay_6_noise_0,approach,True
arm5_distal_heavy,push_to_zone,delay_6_noise_0,27023,capability_compiled,False,False,0.0,0.23770953802177536,0.23770953802177536,2.884503557045578e-08,720,135,0,True,stage_timeout,2ebd5a46a509772b,0.7990649021239422,0.27875936242466104,75.7174306788542,0,0,0,0,False,False,1,1,0,0,0.0,0.0,0,0.0,0.0,nan,nan,delay_6_noise_0,approach,True
arm5_distal_heavy,push_to_zone,delay_6_noise_0,27024,capability_compiled,False,False,0.0,0.2501788962201203,0.2501788962201203,9.698092245001141e-08,720,135,0,True,stage_timeout,2ebd5a46a509772b,0.7183283722277651,0.2723698699999209,65.11834515937042,0,0,0,0,False,False,8,8,0,0,0.0,0.0,0,0.0,0.0,nan,nan,delay_6_noise_0,approach,True
arm5_weak_actuator,push_to_zone,delay_6_noise_0,27001,capability_compiled,False,False,0.0,0.17255088846702757,0.17255088846702757,6.526485107982398e-06,720,135,0,True,stage_timeout,2ebd5a46a509772b,0.5196270979390514,0.23835952454932668,146.16333975211472,0,0,0,0,False,False,0,0,0,0,0.0,0.0,0,0.0,0.0,nan,nan,delay_6_noise_0,approach,True
arm5_weak_actuator,push_to_zone,delay_6_noise_0,27002,capability_compiled,False,False,0.0,0.20598995451443003,0.20598995451443003,1.571117633153925e-08,720,135,0,True,stage_timeout,2ebd5a46a509772b,0.4532057880436371,0.22982705320595626,155.52415273308534,0,0,0,0,False,False,0,0,0,0,0.0,0.0,0,0.0,0.0,nan,nan,delay_6_noise_0,approach,True
arm5_weak_actuator,push_to_zone,delay_6_noise_0,27003,capability_compiled,False,False,0.0,0.19724264950086107,0.19724264950086107,9.424348331965792e-09,720,135,0,True,stage_timeout,2ebd5a46a509772b,0.5351836546074842,0.23770290608892475,157.1074858738258,0,0,0,0,False,False,0,0,0,0,0.0,0.0,0,0.0,0.0,nan,nan,delay_6_noise_0,approach,True
arm5_weak_actuator,push_to_zone,delay_6_noise_0,27004,capability_compiled,False,False,0.0,0.20738775097653211,0.20738775097653211,0.09298056416082898,720,135,0,True,stage_timeout,2ebd5a46a509772b,0.48215816115336585,0.233489893272637,153.30947953255864,0,0,0,0,False,False,0,0,0,0,0.0,0.0,0,0.0,0.0,nan,nan,delay_6_noise_0,approach,True
arm5_weak_actuator,push_to_zone,delay_6_noise_0,27005,capability_compiled,False,False,0.0,0.19243644559956322,0.19243644559956322,2.3020317844760046e-08,720,135,0,True,stage_timeout,2ebd5a46a509772b,0.4025325441942864,0.2225490582565045,160.19291512251777,0,0,0,0,False,False,0,0,0,0,0.0,0.0,0,0.0,0.0,nan,nan,delay_6_noise_0,approach,True
arm5_weak_actuator,push_to_zone,delay_6_noise_0,27006,capability_compiled,False,False,0.0,0.1785272830541563,0.1785272830541563,1.7707606708146635e-07,720,135,0,True,stage_timeout,2ebd5a46a509772b,0.49557618501648326,0.2293573364637441,158.94849597006873,0,0,0,0,False,False,0,0,0,0,0.0,0.0,0,0.0,0.0,nan,nan,delay_6_noise_0,approach,True
arm5_weak_actuator,push_to_zone,delay_6_noise_0,27007,capability_compiled,False,False,0.0,0.20375803746786966,0.20375803746786966,3.184070736825844e-11,720,135,0,True,stage_timeout,2ebd5a46a509772b,0.4642572309916848,0.22982757782570498,157.44040928358922,0,0,0,0,False,False,0,0,0,0,0.0,0.0,0,0.0,0.0,nan,nan,delay_6_noise_0,approach,True
arm5_weak_actuator,push_to_zone,delay_6_noise_0,27008,capability_compiled,False,False,0.0,0.1587075365854223,0.1587075365854223,2.9492558828188335e-11,720,135,0,True,stage_timeout,2ebd5a46a509772b,0.5042719753793179,0.23732106104623912,148.7983622020222,0,0,0,0,False,False,0,0,0,0,0.0,0.0,0,0.0,0.0,nan,nan,delay_6_noise_0,approach,True
arm5_weak_actuator,push_to_zone,delay_6_noise_0,27009,capability_compiled,False,False,0.0,0.19585936769961007,0.19585936769961007,5.548915490165352e-07,720,135,0,True,stage_timeout,2ebd5a46a509772b,0.551888297681395,0.23979623052257093,156.8382807920015,0,0,0,0,False,False,0,0,0,0,0.0,0.0,0,0.0,0.0,nan,nan,delay_6_noise_0,approach,True
arm5_weak_actuator,push_to_zone,delay_6_noise_0,27010,capability_compiled,False,False,0.0,0.19272356206609836,0.19272356206609836,2.381858286484178e-07,720,135,0,True,stage_timeout,2ebd5a46a509772b,0.49387003991355716,0.23312230040427023,157.45694998117682,0,0,0,0,False,False,0,0,0,0,0.0,0.0,0,0.0,0.0,nan,nan,delay_6_noise_0,approach,True
arm5_weak_actuator,push_to_zone,delay_6_noise_0,27011,capability_compiled,False,False,0.0,0.20342938586079098,0.20342938586079098,6.481044513061332e-08,720,135,0,True,stage_timeout,2ebd5a46a509772b,0.5374447335105792,0.24176160997936105,149.01172873449076,0,0,0,0,False,False,0,0,0,0,0.0,0.0,0,0.0,0.0,nan,nan,delay_6_noise_0,approach,True
arm5_weak_actuator,push_to_zone,delay_6_noise_0,27012,capability_compiled,False,False,0.0,0.18919396949151096,0.18919396949151096,4.056009249510462e-11,720,135,0,True,stage_timeout,2ebd5a46a509772b,0.5448558267413741,0.2406587350215941,151.22888746166686,0,0,0,0,False,False,0,0,0,0,0.0,0.0,0,0.0,0.0,nan,nan,delay_6_noise_0,approach,True
arm5_weak_actuator,push_to_zone,delay_6_noise_0,27013,capability_compiled,False,False,0.0,0.19908986587767047,0.19908986587767047,5.35853923552134e-08,720,135,0,True,stage_timeout,2ebd5a46a509772b,0.43213702111862506,0.22830624893738294,154.2366572517403,0,0,0,0,False,False,0,0,0,0,0.0,0.0,0,0.0,0.0,nan,nan,delay_6_noise_0,approach,True
arm5_weak_actuator,push_to_zone,delay_6_noise_0,27014,capability_compiled,False,False,0.0,0.19315238784299923,0.19315238784299923,7.5826463276238e-07,720,135,0,True,stage_timeout,2ebd5a46a509772b,0.5563903798593572,0.2416654455764834,153.95070743340787,0,0,0,0,False,False,0,0,0,0,0.0,0.0,0,0.0,0.0,nan,nan,delay_6_noise_0,approach,True
arm5_weak_actuator,push_to_zone,delay_6_noise_0,27015,capability_compiled,False,False,0.0,0.1949797265923256,0.1949797265923256,5.087076765374052e-11,720,135,0,True,stage_timeout,2ebd5a46a509772b,0.48493320314979593,0.2345885768331321,153.20617645473445,0,0,0,0,False,False,0,0,0,0,0.0,0.0,0,0.0,0.0,nan,nan,delay_6_noise_0,approach,True
arm5_weak_actuator,push_to_zone,delay_6_noise_0,27016,capability_compiled,False,False,0.0,0.1770087883150827,0.1770087883150827,1.8231467501012463e-07,720,135,0,True,stage_timeout,2ebd5a46a509772b,0.5367003161897008,0.2352183189804176,160.44891035571177,0,0,0,0,False,False,0,0,0,0,0.0,0.0,0,0.0,0.0,nan,nan,delay_6_noise_0,approach,True
arm5_weak_actuator,push_to_zone,delay_6_noise_0,27017,capability_compiled,False,False,0.0,0.17231891362288393,0.17231891362288393,0.08625285939780496,720,135,0,True,stage_timeout,2ebd5a46a509772b,0.5244269807583111,0.23567180444426616,154.2686961967644,0,0,0,0,False,False,0,0,0,0,0.0,0.0,0,0.0,0.0,nan,nan,delay_6_noise_0,approach,True
arm5_weak_actuator,push_to_zone,delay_6_noise_0,27018,capability_compiled,False,False,0.0,0.18800437317982294,0.18800437317982294,0.08129915816390672,720,135,0,True,stage_timeout,2ebd5a46a509772b,0.48256988534451306,0.23152162621433534,155.88898055270147,0,0,0,0,False,False,0,0,0,0,0.0,0.0,0,0.0,0.0,nan,nan,delay_6_noise_0,approach,True
arm5_weak_actuator,push_to_zone,delay_6_noise_0,27019,capability_compiled,False,False,0.0,0.1671986967764092,0.1671986967764092,5.171841249997538e-08,720,135,0,True,stage_timeout,2ebd5a46a509772b,0.5024202695188067,0.23488635941293734,153.4547112033278,0,0,0,0,False,False,0,0,0,0,0.0,0.0,0,0.0,0.0,nan,nan,delay_6_noise_0,approach,True
arm5_weak_actuator,push_to_zone,delay_6_noise_0,27020,capability_compiled,False,False,0.0,0.1894074656799216,0.1894074656799216,5.547840138068722e-08,720,135,0,True,stage_timeout,2ebd5a46a509772b,0.5020911072596665,0.2297378279967507,162.41997088711116,0,0,0,0,False,False,0,0,0,0,0.0,0.0,0,0.0,0.0,nan,nan,delay_6_noise_0,approach,True
arm5_weak_actuator,push_to_zone,delay_6_noise_0,27021,capability_compiled,False,False,0.0,0.1935500870171584,0.1935500870171584,1.1394327960001838e-07,720,135,0,True,stage_timeout,2ebd5a46a509772b,0.473342245258888,0.23052646591847487,157.61125676141268,0,0,0,0,False,False,0,0,0,0,0.0,0.0,0,0.0,0.0,nan,nan,delay_6_noise_0,approach,True
arm5_weak_actuator,push_to_zone,delay_6_noise_0,27022,capability_compiled,False,False,0.0,0.1732395813490939,0.1732395813490939,3.3831802639429976e-11,720,135,0,True,stage_timeout,2ebd5a46a509772b,0.544720997104839,0.2393622064923587,152.27454841310052,0,0,0,0,False,False,0,0,0,0,0.0,0.0,0,0.0,0.0,nan,nan,delay_6_noise_0,approach,True
arm5_weak_actuator,push_to_zone,delay_6_noise_0,27023,capability_compiled,False,False,0.0,0.17218711940784123,0.17218711940784123,0.08859951170305588,720,135,0,True,stage_timeout,2ebd5a46a509772b,0.5038621011050353,0.23643200942643366,151.74962396297337,0,0,0,0,False,False,0,0,0,0,0.0,0.0,0,0.0,0.0,nan,nan,delay_6_noise_0,approach,True
arm5_weak_actuator,push_to_zone,delay_6_noise_0,27024,capability_compiled,False,False,0.0,0.225334260141093,0.225334260141093,6.659251864823993e-11,720,135,0,True,stage_timeout,2ebd5a46a509772b,0.3442845396848151,0.20887867982188751,173.25214848213005,0,0,0,0,False,False,0,0,0,0,0.0,0.0,0,0.0,0.0,nan,nan,delay_6_noise_0,approach,True
arm5_posture_shifted,push_to_zone,delay_6_noise_0,27001,capability_compiled,False,False,0.0,0.26631609908046644,0.26631609908046644,6.172134260140182e-08,720,135,0,True,stage_timeout,2ebd5a46a509772b,0.7609957071496276,0.27994968968499373,143.83042770852126,0,0,0,0,False,False,0,0,0,0,0.0,0.0,0,0.0,0.0,nan,nan,delay_6_noise_0,approach,True
arm5_posture_shifted,push_to_zone,delay_6_noise_0,27002,capability_compiled,False,False,0.0,0.5177941257008347,0.5177941257008347,0.331389160607857,720,135,0,True,stage_timeout,2ebd5a46a509772b,0.7361130510405807,0.2834195311811197,149.05243768648083,0,0,0,0,False,False,0,0,0,0,0.0,0.0,0,0.0,0.0,nan,nan,delay_6_noise_0,approach,True
arm5_posture_shifted,push_to_zone,delay_6_noise_0,27003,capability_compiled,False,False,0.0,0.26274311318100163,0.26274311318100163,0.1404303409941624,720,135,0,True,stage_timeout,2ebd5a46a509772b,0.8074932511733022,0.28525070465649915,150.44927729282023,0,0,0,0,False,False,0,0,0,0,0.0,0.0,0,0.0,0.0,nan,nan,delay_6_noise_0,approach,True
arm5_posture_shifted,push_to_zone,delay_6_noise_0,27004,capability_compiled,False,False,0.0,0.22531479303459062,0.22531479303459062,3.850410709256415e-09,720,135,0,True,stage_timeout,2ebd5a46a509772b,0.7446607058469787,0.2827040498903178,148.59854537242393,0,0,0,0,False,False,0,0,0,0,0.0,0.0,0,0.0,0.0,nan,nan,delay_6_noise_0,approach,True
arm5_posture_shifted,push_to_zone,delay_6_noise_0,27005,capability_compiled,False,False,0.0,0.3401156040465651,0.3401156040465651,0.14589802451554948,720,135,0,True,stage_timeout,2ebd5a46a509772b,0.718743942448965,0.2827062681710039,149.29128038336992,0,0,0,0,False,False,0,0,0,0,0.0,0.0,0,0.0,0.0,nan,nan,delay_6_noise_0,approach,True
arm5_posture_shifted,push_to_zone,delay_6_noise_0,27006,capability_compiled,False,False,0.0,0.26707129801179674,0.26707129801179674,5.61140721938133e-08,720,135,0,True,stage_timeout,2ebd5a46a509772b,0.7989107241569955,0.28473748965192464,154.15050151817852,0,0,0,0,False,False,0,0,0,0,0.0,0.0,0,0.0,0.0,nan,nan,delay_6_noise_0,approach,True
arm5_posture_shifted,push_to_zone,delay_6_noise_0,27007,capability_compiled,False,False,0.0,0.26837240395184214,0.26837240395184214,0.11587843050308604,720,135,0,True,stage_timeout,2ebd5a46a509772b,0.7567096588206264,0.2834736807553957,149.30253567284595,0,0,0,0,False,False,0,0,0,0,0.0,0.0,0,0.0,0.0,nan,nan,delay_6_noise_0,approach,True
arm5_posture_shifted,push_to_zone,delay_6_noise_0,27008,capability_compiled,False,False,0.0,0.5389885243189055,0.5389885243189055,0.34716602175684924,720,135,0,True,stage_timeout,2ebd5a46a509772b,0.7394370651096711,0.27965955339804843,144.31738860851326,0,0,0,0,False,False,0,0,0,0,0.0,0.0,0,0.0,0.0,nan,nan,delay_6_noise_0,approach,True
arm5_posture_shifted,push_to_zone,delay_6_noise_0,27009,capability_compiled,False,False,0.0,0.6230450895118174,0.6230450895118174,0.49723167643344485,720,135,0,True,stage_timeout,2ebd5a46a509772b,0.8212600017281888,0.28573006062222467,150.8772922394722,0,0,0,0,False,False,0,0,0,0,0.0,0.0,0,0.0,0.0,nan,nan,delay_6_noise_0,approach,True
arm5_posture_shifted,push_to_zone,delay_6_noise_0,27010,capability_compiled,False,False,0.0,0.37141094693071897,0.37141094693071897,0.4739972945728442,720,135,0,True,stage_timeout,2ebd5a46a509772b,0.7770642559815828,0.2857384054594553,151.26822751148396,0,0,0,0,False,False,0,0,0,0,0.0,0.0,0,0.0,0.0,nan,nan,delay_6_noise_0,approach,True
arm5_posture_shifted,push_to_zone,delay_6_noise_0,27011,capability_compiled,False,False,0.0,0.3017975141450516,0.3017975141450516,0.21110227577273244,720,135,0,True,stage_timeout,2ebd5a46a509772b,0.745766941669868,0.28281142360617184,146.53341111677886,0,0,0,0,False,False,0,0,0,0,0.0,0.0,0,0.0,0.0,nan,nan,delay_6_noise_0,approach,True
arm5_posture_shifted,push_to_zone,delay_6_noise_0,27012,capability_compiled,False,False,0.0,0.5249472194725708,0.5249472194725708,0.3340997314844157,720,135,0,True,stage_timeout,2ebd5a46a509772b,0.7893111891131337,0.28329793051291136,147.24335676098593,0,0,0,0,False,False,0,0,0,0,0.0,0.0,0,0.0,0.0,nan,nan,delay_6_noise_0,approach,True
arm5_posture_shifted,push_to_zone,delay_6_noise_0,27013,capability_compiled,False,False,0.0,0.5877120996413304,0.5877120996413304,0.42094037250078553,720,135,0,True,stage_timeout,2ebd5a46a509772b,0.7191040469407857,0.2809616819329377,146.35439196539667,0,0,0,0,False,False,0,0,0,0,0.0,0.0,0,0.0,0.0,nan,nan,delay_6_noise_0,approach,True
arm5_posture_shifted,push_to_zone,delay_6_noise_0,27014,capability_compiled,False,False,0.0,0.3309393789574219,0.3309393789574219,0.4483188495783693,720,135,0,True,stage_timeout,2ebd5a46a509772b,0.8037042878467506,0.2846988930265483,149.8474951111031,0,0,0,0,False,False,0,0,0,0,0.0,0.0,0,0.0,0.0,nan,nan,delay_6_noise_0,approach,True
arm5_posture_shifted,push_to_zone,delay_6_noise_0,27015,capability_compiled,False,False,0.0,0.3877908669157735,0.3877908669157735,0.41820614974106407,720,135,0,True,stage_timeout,2ebd5a46a509772b,0.7446997694819624,0.2839705388494836,148.5134113439377,0,0,0,0,False,False,0,0,0,0,0.0,0.0,0,0.0,0.0,nan,nan,delay_6_noise_0,approach,True
arm5_posture_shifted,push_to_zone,delay_6_noise_0,27016,capability_compiled,False,False,0.0,0.6360279147424078,0.6360279147424078,0.5280973497341614,720,135,0,True,stage_timeout,2ebd5a46a509772b,0.8314676315634348,0.2861987374560355,156.30927688535,0,0,0,0,False,False,0,0,0,0,0.0,0.0,0,0.0,0.0,nan,nan,delay_6_noise_0,approach,True
arm5_posture_shifted,push_to_zone,delay_6_noise_0,27017,capability_compiled,False,False,0.0,0.2935264891944708,0.2935264891944708,0.07950725423103229,720,135,0,True,stage_timeout,2ebd5a46a509772b,0.7879091005908743,0.2840578502683818,151.58946956226953,0,0,0,0,False,False,0,0,0,0,0.0,0.0,0,0.0,0.0,nan,nan,delay_6_noise_0,approach,True
arm5_posture_shifted,push_to_zone,delay_6_noise_0,27018,capability_compiled,False,False,0.0,0.23970585505175634,0.23970585505175634,6.024978736362516e-11,720,135,0,True,stage_timeout,2ebd5a46a509772b,0.7659248345220679,0.2824702780451379,148.7637301840158,0,0,0,0,False,False,0,0,0,0,0.0,0.0,0,0.0,0.0,nan,nan,delay_6_noise_0,approach,True
arm5_posture_shifted,push_to_zone,delay_6_noise_0,27019,capability_compiled,False,False,0.0,0.5172643003856483,0.5172643003856483,0.3296710771702298,720,135,0,True,stage_timeout,2ebd5a46a509772b,0.7657335551996596,0.2827632583396828,148.68740724696178,0,0,0,0,False,False,0,0,0,0,0.0,0.0,0,0.0,0.0,nan,nan,delay_6_noise_0,approach,True
arm5_posture_shifted,push_to_zone,delay_6_noise_0,27020,capability_compiled,False,False,0.0,0.23037256503152873,0.23037256503152873,0.11736751250832812,720,135,0,True,stage_timeout,2ebd5a46a509772b,0.8181789220441056,0.2868782010620029,156.97103400110197,0,0,0,0,False,False,0,0,0,0,0.0,0.0,0,0.0,0.0,nan,nan,delay_6_noise_0,approach,True
arm5_posture_shifted,push_to_zone,delay_6_noise_0,27021,capability_compiled,False,False,0.0,0.2657870599011582,0.2657870599011582,4.520844786559701e-08,720,135,0,True,stage_timeout,2ebd5a46a509772b,0.7604520235619665,0.2842842637401303,152.744294948018,0,0,0,0,False,False,0,0,0,0,0.0,0.0,0,0.0,0.0,nan,nan,delay_6_noise_0,approach,True
arm5_posture_shifted,push_to_zone,delay_6_noise_0,27022,capability_compiled,False,False,0.0,0.3606544944970282,0.3606544944970282,0.3425639566595406,720,135,0,True,stage_timeout,2ebd5a46a509772b,0.7994527606822759,0.28248218871190023,148.07380966056323,0,0,0,0,False,False,0,0,0,0,0.0,0.0,0,0.0,0.0,nan,nan,delay_6_noise_0,approach,True
arm5_posture_shifted,push_to_zone,delay_6_noise_0,27023,capability_compiled,False,False,0.0,0.471846179070616,0.471846179070616,0.40024462378944614,720,135,0,True,stage_timeout,2ebd5a46a509772b,0.7535027293672005,0.28199346344714105,147.1784471432882,0,0,0,0,False,False,0,0,0,0,0.0,0.0,0,0.0,0.0,nan,nan,delay_6_noise_0,approach,True
arm5_posture_shifted,push_to_zone,delay_6_noise_0,27024,capability_compiled,False,False,0.0,0.2579273816493728,0.2579273816493728,2.155440192739271e-11,720,135,0,True,stage_timeout,2ebd5a46a509772b,0.7661198737803181,0.28669825875440447,158.16584724091376,0,0,0,0,False,False,0,0,0,0,0.0,0.0,0,0.0,0.0,nan,nan,delay_6_noise_0,approach,True
arm5_reference,push_to_zone,delay_6_noise_0.0035,27001,capability_compiled,False,False,0.0,0.21717740455794743,0.21717740455794743,0.12775167228907597,720,135,0,True,stage_timeout,2ebd5a46a509772b,0.8303620384513302,0.2819387701068443,137.7123652485205,0,0,0,0,False,False,0,0,0,0,0.0,0.0,0,0.0,0.0,nan,nan,delay_6_noise_0.0035,approach,True
arm5_reference,push_to_zone,delay_6_noise_0.0035,27002,capability_compiled,False,False,0.0,0.2366199271152886,0.2366199271152886,4.346077178353109e-08,720,135,0,True,stage_timeout,2ebd5a46a509772b,0.7843157273488699,0.28474056213649235,138.29485988096883,0,0,0,0,False,False,0,0,0,0,0.0,0.0,0,0.0,0.0,nan,nan,delay_6_noise_0.0035,approach,True
arm5_reference,push_to_zone,delay_6_noise_0.0035,27003,capability_compiled,False,False,0.0,0.21772730387664999,0.21772730387664999,1.139804979889501e-08,720,135,0,True,stage_timeout,2ebd5a46a509772b,0.8611735755354151,0.2849619657498265,139.85259733220707,0,0,0,0,False,False,0,0,0,0,0.0,0.0,0,0.0,0.0,nan,nan,delay_6_noise_0.0035,approach,True
arm5_reference,push_to_zone,delay_6_noise_0.0035,27004,capability_compiled,False,False,0.0,0.2656625114964561,0.2656625114964561,5.909612915674309e-08,720,135,0,True,stage_timeout,2ebd5a46a509772b,0.7984593311510837,0.28443296907297744,137.96120588836354,0,0,0,0,False,False,0,0,0,0,0.0,0.0,0,0.0,0.0,nan,nan,delay_6_noise_0.0035,approach,True
arm5_reference,push_to_zone,delay_6_noise_0.0035,27005,capability_compiled,False,False,0.0,0.2061834752735155,0.2061834752735155,8.870734618534535e-08,720,135,0,True,stage_timeout,2ebd5a46a509772b,0.7525098550307954,0.28110375547170047,137.30097859133676,0,0,0,0,False,False,0,0,0,0,0.0,0.0,0,0.0,0.0,nan,nan,delay_6_noise_0.0035,approach,True
arm5_reference,push_to_zone,delay_6_noise_0.0035,27006,capability_compiled,False,False,0.0,0.25068305440983707,0.25068305440983707,0.15509413054250212,720,135,0,True,stage_timeout,2ebd5a46a509772b,0.8727921050654801,0.2871640098361694,144.96986321323155,0,0,0,0,False,False,0,0,0,0,0.0,0.0,0,0.0,0.0,nan,nan,delay_6_noise_0.0035,approach,True
arm5_reference,push_to_zone,delay_6_noise_0.0035,27007,capability_compiled,False,False,0.0,0.22494803035098285,0.22494803035098285,9.683158061711356e-08,720,135,0,True,stage_timeout,2ebd5a46a509772b,0.7959816822123336,0.28326762768414243,136.9675470017009,0,0,0,0,False,False,0,0,0,0,0.0,0.0,0,0.0,0.0,nan,nan,delay_6_noise_0.0035,approach,True
arm5_reference,push_to_zone,delay_6_noise_0.0035,27008,capability_compiled,False,False,0.0,0.21457254569804934,0.21457254569804934,0.1283246249775923,720,135,0,True,stage_timeout,2ebd5a46a509772b,0.8016105099273303,0.28200759982308593,135.77997558249442,0,0,0,0,False,False,0,0,0,0,0.0,0.0,0,0.0,0.0,nan,nan,delay_6_noise_0.0035,approach,True
arm5_reference,push_to_zone,delay_6_noise_0.0035,27009,capability_compiled,False,False,0.0,0.21919607075926076,0.21919607075926076,6.536231503643002e-08,720,135,0,True,stage_timeout,2ebd5a46a509772b,0.8869625324438173,0.28713527080726664,141.32978402388514,0,0,0,0,False,False,0,0,0,0,0.0,0.0,0,0.0,0.0,nan,nan,delay_6_noise_0.0035,approach,True
arm5_reference,push_to_zone,delay_6_noise_0.0035,27010,capability_compiled,False,False,0.0,0.22346481404324817,0.22346481404324817,6.599777138027982e-08,720,135,0,True,stage_timeout,2ebd5a46a509772b,0.8228395099569341,0.285673376932925,140.15278915015426,0,0,0,0,False,False,0,0,0,0,0.0,0.0,0,0.0,0.0,nan,nan,delay_6_noise_0.0035,approach,True
arm5_reference,push_to_zone,delay_6_noise_0.0035,27011,capability_compiled,False,False,0.0,0.2207338593764124,0.2207338593764124,1.7833310185740957e-11,720,135,0,True,stage_timeout,2ebd5a46a509772b,0.7917545538953874,0.2835659195759732,136.20496522974366,0,0,0,0,False,False,0,0,0,0,0.0,0.0,0,0.0,0.0,nan,nan,delay_6_noise_0.0035,approach,True
arm5_reference,push_to_zone,delay_6_noise_0.0035,27012,capability_compiled,False,False,0.0,0.258596214997774,0.258596214997774,0.10634617069626426,720,135,0,True,stage_timeout,2ebd5a46a509772b,0.8581137859033745,0.28598060375465895,139.162869212536,0,0,0,0,False,False,0,0,0,0,0.0,0.0,0,0.0,0.0,nan,nan,delay_6_noise_0.0035,approach,True
arm5_reference,push_to_zone,delay_6_noise_0.0035,27013,capability_compiled,False,False,0.0,0.2419519256572439,0.2419519256572439,9.771368874374356e-07,720,135,0,True,stage_timeout,2ebd5a46a509772b,0.759606651179134,0.2821379060863572,136.16333649919585,0,0,0,0,False,False,0,0,0,0,0.0,0.0,0,0.0,0.0,nan,nan,delay_6_noise_0.0035,approach,True
arm5_reference,push_to_zone,delay_6_noise_0.0035,27014,capability_compiled,False,False,0.0,0.2934644466411366,0.2934644466411366,0.14259025987615742,720,135,0,True,stage_timeout,2ebd5a46a509772b,0.8695494753650634,0.28664469620088123,140.60106279126387,0,0,0,0,False,False,0,0,0,0,0.0,0.0,0,0.0,0.0,nan,nan,delay_6_noise_0.0035,approach,True
arm5_reference,push_to_zone,delay_6_noise_0.0035,27015,capability_compiled,False,False,0.0,0.2357052345157194,0.2357052345157194,7.26182685219514e-08,720,135,0,True,stage_timeout,2ebd5a46a509772b,0.7813030097631084,0.2840931943889261,137.03153682038553,0,0,0,0,False,False,0,0,0,0,0.0,0.0,0,0.0,0.0,nan,nan,delay_6_noise_0.0035,approach,True
arm5_reference,push_to_zone,delay_6_noise_0.0035,27016,capability_compiled,False,False,0.0,0.24503312919681144,0.24503312919681144,1.0961176077928973e-07,720,135,0,True,stage_timeout,2ebd5a46a509772b,0.9054478297166839,0.2877668990177047,147.23724582294705,0,0,0,0,False,False,0,0,0,0,0.0,0.0,0,0.0,0.0,nan,nan,delay_6_noise_0.0035,approach,True
arm5_reference,push_to_zone,delay_6_noise_0.0035,27017,capability_compiled,False,False,0.0,0.21741383340552214,0.21741383340552214,0.12282267588616055,720,135,0,True,stage_timeout,2ebd5a46a509772b,0.8583906683677678,0.2866635031443731,142.25217753702515,0,0,0,0,False,False,0,0,0,0,0.0,0.0,0,0.0,0.0,nan,nan,delay_6_noise_0.0035,approach,True
arm5_reference,push_to_zone,delay_6_noise_0.0035,27018,capability_compiled,False,False,0.0,0.191058916641251,0.191058916641251,0.14136675344616578,720,135,0,True,stage_timeout,2ebd5a46a509772b,0.8355523634128437,0.2852682259085896,139.25089687591404,0,0,0,0,False,False,0,0,0,0,0.0,0.0,0,0.0,0.0,nan,nan,delay_6_noise_0.0035,approach,True
arm5_reference,push_to_zone,delay_6_noise_0.0035,27019,capability_compiled,False,False,0.0,0.24097029281976193,0.24097029281976193,1.6761559898500206e-11,720,135,0,True,stage_timeout,2ebd5a46a509772b,0.8276812001063636,0.2855478917661153,139.69728660763647,0,0,0,0,False,False,0,0,0,0,0.0,0.0,0,0.0,0.0,nan,nan,delay_6_noise_0.0035,approach,True
arm5_reference,push_to_zone,delay_6_noise_0.0035,27020,capability_compiled,False,False,0.0,0.24282809050204834,0.24282809050204834,3.51352894239509e-11,720,135,0,True,stage_timeout,2ebd5a46a509772b,0.8831383029903581,0.2880906501445326,148.01720505460054,0,0,0,0,False,False,0,0,0,0,0.0,0.0,0,0.0,0.0,nan,nan,delay_6_noise_0.0035,approach,True
arm5_reference,push_to_zone,delay_6_noise_0.0035,27021,capability_compiled,False,False,0.0,0.23991841494882596,0.23991841494882596,2.054056718139284e-11,720,135,0,True,stage_timeout,2ebd5a46a509772b,0.8240741997788104,0.28655820292567763,142.52551889362857,0,0,0,0,False,False,0,0,0,0,0.0,0.0,0,0.0,0.0,nan,nan,delay_6_noise_0.0035,approach,True
arm5_reference,push_to_zone,delay_6_noise_0.0035,27022,capability_compiled,False,False,0.0,0.23458391880941246,0.23458391880941246,0.12113098048772579,720,135,0,True,stage_timeout,2ebd5a46a509772b,0.8685631172987696,0.28461005812192175,140.14404829909515,0,0,0,0,False,False,0,0,0,0,0.0,0.0,0,0.0,0.0,nan,nan,delay_6_noise_0.0035,approach,True
arm5_reference,push_to_zone,delay_6_noise_0.0035,27023,capability_compiled,False,False,0.0,0.2760807533673136,0.2760807533673136,0.1559875284655369,720,135,0,True,stage_timeout,2ebd5a46a509772b,0.8080092447592562,0.28387907790961525,137.52740102734552,0,0,0,0,False,False,0,0,0,0,0.0,0.0,0,0.0,0.0,nan,nan,delay_6_noise_0.0035,approach,True
arm5_reference,push_to_zone,delay_6_noise_0.0035,27024,capability_compiled,False,False,0.0,0.2634897240267944,0.2634897240267944,1.0906573743577592e-07,720,135,0,True,stage_timeout,2ebd5a46a509772b,0.807820024858509,0.28526120818470363,143.94304282970634,0,0,0,0,False,False,0,0,0,0,0.0,0.0,0,0.0,0.0,nan,nan,delay_6_noise_0.0035,approach,True
arm5_distal_heavy,push_to_zone,delay_6_noise_0.0035,27001,capability_compiled,False,False,0.0,0.2838931006303694,0.2838931006303694,7.233899289814998e-08,720,135,0,True,stage_timeout,2ebd5a46a509772b,0.869732519816147,0.2859610453152417,72.79828224922039,0,0,0,0,False,False,2,2,0,0,0.0,0.0,0,0.0,0.0,nan,nan,delay_6_noise_0.0035,approach,True
arm5_distal_heavy,push_to_zone,delay_6_noise_0.0035,27002,capability_compiled,False,False,0.0,0.24384680199935604,0.24384680199935604,6.825537765003993e-11,720,135,0,True,stage_timeout,2ebd5a46a509772b,0.7584277813054974,0.2748341678670528,73.81438857484213,0,0,0,0,False,False,3,3,0,0,0.0,0.0,0,0.0,0.0,nan,nan,delay_6_noise_0.0035,approach,True
arm5_distal_heavy,push_to_zone,delay_6_noise_0.0035,27003,capability_compiled,False,False,0.0,0.23953243350175327,0.23953243350175327,1.6054279284340105e-11,720,135,0,True,stage_timeout,2ebd5a46a509772b,0.8260725042889145,0.2811802061114614,73.04204240940034,0,0,0,0,False,False,1,1,0,0,0.0,0.0,0,0.0,0.0,nan,nan,delay_6_noise_0.0035,approach,True
arm5_distal_heavy,push_to_zone,delay_6_noise_0.0035,27004,capability_compiled,False,False,0.0,0.2606666247285707,0.2606666247285707,5.720597203384589e-08,720,135,0,True,stage_timeout,2ebd5a46a509772b,0.7991858002358141,0.2807262431556073,70.32065659262301,0,0,0,0,False,False,3,3,0,0,0.0,0.0,0,0.0,0.0,nan,nan,delay_6_noise_0.0035,approach,True
arm5_distal_heavy,push_to_zone,delay_6_noise_0.0035,27005,capability_compiled,False,False,0.0,0.24078220020422242,0.24078220020422242,6.055130806874947e-08,720,135,0,True,stage_timeout,2ebd5a46a509772b,0.6797712476931608,0.26995111394316706,61.85003132703557,0,0,0,0,False,False,10,10,0,0,0.0,0.0,0,0.0,0.0,nan,nan,delay_6_noise_0.0035,approach,True
arm5_distal_heavy,push_to_zone,delay_6_noise_0.0035,27006,capability_compiled,False,False,0.0,0.26946522934666106,0.26946522934666106,5.278671985684883e-11,720,135,0,True,stage_timeout,2ebd5a46a509772b,0.8650517491400231,0.28256076832302646,77.24720993434435,0,0,0,0,False,False,1,1,0,0,0.0,0.0,0,0.0,0.0,nan,nan,delay_6_noise_0.0035,approach,True
arm5_distal_heavy,push_to_zone,delay_6_noise_0.0035,27007,capability_compiled,False,False,0.0,0.24102318713937648,0.24102318713937648,3.2319286457478986e-08,720,135,0,True,stage_timeout,2ebd5a46a509772b,0.7472617633740817,0.2746166719093172,65.17637733184054,0,0,0,0,False,False,5,5,0,0,0.0,0.0,0,0.0,0.0,nan,nan,delay_6_noise_0.0035,approach,True
arm5_distal_heavy,push_to_zone,delay_6_noise_0.0035,27008,capability_compiled,False,False,0.0,0.24649262858627835,0.24649262858627835,6.493985754452148e-08,720,135,0,True,stage_timeout,2ebd5a46a509772b,0.8094874253441433,0.2797996848791834,76.79034904422068,0,0,0,0,False,False,1,1,0,0,0.0,0.0,0,0.0,0.0,nan,nan,delay_6_noise_0.0035,approach,True
arm5_distal_heavy,push_to_zone,delay_6_noise_0.0035,27009,capability_compiled,False,False,0.0,0.2576535551716559,0.2576535551716559,1.3771991399954258e-08,720,135,0,True,stage_timeout,2ebd5a46a509772b,0.8811085842564677,0.2873451209909885,76.64213129607319,0,0,0,0,False,False,1,1,0,0,0.0,0.0,0,0.0,0.0,nan,nan,delay_6_noise_0.0035,approach,True
arm5_distal_heavy,push_to_zone,delay_6_noise_0.0035,27010,capability_compiled,False,False,0.0,0.25510171650039715,0.25510171650039715,2.704619972318785e-08,720,135,0,True,stage_timeout,2ebd5a46a509772b,0.7971842852330964,0.2808315488199326,69.31839731058203,0,0,0,0,False,False,3,3,0,0,0.0,0.0,0,0.0,0.0,nan,nan,delay_6_noise_0.0035,approach,True
arm5_distal_heavy,push_to_zone,delay_6_noise_0.0035,27011,capability_compiled,False,False,0.0,0.26571706456560273,0.26571706456560273,0.12590822601957763,720,135,0,True,stage_timeout,2ebd5a46a509772b,0.7989102431516746,0.2823324219606813,69.44572678340646,0,0,0,0,False,False,4,4,0,0,0.0,0.0,0,0.0,0.0,nan,nan,delay_6_noise_0.0035,approach,True
arm5_distal_heavy,push_to_zone,delay_6_noise_0.0035,27012,capability_compiled,False,False,0.0,0.260463112186692,0.260463112186692,5.0532119135481484e-08,720,135,0,True,stage_timeout,2ebd5a46a509772b,0.8742150132122757,0.28687951035343356,79.6350568333408,0,0,0,0,False,False,1,1,0,0,0.0,0.0,0,0.0,0.0,nan,nan,delay_6_noise_0.0035,approach,True
arm5_distal_heavy,push_to_zone,delay_6_noise_0.0035,27013,capability_compiled,False,False,0.0,0.26457200182494156,0.26457200182494156,8.953467874107301e-08,720,135,0,True,stage_timeout,2ebd5a46a509772b,0.7461348590678738,0.2758243503529562,72.84827138530318,0,0,0,0,False,False,2,2,0,0,0.0,0.0,0,0.0,0.0,nan,nan,delay_6_noise_0.0035,approach,True
arm5_distal_heavy,push_to_zone,delay_6_noise_0.0035,27014,capability_compiled,False,False,0.0,0.26760554134471515,0.26760554134471515,1.2856227045893118e-08,720,135,0,True,stage_timeout,2ebd5a46a509772b,0.8720917235402275,0.28691525756125413,76.43979391877137,0,0,0,0,False,False,1,1,0,0,0.0,0.0,0,0.0,0.0,nan,nan,delay_6_noise_0.0035,approach,True
arm5_distal_heavy,push_to_zone,delay_6_noise_0.0035,27015,capability_compiled,False,False,0.0,0.23459808033725635,0.23459808033725635,2.2334276190243184e-11,720,135,0,True,stage_timeout,2ebd5a46a509772b,0.7614270655380486,0.2769009487548157,69.41697502165636,0,0,0,0,False,False,3,3,0,0,0.0,0.0,0,0.0,0.0,nan,nan,delay_6_noise_0.0035,approach,True
arm5_distal_heavy,push_to_zone,delay_6_noise_0.0035,27016,capability_compiled,False,False,0.0,0.23395364956786685,0.23395364956786685,3.24228850682168e-08,720,135,0,True,stage_timeout,2ebd5a46a509772b,0.8801981787773816,0.28465171271282785,85.74817242495503,0,0,0,0,False,False,0,0,0,0,0.0,0.0,0,0.0,0.0,nan,nan,delay_6_noise_0.0035,approach,True
arm5_distal_heavy,push_to_zone,delay_6_noise_0.0035,27017,capability_compiled,False,False,0.0,0.2466580842521609,0.2466580842521609,4.2309780551586005e-08,720,135,0,True,stage_timeout,2ebd5a46a509772b,0.8481804551746133,0.28201083715278713,85.37949184374048,0,0,0,0,False,False,0,0,0,0,0.0,0.0,0,0.0,0.0,nan,nan,delay_6_noise_0.0035,approach,True
arm5_distal_heavy,push_to_zone,delay_6_noise_0.0035,27018,capability_compiled,False,False,0.0,0.2769058188330991,0.2769058188330991,6.977222865476421e-11,720,135,0,True,stage_timeout,2ebd5a46a509772b,0.8260986762330709,0.2808361887809561,75.84069772249647,0,0,0,0,False,False,1,1,0,0,0.0,0.0,0,0.0,0.0,nan,nan,delay_6_noise_0.0035,approach,True
arm5_distal_heavy,push_to_zone,delay_6_noise_0.0035,27019,capability_compiled,False,False,0.0,0.2405916554135035,0.2405916554135035,1.198738285429236e-11,720,135,0,True,stage_timeout,2ebd5a46a509772b,0.8125509264880333,0.2787798576669805,79.44574330188891,0,0,0,0,False,False,1,1,0,0,0.0,0.0,0,0.0,0.0,nan,nan,delay_6_noise_0.0035,approach,True
arm5_distal_heavy,push_to_zone,delay_6_noise_0.0035,27020,capability_compiled,False,False,0.0,0.23416775760363845,0.23416775760363845,1.0026739209936121e-07,720,135,0,True,stage_timeout,2ebd5a46a509772b,0.8509645955968257,0.28067782513467815,85.51334798363266,0,0,0,0,False,False,0,0,0,0,0.0,0.0,0,0.0,0.0,nan,nan,delay_6_noise_0.0035,approach,True
arm5_distal_heavy,push_to_zone,delay_6_noise_0.0035,27021,capability_compiled,False,False,0.0,0.2569563196101795,0.2569563196101795,2.9656685842129637e-08,720,135,0,True,stage_timeout,2ebd5a46a509772b,0.8125159043603309,0.2789264738823383,83.92737513379628,0,0,0,0,False,False,1,1,0,0,0.0,0.0,0,0.0,0.0,nan,nan,delay_6_noise_0.0035,approach,True
arm5_distal_heavy,push_to_zone,delay_6_noise_0.0035,27022,capability_compiled,False,False,0.0,0.26185061877867677,0.26185061877867677,5.402415462242041e-11,720,135,0,True,stage_timeout,2ebd5a46a509772b,0.8863860982889509,0.28684094617573935,80.58746643631964,0,0,0,0,False,False,0,0,0,0,0.0,0.0,0,0.0,0.0,nan,nan,delay_6_noise_0.0035,approach,True
arm5_distal_heavy,push_to_zone,delay_6_noise_0.0035,27023,capability_compiled,False,False,0.0,0.2600919352967083,0.2600919352967083,5.655270826734154e-11,720,135,0,True,stage_timeout,2ebd5a46a509772b,0.8053406560812553,0.2796580673496823,74.33994532155181,0,0,0,0,False,False,2,2,0,0,0.0,0.0,0,0.0,0.0,nan,nan,delay_6_noise_0.0035,approach,True
arm5_distal_heavy,push_to_zone,delay_6_noise_0.0035,27024,capability_compiled,False,False,0.0,0.24957580193622603,0.24957580193622603,3.5315757911117834e-08,720,135,0,True,stage_timeout,2ebd5a46a509772b,0.7163768747594812,0.2722585404260662,65.09343135516725,0,0,0,0,False,False,7,7,0,0,0.0,0.0,0,0.0,0.0,nan,nan,delay_6_noise_0.0035,approach,True
arm5_weak_actuator,push_to_zone,delay_6_noise_0.0035,27001,capability_compiled,False,False,0.0,0.1953225944315621,0.1953225944315621,4.292337298352463e-09,720,135,0,True,stage_timeout,2ebd5a46a509772b,0.5128617352074567,0.2372260019947677,146.7548920822497,0,0,0,0,False,False,0,0,0,0,0.0,0.0,0,0.0,0.0,nan,nan,delay_6_noise_0.0035,approach,True
arm5_weak_actuator,push_to_zone,delay_6_noise_0.0035,27002,capability_compiled,False,False,0.0,0.20039863001980324,0.20039863001980324,5.565788583286874e-09,720,135,0,True,stage_timeout,2ebd5a46a509772b,0.45717763200397776,0.23033363924890435,155.99578670701848,0,0,0,0,False,False,0,0,0,0,0.0,0.0,0,0.0,0.0,nan,nan,delay_6_noise_0.0035,approach,True
arm5_weak_actuator,push_to_zone,delay_6_noise_0.0035,27003,capability_compiled,False,False,0.0,0.19330942700522658,0.19330942700522658,5.811076716180026e-08,720,135,0,True,stage_timeout,2ebd5a46a509772b,0.5363799853640274,0.23796215312561472,156.25040814559316,0,0,0,0,False,False,0,0,0,0,0.0,0.0,0,0.0,0.0,nan,nan,delay_6_noise_0.0035,approach,True
arm5_weak_actuator,push_to_zone,delay_6_noise_0.0035,27004,capability_compiled,False,False,0.0,0.21768026801454027,0.21768026801454027,9.393295488194636e-08,720,135,0,True,stage_timeout,2ebd5a46a509772b,0.48694675466495285,0.23406899426758115,152.98814724986613,0,0,0,0,False,False,0,0,0,0,0.0,0.0,0,0.0,0.0,nan,nan,delay_6_noise_0.0035,approach,True
arm5_weak_actuator,push_to_zone,delay_6_noise_0.0035,27005,capability_compiled,False,False,0.0,0.22955483471795068,0.22955483471795068,1.9210918582503995e-08,720,135,0,True,stage_timeout,2ebd5a46a509772b,0.3702871591084467,0.21770225230853757,161.79972446310455,0,0,0,0,False,False,0,0,0,0,0.0,0.0,0,0.0,0.0,nan,nan,delay_6_noise_0.0035,approach,True
arm5_weak_actuator,push_to_zone,delay_6_noise_0.0035,27006,capability_compiled,False,False,0.0,0.18280428734396992,0.18280428734396992,0.11636978847116917,720,135,0,True,stage_timeout,2ebd5a46a509772b,0.4955564816175051,0.22932170028058355,158.72362887812554,0,0,0,0,False,False,0,0,0,0,0.0,0.0,0,0.0,0.0,nan,nan,delay_6_noise_0.0035,approach,True
arm5_weak_actuator,push_to_zone,delay_6_noise_0.0035,27007,capability_compiled,False,False,0.0,0.21758477897015954,0.21758477897015954,1.3454898314588235e-07,720,135,0,True,stage_timeout,2ebd5a46a509772b,0.4661464076517112,0.22992440244644632,156.86423626582695,0,0,0,0,False,False,0,0,0,0,0.0,0.0,0,0.0,0.0,nan,nan,delay_6_noise_0.0035,approach,True
arm5_weak_actuator,push_to_zone,delay_6_noise_0.0035,27008,capability_compiled,False,False,0.0,0.16556035884963424,0.16556035884963424,2.190948898555708e-08,720,135,0,True,stage_timeout,2ebd5a46a509772b,0.508744244027223,0.23791961962456568,148.90720600628262,0,0,0,0,False,False,0,0,0,0,0.0,0.0,0,0.0,0.0,nan,nan,delay_6_noise_0.0035,approach,True
arm5_weak_actuator,push_to_zone,delay_6_noise_0.0035,27009,capability_compiled,False,False,0.0,0.19712578375573522,0.19712578375573522,8.77617334168318e-08,720,135,0,True,stage_timeout,2ebd5a46a509772b,0.5429924685038467,0.23827315965244997,157.27320782892758,0,0,0,0,False,False,0,0,0,0,0.0,0.0,0,0.0,0.0,nan,nan,delay_6_noise_0.0035,approach,True
arm5_weak_actuator,push_to_zone,delay_6_noise_0.0035,27010,capability_compiled,False,False,0.0,0.19554028840656254,0.19554028840656254,1.0616080591507098e-08,720,135,0,True,stage_timeout,2ebd5a46a509772b,0.4889858616702094,0.23242007151546354,158.13119434153117,0,0,0,0,False,False,0,0,0,0,0.0,0.0,0,0.0,0.0,nan,nan,delay_6_noise_0.0035,approach,True
arm5_weak_actuator,push_to_zone,delay_6_noise_0.0035,27011,capability_compiled,False,False,0.0,0.20525349527205736,0.20525349527205736,3.51464160622985e-06,720,135,0,True,stage_timeout,2ebd5a46a509772b,0.5402884931933216,0.2421148384145027,148.8740687417793,0,0,0,0,False,False,0,0,0,0,0.0,0.0,0,0.0,0.0,nan,nan,delay_6_noise_0.0035,approach,True
arm5_weak_actuator,push_to_zone,delay_6_noise_0.0035,27012,capability_compiled,False,False,0.0,0.1899967892430635,0.1899967892430635,4.1281491676098116e-11,720,135,0,True,stage_timeout,2ebd5a46a509772b,0.5431397335448938,0.24047971387925746,151.060383651335,0,0,0,0,False,False,0,0,0,0,0.0,0.0,0,0.0,0.0,nan,nan,delay_6_noise_0.0035,approach,True
arm5_weak_actuator,push_to_zone,delay_6_noise_0.0035,27013,capability_compiled,False,False,0.0,0.2024453839814215,0.2024453839814215,8.551441932566664e-08,720,135,0,True,stage_timeout,2ebd5a46a509772b,0.43578046800959447,0.22858723391070046,154.64264958642337,0,0,0,0,False,False,0,0,0,0,0.0,0.0,0,0.0,0.0,nan,nan,delay_6_noise_0.0035,approach,True
arm5_weak_actuator,push_to_zone,delay_6_noise_0.0035,27014,capability_compiled,False,False,0.0,0.1874133579829013,0.1874133579829013,7.245331575088204e-09,720,135,0,True,stage_timeout,2ebd5a46a509772b,0.562018933124079,0.2423018094969314,153.77381711703308,0,0,0,0,False,False,0,0,0,0,0.0,0.0,0,0.0,0.0,nan,nan,delay_6_noise_0.0035,approach,True
arm5_weak_actuator,push_to_zone,delay_6_noise_0.0035,27015,capability_compiled,False,False,0.0,0.2013690646317442,0.2013690646317442,1.5619281980352204e-10,720,135,0,True,stage_timeout,2ebd5a46a509772b,0.4855945814421294,0.2347311876056636,153.5847692268845,0,0,0,0,False,False,0,0,0,0,0.0,0.0,0,0.0,0.0,nan,nan,delay_6_noise_0.0035,approach,True
arm5_weak_actuator,push_to_zone,delay_6_noise_0.0035,27016,capability_compiled,False,False,0.0,0.17713970672486576,0.17713970672486576,1.9029460739174166e-08,720,135,0,True,stage_timeout,2ebd5a46a509772b,0.5358319882584,0.23488048119076482,160.9686679076869,0,0,0,0,False,False,0,0,0,0,0.0,0.0,0,0.0,0.0,nan,nan,delay_6_noise_0.0035,approach,True
arm5_weak_actuator,push_to_zone,delay_6_noise_0.0035,27017,capability_compiled,False,False,0.0,0.15495690268917778,0.15495690268917778,2.723555130260501e-08,720,135,0,True,stage_timeout,2ebd5a46a509772b,0.5294964382018703,0.23614906719022694,153.80133088057823,0,0,0,0,False,False,0,0,0,0,0.0,0.0,0,0.0,0.0,nan,nan,delay_6_noise_0.0035,approach,True
arm5_weak_actuator,push_to_zone,delay_6_noise_0.0035,27018,capability_compiled,False,False,0.0,0.18338531501327004,0.18338531501327004,4.5059433561121096e-11,720,135,0,True,stage_timeout,2ebd5a46a509772b,0.47445223324981356,0.23063422450323431,155.67984089383083,0,0,0,0,False,False,0,0,0,0,0.0,0.0,0,0.0,0.0,nan,nan,delay_6_noise_0.0035,approach,True
arm5_weak_actuator,push_to_zone,delay_6_noise_0.0035,27019,capability_compiled,False,False,0.0,0.16686535289139934,0.16686535289139934,2.974463212576538e-11,720,135,0,True,stage_timeout,2ebd5a46a509772b,0.5018272993307824,0.23487824783154151,153.441153942421,0,0,0,0,False,False,0,0,0,0,0.0,0.0,0,0.0,0.0,nan,nan,delay_6_noise_0.0035,approach,True
arm5_weak_actuator,push_to_zone,delay_6_noise_0.0035,27020,capability_compiled,False,False,0.0,0.19177788001615473,0.19177788001615473,3.61622639947885e-08,720,135,0,True,stage_timeout,2ebd5a46a509772b,0.5039122107344141,0.22987923336831728,162.16043764119763,0,0,0,0,False,False,0,0,0,0,0.0,0.0,0,0.0,0.0,nan,nan,delay_6_noise_0.0035,approach,True
arm5_weak_actuator,push_to_zone,delay_6_noise_0.0035,27021,capability_compiled,False,False,0.0,0.19478121099607248,0.19478121099607248,1.1461900095274296e-10,720,135,0,True,stage_timeout,2ebd5a46a509772b,0.4714386323614579,0.2303809836395222,156.88082370051646,0,0,0,0,False,False,0,0,0,0,0.0,0.0,0,0.0,0.0,nan,nan,delay_6_noise_0.0035,approach,True
arm5_weak_actuator,push_to_zone,delay_6_noise_0.0035,27022,capability_compiled,False,False,0.0,0.1740477877436244,0.1740477877436244,5.962018089634612e-11,720,135,0,True,stage_timeout,2ebd5a46a509772b,0.5450531966147167,0.23939047388114734,152.25751402535573,0,0,0,0,False,False,0,0,0,0,0.0,0.0,0,0.0,0.0,nan,nan,delay_6_noise_0.0035,approach,True
arm5_weak_actuator,push_to_zone,delay_6_noise_0.0035,27023,capability_compiled,False,False,0.0,0.17589699691595084,0.17589699691595084,4.656812619563588e-11,720,135,0,True,stage_timeout,2ebd5a46a509772b,0.4997466835853004,0.2358970320193262,152.1342318393741,0,0,0,0,False,False,0,0,0,0,0.0,0.0,0,0.0,0.0,nan,nan,delay_6_noise_0.0035,approach,True
arm5_weak_actuator,push_to_zone,delay_6_noise_0.0035,27024,capability_compiled,False,False,0.0,0.22978726189018547,0.22978726189018547,6.861328816915124e-07,720,135,0,True,stage_timeout,2ebd5a46a509772b,0.34192154368719496,0.20829174372609716,173.02604296598798,0,0,0,0,False,False,0,0,0,0,0.0,0.0,0,0.0,0.0,nan,nan,delay_6_noise_0.0035,approach,True
arm5_posture_shifted,push_to_zone,delay_6_noise_0.0035,27001,capability_compiled,False,False,0.0,0.26779425884274555,0.26779425884274555,6.718720792643833e-08,720,135,0,True,stage_timeout,2ebd5a46a509772b,0.757729391217099,0.27975722891775984,143.91655064967122,0,0,0,0,False,False,0,0,0,0,0.0,0.0,0,0.0,0.0,nan,nan,delay_6_noise_0.0035,approach,True
arm5_posture_shifted,push_to_zone,delay_6_noise_0.0035,27002,capability_compiled,False,False,0.0,0.5157228662679785,0.5157228662679785,0.3243298606228851,720,135,0,True,stage_timeout,2ebd5a46a509772b,0.7381666097457931,0.2834259663156482,148.90531355212707,0,0,0,0,False,False,0,0,0,0,0.0,0.0,0,0.0,0.0,nan,nan,delay_6_noise_0.0035,approach,True
arm5_posture_shifted,push_to_zone,delay_6_noise_0.0035,27003,capability_compiled,False,False,0.0,0.22538966769132424,0.22538966769132424,0.16398148568478324,720,135,0,True,stage_timeout,2ebd5a46a509772b,0.8113372830310297,0.2853382991954392,150.06505147697868,0,0,0,0,False,False,0,0,0,0,0.0,0.0,0,0.0,0.0,nan,nan,delay_6_noise_0.0035,approach,True
arm5_posture_shifted,push_to_zone,delay_6_noise_0.0035,27004,capability_compiled,False,False,0.0,0.23923874354272248,0.23923874354272248,2.4580468087825376e-07,720,135,0,True,stage_timeout,2ebd5a46a509772b,0.745768944007748,0.2828411065072342,148.35786388116094,0,0,0,0,False,False,0,0,0,0,0.0,0.0,0,0.0,0.0,nan,nan,delay_6_noise_0.0035,approach,True
arm5_posture_shifted,push_to_zone,delay_6_noise_0.0035,27005,capability_compiled,False,False,0.0,0.515184379765874,0.515184379765874,0.3299771643531346,720,135,0,True,stage_timeout,2ebd5a46a509772b,0.7206141036030691,0.28267614111156586,149.58992069454294,0,0,0,0,False,False,0,0,0,0,0.0,0.0,0,0.0,0.0,nan,nan,delay_6_noise_0.0035,approach,True
arm5_posture_shifted,push_to_zone,delay_6_noise_0.0035,27006,capability_compiled,False,False,0.0,0.2669419244274663,0.2669419244274663,2.5663128358320587e-11,720,135,0,True,stage_timeout,2ebd5a46a509772b,0.7960762013170974,0.2842885252768854,154.55948899978154,0,0,0,0,False,False,0,0,0,0,0.0,0.0,0,0.0,0.0,nan,nan,delay_6_noise_0.0035,approach,True
arm5_posture_shifted,push_to_zone,delay_6_noise_0.0035,27007,capability_compiled,False,False,0.0,0.26409956277551794,0.26409956277551794,0.1022379720768829,720,135,0,True,stage_timeout,2ebd5a46a509772b,0.7604039355859213,0.2840454356768437,148.19163209711144,0,0,0,0,False,False,0,0,0,0,0.0,0.0,0,0.0,0.0,nan,nan,delay_6_noise_0.0035,approach,True
arm5_posture_shifted,push_to_zone,delay_6_noise_0.0035,27008,capability_compiled,False,False,0.0,0.5350803278850547,0.5350803278850547,0.3453427145703045,720,135,0,True,stage_timeout,2ebd5a46a509772b,0.7423578531872819,0.2800325494354804,144.1120323452583,0,0,0,0,False,False,0,0,0,0,0.0,0.0,0,0.0,0.0,nan,nan,delay_6_noise_0.0035,approach,True
arm5_posture_shifted,push_to_zone,delay_6_noise_0.0035,27009,capability_compiled,False,False,0.0,0.6293755728869338,0.6293755728869338,0.5018854118336851,720,135,0,True,stage_timeout,2ebd5a46a509772b,0.8214378824362312,0.28590186368832926,150.80347080090317,0,0,0,0,False,False,0,0,0,0,0.0,0.0,0,0.0,0.0,nan,nan,delay_6_noise_0.0035,approach,True
arm5_posture_shifted,push_to_zone,delay_6_noise_0.0035,27010,capability_compiled,False,False,0.0,0.3709762347302835,0.3709762347302835,0.4050807264836443,720,135,0,True,stage_timeout,2ebd5a46a509772b,0.7777074595589588,0.2858378540583917,151.75335209698264,0,0,0,0,False,False,0,0,0,0,0.0,0.0,0,0.0,0.0,nan,nan,delay_6_noise_0.0035,approach,True
arm5_posture_shifted,push_to_zone,delay_6_noise_0.0035,27011,capability_compiled,False,False,0.0,0.22975448459077683,0.22975448459077683,0.17872417401661267,720,135,0,True,stage_timeout,2ebd5a46a509772b,0.7427073460397691,0.2824848622553759,146.7583354010373,0,0,0,0,False,False,0,0,0,0,0.0,0.0,0,0.0,0.0,nan,nan,delay_6_noise_0.0035,approach,True
arm5_posture_shifted,push_to_zone,delay_6_noise_0.0035,27012,capability_compiled,False,False,0.0,0.5046777628455802,0.5046777628455802,0.3195857266760966,720,135,0,True,stage_timeout,2ebd5a46a509772b,0.7904736700128523,0.2832467686613067,147.2906176574404,0,0,0,0,False,False,0,0,0,0,0.0,0.0,0,0.0,0.0,nan,nan,delay_6_noise_0.0035,approach,True
arm5_posture_shifted,push_to_zone,delay_6_noise_0.0035,27013,capability_compiled,False,False,0.0,0.6706271521433663,0.6706271521433663,0.5123891489893936,720,135,0,True,stage_timeout,2ebd5a46a509772b,0.7206021564679816,0.2810004191454758,146.57017986719083,0,0,0,0,False,False,0,0,0,0,0.0,0.0,0,0.0,0.0,nan,nan,delay_6_noise_0.0035,approach,True
arm5_posture_shifted,push_to_zone,delay_6_noise_0.0035,27014,capability_compiled,False,False,0.0,0.42926832589555597,0.42926832589555597,0.5825212226010378,720,135,0,True,stage_timeout,2ebd5a46a509772b,0.8073034915501949,0.2848080468434443,149.36132354807378,0,0,0,0,False,False,0,0,0,0,0.0,0.0,0,0.0,0.0,nan,nan,delay_6_noise_0.0035,approach,True
arm5_posture_shifted,push_to_zone,delay_6_noise_0.0035,27015,capability_compiled,False,False,0.0,0.675999548609357,0.675999548609357,0.5543637180537268,720,135,0,True,stage_timeout,2ebd5a46a509772b,0.743395214680445,0.2838167849655846,148.71172857923895,0,0,0,0,False,False,0,0,0,0,0.0,0.0,0,0.0,0.0,nan,nan,delay_6_noise_0.0035,approach,True
arm5_posture_shifted,push_to_zone,delay_6_noise_0.0035,27016,capability_compiled,False,False,0.0,0.19354496115069927,0.19354496115069927,0.14149534521728094,720,135,0,True,stage_timeout,2ebd5a46a509772b,0.8398401000019335,0.28695421181641384,156.64282401927085,0,0,0,0,False,False,0,0,0,0,0.0,0.0,0,0.0,0.0,nan,nan,delay_6_noise_0.0035,approach,True
arm5_posture_shifted,push_to_zone,delay_6_noise_0.0035,27017,capability_compiled,False,False,0.0,0.28198190545349533,0.28198190545349533,1.2827185473808078e-08,720,135,0,True,stage_timeout,2ebd5a46a509772b,0.7854331998288488,0.2841449068044719,151.35304939676757,0,0,0,0,False,False,0,0,0,0,0.0,0.0,0,0.0,0.0,nan,nan,delay_6_noise_0.0035,approach,True
arm5_posture_shifted,push_to_zone,delay_6_noise_0.0035,27018,capability_compiled,False,False,0.0,0.2577592093166088,0.2577592093166088,7.001158582761532e-08,720,135,0,True,stage_timeout,2ebd5a46a509772b,0.7676782244034897,0.2826962977125239,148.86783362702994,0,0,0,0,False,False,0,0,0,0,0.0,0.0,0,0.0,0.0,nan,nan,delay_6_noise_0.0035,approach,True
arm5_posture_shifted,push_to_zone,delay_6_noise_0.0035,27019,capability_compiled,False,False,0.0,0.528125458743352,0.528125458743352,0.3395466292497759,720,135,0,True,stage_timeout,2ebd5a46a509772b,0.767557640757115,0.283103593336166,148.48081524087817,0,0,0,0,False,False,0,0,0,0,0.0,0.0,0,0.0,0.0,nan,nan,delay_6_noise_0.0035,approach,True
arm5_posture_shifted,push_to_zone,delay_6_noise_0.0035,27020,capability_compiled,False,False,0.0,0.4712961703516788,0.4712961703516788,0.3281092588618868,720,135,0,True,stage_timeout,2ebd5a46a509772b,0.821287136539087,0.28638302743571764,156.71195926587657,0,0,0,0,False,False,0,0,0,0,0.0,0.0,0,0.0,0.0,nan,nan,delay_6_noise_0.0035,approach,True
arm5_posture_shifted,push_to_zone,delay_6_noise_0.0035,27021,capability_compiled,False,False,0.0,0.26543992024806085,0.26543992024806085,6.509016430638075e-11,720,135,0,True,stage_timeout,2ebd5a46a509772b,0.7582512706534152,0.2839885194423602,152.7374840263075,0,0,0,0,False,False,0,0,0,0,0.0,0.0,0,0.0,0.0,nan,nan,delay_6_noise_0.0035,approach,True
arm5_posture_shifted,push_to_zone,delay_6_noise_0.0035,27022,capability_compiled,False,False,0.0,0.5258852092311289,0.5258852092311289,0.32354796417164144,720,135,0,True,stage_timeout,2ebd5a46a509772b,0.7995279990936677,0.28248544693408534,147.83483243073866,0,0,0,0,False,False,0,0,0,0,0.0,0.0,0,0.0,0.0,nan,nan,delay_6_noise_0.0035,approach,True
arm5_posture_shifted,push_to_zone,delay_6_noise_0.0035,27023,capability_compiled,False,False,0.0,0.5949055241338204,0.5949055241338204,0.44326527306195984,720,135,0,True,stage_timeout,2ebd5a46a509772b,0.7515109879539295,0.28187464769179765,146.81603083288698,0,0,0,0,False,False,0,0,0,0,0.0,0.0,0,0.0,0.0,nan,nan,delay_6_noise_0.0035,approach,True
arm5_posture_shifted,push_to_zone,delay_6_noise_0.0035,27024,capability_compiled,False,False,0.0,0.2619344304426595,0.2619344304426595,5.93202361975101e-11,720,135,0,True,stage_timeout,2ebd5a46a509772b,0.7684587705031025,0.28684141611171876,158.16740944547612,0,0,0,0,False,False,0,0,0,0,0.0,0.0,0,0.0,0.0,nan,nan,delay_6_noise_0.0035,approach,True
